week,game_num,matchup,kickoff_local,venue,home_team,away_team,open_spread_home,open_spread_away,circa_spread_home,circa_spread_away,current_spread_home,current_spread_away,closing_spread_home,closing_spread_away,line_value_current_home,line_value_current_away,line_value_closing_home,line_value_closing_away,line_value_home,line_value_away,off_epa_per_play_home,off_epa_per_play_away,def_epa_per_play_home,def_epa_per_play_away,total_dvoa_home,total_dvoa_away,off_dvoa_home,off_dvoa_away,def_dvoa_home,def_dvoa_away,st_dvoa_home,st_dvoa_away,rest_days_home,rest_days_away,rest_days_diff,injuries_key_home,injuries_key_away,weather_notes,circa_spread_price_home,circa_spread_price_away
1,1,ARI @ NO,1:00 PM,,NO,ARI,,,,,5.5,-5.5,,,,,,,,,,,,,-11.0,3.0,-3.9,0.3,-6.8,-3.2,-0.3,0.7,6,6,0,,,,,
1,2,CAR @ JAX,1:00 PM,,JAX,CAR,,,,,-2.5,2.5,,,,,,,,,,,,,-0.6,-22.1,-2.6,-10.7,-1.8,-12.0,0.2,-0.7,6,6,0,,,,,
1,3,CIN @ CLE,1:00 PM,,CLE,CIN,,,,,8.5,-8.5,,,,,,,,,,,,,-13.7,5.3,-8.4,0.7,-5.3,2.7,0.0,0.7,6,6,0,,,,,
1,4,LV @ NE,1:00 PM,,NE,LV,,,,,-3.0,3.0,,,,,,,,,,,,,-7.9,-2.9,-8.7,8.3,1.6,-2.2,-0.5,0.6,6,6,0,,,,,
1,5,MIA @ IND,1:00 PM,,IND,MIA,,,,,-1.5,1.5,,,,,,,,,,,,,-8.3,1.6,-2.4,4.3,-5.9,5.8,-0.4,0.4,6,6,0,,,,,
1,6,NYG @ WSH,1:00 PM,,WSH,NYG,,,,,0.0,0.0,,,,,,,,,,,,,15.9,-17.4,15.2,-3.1,0.1,-14.4,0.8,0.1,6,6,0,,,,,
1,7,PIT @ NYJ,1:00 PM,,NYJ,PIT,,,,,3.0,-3.0,,,,,,,,,,,,,-19.3,-4.6,-3.2,-4.3,-14.0,1.5,-2.4,0.1,6,6,0,,,,,
1,8,TB @ ATL,1:00 PM,,ATL,TB,,,,,5.5,-5.5,,,,,,,,,,,,,-4.3,3.8,3.8,7.4,7.4,2.2,-0.7,-1.4,6,6,0,,,,,
1,9,SF @ SEA,4:05 PM,,SEA,SF,,,,,4.5,-4.5,,,,,,,,,,,,,-4.6,13.7,3.1,15.1,-7.5,-0.3,-0.7,-1.9,6,6,0,,,,,
1,10,TEN @ DEN,4:05 PM,,DEN,TEN,,,,,-7.5,7.5,,,,,,,,,,,,,5.4,-17.4,-1.3,-4.1,-7.0,-13.3,-0.3,0.0,6,6,0,,,,,
1,11,DET @ GB,4:25 PM,,GB,DET,,,,,2.5,-2.5,,,,,,,,,,,,,6.3,20.4,4.5,19.4,1.4,1.4,0.4,-0.3,6,6,0,,,,,
1,12,HOU @ LAR,4:25 PM,,LAR,HOU,,,,,-2.5,2.5,,,,,,,,,,,,,4.8,0.5,6.5,-4.3,-1.7,-4.5,-0.2,0.1,6,6,0,,,,,
1,13,KC @ LAC,8:00 PM,,LAC,KC,,,,,4.5,-4.5,,,,,,,,,,,,,-4.6,15.9,0.9,11.6,5.1,-2.9,0.4,1.9,6,6,0,,,,,
1,14,MIN @ CHI,8:15 PM,,CHI,MIN,,,,,2.5,-2.5,,,,,,,,,,,,,-4.2,0.0,-2.4,-10.7,-2.0,10.7,-1.6,0.3,6,6,0,,,,,
1,15,BAL @ BUF,8:20 PM,,BUF,BAL,,,,,-1.5,1.5,,,,,,,,,,,,,19.3,24.1,16.8,14.9,-2.9,5.1,-0.4,1.1,6,6,0,,,,,
1,16,DAL @ PHI,8:20 PM,,PHI,DAL,,,,,-4.5,4.5,,,,,,,,,,,,,11.0,-4.8,6.3,-2.3,1.8,1.7,2.2,-0.3,6,6,0,,,,,
2,1,LAC @ LV,10:00 PM,,LV,LAC,,,,,6.5,-6.5,,,,,,,,,,,,,-2.9,-4.6,8.3,0.9,-2.2,5.1,0.6,0.4,6,6,0,,,,,
2,2,BUF @ NYJ,1:00 PM,,NYJ,BUF,,,,,9.5,-9.5,,,,,,,,,,,,,-19.3,19.3,-3.2,16.8,-14.0,-2.9,-2.4,-0.4,6,6,0,,,,,
2,3,CHI @ DET,1:00 PM,,DET,CHI,,,,,-1.5,1.5,,,,,,,,,,,,,20.4,-4.2,19.4,-2.4,1.4,-2.0,-0.3,-1.6,6,6,0,,,,,
2,4,CLE @ BAL,1:00 PM,,BAL,CLE,,,,,-8.5,8.5,,,,,,,,,,,,,24.1,-13.7,14.9,-8.4,5.1,-5.3,1.1,0.0,6,6,0,,,,,
2,5,JAX @ CIN,1:00 PM,,CIN,JAX,,,,,-5.5,5.5,,,,,,,,,,,,,5.3,-0.6,0.7,-2.6,2.7,-1.8,0.7,0.2,6,6,0,,,,,
2,6,LAR @ TEN,1:00 PM,,TEN,LAR,,,,,5.5,-5.5,,,,,,,,,,,,,-17.4,4.8,-4.1,6.5,-13.3,-1.7,0.0,-0.2,6,6,0,,,,,
2,7,NE @ MIA,1:00 PM,,MIA,NE,,,,,2.5,-2.5,,,,,,,,,,,,,1.6,-7.9,4.3,-8.7,5.8,1.6,0.4,-0.5,6,6,0,,,,,
2,8,NYG @ DAL,1:00 PM,,DAL,NYG,,,,,-1.5,1.5,,,,,,,,,,,,,-4.8,-17.4,-2.3,-3.1,1.7,-14.4,-0.3,0.1,6,6,0,,,,,
2,9,SEA @ PIT,1:00 PM,,PIT,SEA,,,,,-2.5,2.5,,,,,,,,,,,,,-4.6,-4.6,-4.3,3.1,1.5,-7.5,0.1,-0.7,6,6,0,,,,,
2,10,SF @ NO,1:00 PM,,NO,SF,,,,,7.0,-7.0,,,,,,,,,,,,,-11.0,13.7,-3.9,15.1,-6.8,-0.3,-0.3,-1.9,6,6,0,,,,,
2,11,CAR @ ARI,4:05 PM,,ARI,CAR,,,,,-4.5,4.5,,,,,,,,,,,,,3.0,-22.1,0.3,-10.7,-3.2,-12.0,0.7,-0.7,6,6,0,,,,,
2,12,DEN @ IND,4:05 PM,,IND,DEN,,,,,3.5,-3.5,,,,,,,,,,,,,-8.3,5.4,-2.4,-1.3,-5.9,-7.0,-0.4,-0.3,6,6,0,,,,,
2,13,PHI @ KC,4:25 PM,,KC,PHI,,,,,-1.5,1.5,,,,,,,,,,,,,15.9,11.0,11.6,6.3,-2.9,1.8,1.9,2.2,6,6,0,,,,,
2,14,TB @ HOU,7:00 PM,,HOU,TB,,,,,-1.5,1.5,,,,,,,,,,,,,0.5,3.8,-4.3,7.4,-4.5,2.2,0.1,-1.4,6,6,0,,,,,
2,15,WSH @ GB,8:15 PM,,GB,WSH,,,,,0.0,0.0,,,,,,,,,,,,,6.3,15.9,4.5,15.2,1.4,0.1,0.4,0.8,6,6,0,,,,,
2,16,ATL @ MIN,8:20 PM,,MIN,ATL,,,,,-4.5,4.5,,,,,,,,,,,,,0.0,-4.3,-10.7,3.8,10.7,7.4,0.3,-0.7,6,6,0,,,,,
3,1,ATL @ CAR,1:00 PM,,CAR,ATL,,,,,3.0,-3.0,,,,,,,,,,,,,-22.1,-4.3,-10.7,3.8,-12.0,7.4,-0.7,-0.7,6,6,0,,,,,
3,2,CIN @ MIN,1:00 PM,,MIN,CIN,,,,,-1.5,1.5,,,,,,,,,,,,,0.0,5.3,-10.7,0.7,10.7,2.7,0.3,0.7,6,6,0,,,,,
3,3,GB @ CLE,1:00 PM,,CLE,GB,,,,,5.5,-5.5,,,,,,,,,,,,,-13.7,6.3,-8.4,4.5,-5.3,1.4,0.0,0.4,6,6,0,,,,,
3,4,HOU @ JAX,1:00 PM,,JAX,HOU,,,,,3.5,-3.5,,,,,,,,,,,,,-0.6,0.5,-2.6,-4.3,-1.8,-4.5,0.2,0.1,6,6,0,,,,,
3,5,IND @ TEN,1:00 PM,,TEN,IND,,,,,3.5,-3.5,,,,,,,,,,,,,-17.4,-8.3,-4.1,-2.4,-13.3,-5.9,0.0,-0.4,6,6,0,,,,,
3,6,LAR @ PHI,1:00 PM,,PHI,LAR,,,,,-4.5,4.5,,,,,,,,,,,,,11.0,4.8,6.3,6.5,1.8,-1.7,2.2,-0.2,6,6,0,,,,,
3,7,LV @ WSH,1:00 PM,,WSH,LV,,,,,0.0,0.0,,,,,,,,,,,,,15.9,-2.9,15.2,8.3,0.1,-2.2,0.8,0.6,6,6,0,,,,,
3,8,NYJ @ TB,1:00 PM,,TB,NYJ,,,,,-7.5,7.5,,,,,,,,,,,,,3.8,-19.3,7.4,-3.2,2.2,-14.0,-1.4,-2.4,6,6,0,,,,,
3,9,PIT @ NE,1:00 PM,,NE,PIT,,,,,-1.5,1.5,,,,,,,,,,,,,-7.9,-4.6,-8.7,-4.3,1.6,1.5,-0.5,0.1,6,6,0,,,,,
3,10,DEN @ LAC,4:05 PM,,LAC,DEN,,,,,2.5,-2.5,,,,,,,,,,,,,-4.6,5.4,0.9,-1.3,5.1,-7.0,0.4,-0.3,6,6,0,,,,,
3,11,NO @ SEA,4:05 PM,,SEA,NO,,,,,-6.5,6.5,,,,,,,,,,,,,-4.6,-11.0,3.1,-3.9,-7.5,-6.8,-0.7,-0.3,6,6,0,,,,,
3,12,ARI @ SF,4:25 PM,,SF,ARI,,,,,-1.5,1.5,,,,,,,,,,,,,13.7,3.0,15.1,0.3,-0.3,-3.2,-1.9,0.7,6,6,0,,,,,
3,13,DAL @ CHI,4:25 PM,,CHI,DAL,,,,,-3.0,3.0,,,,,,,,,,,,,-4.2,-4.8,-2.4,-2.3,-2.0,1.7,-1.6,-0.3,6,6,0,,,,,
3,14,DET @ BAL,8:15 PM,,BAL,DET,,,,,-3.5,3.5,,,,,,,,,,,,,24.1,20.4,14.9,19.4,5.1,1.4,1.1,-0.3,6,6,0,,,,,
3,15,MIA @ BUF,8:15 PM,,BUF,MIA,,,,,-5.5,5.5,,,,,,,,,,,,,19.3,1.6,16.8,4.3,-2.9,5.8,-0.4,0.4,6,6,0,,,,,
3,16,KC @ NYG,8:20 PM,,NYG,KC,,,,,6.5,-6.5,,,,,,,,,,,,,-17.4,15.9,-3.1,11.6,-14.4,-2.9,0.1,1.9,6,6,0,,,,,
4,1,CAR @ NE,1:00 PM,,NE,CAR,,,,,-3.5,3.5,,,,,,,,,,,,,-7.9,-22.1,-8.7,-10.7,1.6,-12.0,-0.5,-0.7,6,6,0,,,,,
4,2,CLE @ DET,1:00 PM,,DET,CLE,,,,,-10.5,10.5,,,,,,,,,,,,,20.4,-13.7,19.4,-8.4,1.4,-5.3,-0.3,0.0,6,6,0,,,,,
4,3,LAC @ NYG,1:00 PM,,NYG,LAC,,,,,3.5,-3.5,,,,,,,,,,,,,-17.4,-4.6,-3.1,0.9,-14.4,5.1,0.1,0.4,6,6,0,,,,,
4,4,NO @ BUF,1:00 PM,,BUF,NO,,,,,-12.5,12.5,,,,,,,,,,,,,19.3,-11.0,16.8,-3.9,-2.9,-6.8,-0.4,-0.3,6,6,0,,,,,
4,5,PHI @ TB,1:00 PM,,TB,PHI,,,,,2.5,-2.5,,,,,,,,,,,,,3.8,11.0,7.4,6.3,2.2,1.8,-1.4,2.2,6,6,0,,,,,
4,6,TEN @ HOU,1:00 PM,,HOU,TEN,,,,,-3.0,3.0,,,,,,,,,,,,,0.5,-17.4,-4.3,-4.1,-4.5,-13.3,0.1,0.0,6,6,0,,,,,
4,7,WSH @ ATL,1:00 PM,,ATL,WSH,,,,,0.0,0.0,,,,,,,,,,,,,-4.3,15.9,3.8,15.2,7.4,0.1,-0.7,0.8,6,6,0,,,,,
4,8,IND @ LAR,4:05 PM,,LAR,IND,,,,,-6.5,6.5,,,,,,,,,,,,,4.8,-8.3,6.5,-2.4,-1.7,-5.9,-0.2,-0.4,6,6,0,,,,,
4,9,JAX @ SF,4:05 PM,,SF,JAX,,,,,-5.5,5.5,,,,,,,,,,,,,13.7,-0.6,15.1,-2.6,-0.3,-1.8,-1.9,0.2,6,6,0,,,,,
4,10,BAL @ KC,4:25 PM,,KC,BAL,,,,,-1.5,1.5,,,,,,,,,,,,,15.9,24.1,11.6,14.9,-2.9,5.1,1.9,1.1,6,6,0,,,,,
4,11,CHI @ LV,4:25 PM,,LV,CHI,,,,,1.5,-1.5,,,,,,,,,,,,,-2.9,-4.2,8.3,-2.4,-2.2,-2.0,0.6,-1.6,6,6,0,,,,,
4,12,NYJ @ MIA,7:15 PM,,MIA,NYJ,,,,,-1.5,1.5,,,,,,,,,,,,,1.6,-19.3,4.3,-3.2,5.8,-14.0,0.4,-2.4,6,6,0,,,,,
4,13,CIN @ DEN,8:15 PM,,DEN,CIN,,,,,-2.5,2.5,,,,,,,,,,,,,5.4,5.3,-1.3,0.7,-7.0,2.7,-0.3,0.7,6,6,0,,,,,
4,14,SEA @ ARI,8:15 PM,,ARI,SEA,,,,,1.5,-1.5,,,,,,,,,,,,,3.0,-4.6,0.3,3.1,-3.2,-7.5,0.7,-0.7,6,6,0,,,,,
4,15,GB @ DAL,8:20 PM,,DAL,GB,,,,,1.5,-1.5,,,,,,,,,,,,,-4.8,6.3,-2.3,4.5,1.7,1.4,-0.3,0.4,6,6,0,,,,,
4,16,MIN @ PIT,9:30 AM,,PIT,MIN,,,,,1.5,-1.5,,,,,,,,,,,,,-4.6,0.0,-4.3,-10.7,1.5,10.7,0.1,0.3,6,6,0,,,,,
5,1,DAL @ NYJ,1:00 PM,,NYJ,DAL,,,,,2.5,-2.5,,,,,,,,,,,,,-19.3,-4.8,-3.2,-2.3,-14.0,1.7,-2.4,-0.3,6,6,0,,,,,
5,2,DEN @ PHI,1:00 PM,,PHI,DEN,,,,,-4.5,4.5,,,,,,,,,,,,,11.0,5.4,6.3,-1.3,1.8,-7.0,2.2,-0.3,6,6,0,,,,,
5,3,HOU @ BAL,1:00 PM,,BAL,HOU,,,,,-7.5,7.5,,,,,,,,,,,,,24.1,0.5,14.9,-4.3,5.1,-4.5,1.1,0.1,6,6,0,,,,,
5,4,LV @ IND,1:00 PM,,IND,LV,,,,,-1.5,1.5,,,,,,,,,,,,,-8.3,-2.9,-2.4,8.3,-5.9,-2.2,-0.4,0.6,6,6,0,,,,,
5,5,MIA @ CAR,1:00 PM,,CAR,MIA,,,,,1.5,-1.5,,,,,,,,,,,,,-22.1,1.6,-10.7,4.3,-12.0,5.8,-0.7,0.4,6,6,0,,,,,
5,6,NYG @ NO,1:00 PM,,NO,NYG,,,,,1.5,-1.5,,,,,,,,,,,,,-11.0,-17.4,-3.9,-3.1,-6.8,-14.4,-0.3,0.1,6,6,0,,,,,
5,7,TB @ SEA,4:05 PM,,SEA,TB,,,,,1.5,-1.5,,,,,,,,,,,,,-4.6,3.8,3.1,7.4,-7.5,2.2,-0.7,-1.4,6,6,0,,,,,
5,8,TEN @ ARI,4:05 PM,,ARI,TEN,,,,,-5.5,5.5,,,,,,,,,,,,,3.0,-17.4,0.3,-4.1,-3.2,-13.3,0.7,0.0,6,6,0,,,,,
5,9,DET @ CIN,4:25 PM,,CIN,DET,,,,,1.5,-1.5,,,,,,,,,,,,,5.3,20.4,0.7,19.4,2.7,1.4,0.7,-0.3,6,6,0,,,,,
5,10,WSH @ LAC,4:25 PM,,LAC,WSH,,,,,0.0,0.0,,,,,,,,,,,,,-4.6,15.9,0.9,15.2,5.1,0.1,0.4,0.8,6,6,0,,,,,
5,11,KC @ JAX,8:15 PM,,JAX,KC,,,,,4.5,-4.5,,,,,,,,,,,,,-0.6,15.9,-2.6,11.6,-1.8,-2.9,0.2,1.9,6,6,0,,,,,
5,12,SF @ LAR,8:15 PM,,LAR,SF,,,,,1.5,-1.5,,,,,,,,,,,,,4.8,13.7,6.5,15.1,-1.7,-0.3,-0.2,-1.9,6,6,0,,,,,
5,13,NE @ BUF,8:20 PM,,BUF,NE,,,,,-4.5,4.5,,,,,,,,,,,,,19.3,-7.9,16.8,-8.7,-2.9,1.6,-0.4,-0.5,6,6,0,,,,,
5,14,MIN @ CLE,9:30 AM,,CLE,MIN,,,,,6.75,-6.75,,,,,,,,,,,,,-13.7,0.0,-8.4,-10.7,-5.3,10.7,0.0,0.3,6,6,0,,,,,
6,1,ARI @ IND,1:00 PM,,IND,ARI,,,,,1.5,-1.5,,,,,,,,,,,,,-8.3,3.0,-2.4,0.3,-5.9,-3.2,-0.4,0.7,6,6,0,,,,,
6,2,CLE @ PIT,1:00 PM,,PIT,CLE,,,,,-2.5,2.5,,,,,,,,,,,,,-4.6,-13.7,-4.3,-8.4,1.5,-5.3,0.1,0.0,6,6,0,,,,,
6,3,DAL @ CAR,1:00 PM,,CAR,DAL,,,,,1.5,-1.5,,,,,,,,,,,,,-22.1,-4.8,-10.7,-2.3,-12.0,1.7,-0.7,-0.3,6,6,0,,,,,
6,4,LAC @ MIA,1:00 PM,,MIA,LAC,,,,,2.5,-2.5,,,,,,,,,,,,,1.6,-4.6,4.3,0.9,5.8,5.1,0.4,0.4,6,6,0,,,,,
6,5,LAR @ BAL,1:00 PM,,BAL,LAR,,,,,-5.5,5.5,,,,,,,,,,,,,24.1,4.8,14.9,6.5,5.1,-1.7,1.1,-0.2,6,6,0,,,,,
6,6,SEA @ JAX,1:00 PM,,JAX,SEA,,,,,-1.5,1.5,,,,,,,,,,,,,-0.6,-4.6,-2.6,3.1,-1.8,-7.5,0.2,-0.7,6,6,0,,,,,
6,7,SF @ TB,1:00 PM,,TB,SF,,,,,-1.5,1.5,,,,,,,,,,,,,3.8,13.7,7.4,15.1,2.2,-0.3,-1.4,-1.9,6,6,0,,,,,
6,8,TEN @ LV,4:05 PM,,LV,TEN,,,,,-3.0,3.0,,,,,,,,,,,,,-2.9,-17.4,8.3,-4.1,-2.2,-13.3,0.6,0.0,6,6,0,,,,,
6,9,CIN @ GB,4:25 PM,,GB,CIN,,,,,-3.0,3.0,,,,,,,,,,,,,6.3,5.3,4.5,0.7,1.4,2.7,0.4,0.7,6,6,0,,,,,
6,10,NE @ NO,4:25 PM,,NO,NE,,,,,3.0,-3.0,,,,,,,,,,,,,-11.0,-7.9,-3.9,-8.7,-6.8,1.6,-0.3,-0.5,6,6,0,,,,,
6,11,BUF @ ATL,7:15 PM,,ATL,BUF,,,,,5.5,-5.5,,,,,,,,,,,,,-4.3,19.3,3.8,16.8,7.4,-2.9,-0.7,-0.4,6,6,0,,,,,
6,12,CHI @ WSH,8:15 PM,,WSH,CHI,,,,,0.0,0.0,,,,,,,,,,,,,15.9,-4.2,15.2,-2.4,0.1,-2.0,0.8,-1.6,6,6,0,,,,,
6,13,PHI @ NYG,8:15 PM,,NYG,PHI,,,,,10.5,-10.5,,,,,,,,,,,,,-17.4,11.0,-3.1,6.3,-14.4,1.8,0.1,2.2,6,6,0,,,,,
6,14,DET @ KC,8:20 PM,,KC,DET,,,,,-2.75,2.75,,,,,,,,,,,,,15.9,20.4,11.6,19.4,-2.9,1.4,1.9,-0.3,6,6,0,,,,,
6,15,DEN @ NYJ,9:30 AM,,NYJ,DEN,,,,,6.5,-6.5,,,,,,,,,,,,,-19.3,5.4,-3.2,-1.3,-14.0,-7.0,-2.4,-0.3,6,6,0,,,,,
7,1,HOU @ SEA,10:00 PM,,SEA,HOU,,,,,-1.5,1.5,,,,,,,,,,,,,-4.6,0.5,3.1,-4.3,-7.5,-4.5,-0.7,0.1,6,6,0,,,,,
7,2,CAR @ NYJ,1:00 PM,,NYJ,CAR,,,,,-1.5,1.5,,,,,,,,,,,,,-19.3,-22.1,-3.2,-10.7,-14.0,-12.0,-2.4,-0.7,6,6,0,,,,,
7,3,LV @ KC,1:00 PM,,KC,LV,,,,,-6.0,6.0,,,,,,,,,,,,,15.9,-2.9,11.6,8.3,-2.9,-2.2,1.9,0.6,6,6,0,,,,,
7,4,MIA @ CLE,1:00 PM,,CLE,MIA,,,,,1.5,-1.5,,,,,,,,,,,,,-13.7,1.6,-8.4,4.3,-5.3,5.8,0.0,0.4,6,6,0,,,,,
7,5,NE @ TEN,1:00 PM,,TEN,NE,,,,,1.5,-1.5,,,,,,,,,,,,,-17.4,-7.9,-4.1,-8.7,-13.3,1.6,0.0,-0.5,6,6,0,,,,,
7,6,NO @ CHI,1:00 PM,,CHI,NO,,,,,-7.5,7.5,,,,,,,,,,,,,-4.2,-11.0,-2.4,-3.9,-2.0,-6.8,-1.6,-0.3,6,6,0,,,,,
7,7,PHI @ MIN,1:00 PM,,MIN,PHI,,,,,3.0,-3.0,,,,,,,,,,,,,0.0,11.0,-10.7,6.3,10.7,1.8,0.3,2.2,6,6,0,,,,,
7,8,IND @ LAC,4:05 PM,,LAC,IND,,,,,-6.0,6.0,,,,,,,,,,,,,-4.6,-8.3,0.9,-2.4,5.1,-5.9,0.4,-0.4,6,6,0,,,,,
7,9,NYG @ DEN,4:05 PM,,DEN,NYG,,,,,-7.5,7.5,,,,,,,,,,,,,5.4,-17.4,-1.3,-3.1,-7.0,-14.4,-0.3,0.1,6,6,0,,,,,
7,10,GB @ ARI,4:25 PM,,ARI,GB,,,,,1.5,-1.5,,,,,,,,,,,,,3.0,6.3,0.3,4.5,-3.2,1.4,0.7,0.4,6,6,0,,,,,
7,11,WSH @ DAL,4:25 PM,,DAL,WSH,,,,,0.0,0.0,,,,,,,,,,,,,-4.8,15.9,-2.3,15.2,1.7,0.1,-0.3,0.8,6,6,0,,,,,
7,12,TB @ DET,7:00 PM,,DET,TB,,,,,-3.5,3.5,,,,,,,,,,,,,20.4,3.8,19.4,7.4,1.4,2.2,-0.3,-1.4,6,6,0,,,,,
7,13,PIT @ CIN,8:15 PM,,CIN,PIT,,,,,-1.5,1.5,,,,,,,,,,,,,5.3,-4.6,0.7,-4.3,2.7,1.5,0.7,0.1,6,6,0,,,,,
7,14,ATL @ SF,8:20 PM,,SF,ATL,,,,,-6.5,6.5,,,,,,,,,,,,,13.7,-4.3,15.1,3.8,-0.3,7.4,-1.9,-0.7,6,6,0,,,,,
7,15,LAR @ JAX,9:30 AM,,JAX,LAR,,,,,3.5,-3.5,,,,,,,,,,,,,-0.6,4.8,-2.6,6.5,-1.8,-1.7,0.2,-0.2,6,6,0,,,,,
8,1,BUF @ CAR,1:00 PM,,CAR,BUF,,,,,7.0,-7.0,,,,,,,,,,,,,-22.1,19.3,-10.7,16.8,-12.0,-2.9,-0.7,-0.4,6,6,0,,,,,
8,2,CHI @ BAL,1:00 PM,,BAL,CHI,,,,,-7.0,7.0,,,,,,,,,,,,,24.1,-4.2,14.9,-2.4,5.1,-2.0,1.1,-1.6,6,6,0,,,,,
8,3,CLE @ NE,1:00 PM,,NE,CLE,,,,,-5.5,5.5,,,,,,,,,,,,,-7.9,-13.7,-8.7,-8.4,1.6,-5.3,-0.5,0.0,6,6,0,,,,,
8,4,MIA @ ATL,1:00 PM,,ATL,MIA,,,,,-1.5,1.5,,,,,,,,,,,,,-4.3,1.6,3.8,4.3,7.4,5.8,-0.7,0.4,6,6,0,,,,,
8,5,NYG @ PHI,1:00 PM,,PHI,NYG,,,,,-10.5,10.5,,,,,,,,,,,,,11.0,-17.4,6.3,-3.1,1.8,-14.4,2.2,0.1,6,6,0,,,,,
8,6,NYJ @ CIN,1:00 PM,,CIN,NYJ,,,,,-7.5,7.5,,,,,,,,,,,,,5.3,-19.3,0.7,-3.2,2.7,-14.0,0.7,-2.4,6,6,0,,,,,
8,7,SF @ HOU,1:00 PM,,HOU,SF,,,,,1.5,-1.5,,,,,,,,,,,,,0.5,13.7,-4.3,15.1,-4.5,-0.3,0.1,-1.9,6,6,0,,,,,
8,8,TB @ NO,4:05 PM,,NO,TB,,,,,9.5,-9.5,,,,,,,,,,,,,-11.0,3.8,-3.9,7.4,-6.8,2.2,-0.3,-1.4,6,6,0,,,,,
8,9,DAL @ DEN,4:25 PM,,DEN,DAL,,,,,-4.5,4.5,,,,,,,,,,,,,5.4,-4.8,-1.3,-2.3,-7.0,1.7,-0.3,-0.3,6,6,0,,,,,
8,10,TEN @ IND,4:25 PM,,IND,TEN,,,,,-3.5,3.5,,,,,,,,,,,,,-8.3,-17.4,-2.4,-4.1,-5.9,-13.3,-0.4,0.0,6,6,0,,,,,
8,11,MIN @ LAC,8:15 PM,,LAC,MIN,,,,,-3.0,3.0,,,,,,,,,,,,,-4.6,0.0,0.9,-10.7,5.1,10.7,0.4,0.3,6,6,0,,,,,
8,12,WSH @ KC,8:15 PM,,KC,WSH,,,,,0.0,0.0,,,,,,,,,,,,,15.9,15.9,11.6,15.2,-2.9,0.1,1.9,0.8,6,6,0,,,,,
8,13,GB @ PIT,8:20 PM,,PIT,GB,,,,,1.5,-1.5,,,,,,,,,,,,,-4.6,6.3,-4.3,4.5,1.5,1.4,0.1,0.4,6,6,0,,,,,
9,1,ATL @ NE,1:00 PM,,NE,ATL,,,,,-3.0,3.0,,,,,,,,,,,,,-7.9,-4.3,-8.7,3.8,1.6,7.4,-0.5,-0.7,6,6,0,,,,,
9,2,CAR @ GB,1:00 PM,,GB,CAR,,,,,-7.5,7.5,,,,,,,,,,,,,6.3,-22.1,4.5,-10.7,1.4,-12.0,0.4,-0.7,6,6,0,,,,,
9,3,CHI @ CIN,1:00 PM,,CIN,CHI,,,,,-3.0,3.0,,,,,,,,,,,,,5.3,-4.2,0.7,-2.4,2.7,-2.0,0.7,-1.6,6,6,0,,,,,
9,4,DEN @ HOU,1:00 PM,,HOU,DEN,,,,,1.5,-1.5,,,,,,,,,,,,,0.5,5.4,-4.3,-1.3,-4.5,-7.0,0.1,-0.3,6,6,0,,,,,
9,5,IND @ PIT,1:00 PM,,PIT,IND,,,,,-3.5,3.5,,,,,,,,,,,,,-4.6,-8.3,-4.3,-2.4,1.5,-5.9,0.1,-0.4,6,6,0,,,,,
9,6,LAC @ TEN,1:00 PM,,TEN,LAC,,,,,4.5,-4.5,,,,,,,,,,,,,-17.4,-4.6,-4.1,0.9,-13.3,5.1,0.0,0.4,6,6,0,,,,,
9,7,MIN @ DET,1:00 PM,,DET,MIN,,,,,-2.0,2.0,,,,,,,,,,,,,20.4,0.0,19.4,-10.7,1.4,10.7,-0.3,0.3,6,6,0,,,,,
9,8,SF @ NYG,1:00 PM,,NYG,SF,,,,,3.5,-3.5,,,,,,,,,,,,,-17.4,13.7,-3.1,15.1,-14.4,-0.3,0.1,-1.9,6,6,0,,,,,
9,9,JAX @ LV,4:05 PM,,LV,JAX,,,,,-1.5,1.5,,,,,,,,,,,,,-2.9,-0.6,8.3,-2.6,-2.2,-1.8,0.6,0.2,6,6,0,,,,,
9,10,NO @ LAR,4:05 PM,,LAR,NO,,,,,-9.5,9.5,,,,,,,,,,,,,4.8,-11.0,6.5,-3.9,-1.7,-6.8,-0.2,-0.3,6,6,0,,,,,
9,11,KC @ BUF,4:25 PM,,BUF,KC,,,,,-2.5,2.5,,,,,,,,,,,,,19.3,15.9,16.8,11.6,-2.9,-2.9,-0.4,1.9,6,6,0,,,,,
9,12,ARI @ DAL,8:15 PM,,DAL,ARI,,,,,-1.5,1.5,,,,,,,,,,,,,-4.8,3.0,-2.3,0.3,1.7,-3.2,-0.3,0.7,6,6,0,,,,,
9,13,BAL @ MIA,8:15 PM,,MIA,BAL,,,,,5.5,-5.5,,,,,,,,,,,,,1.6,24.1,4.3,14.9,5.8,5.1,0.4,1.1,6,6,0,,,,,
9,14,SEA @ WSH,8:20 PM,,WSH,SEA,,,,,0.0,0.0,,,,,,,,,,,,,15.9,-4.6,15.2,3.1,0.1,-7.5,0.8,-0.7,6,6,0,,,,,
10,1,BAL @ MIN,1:00 PM,,MIN,BAL,,,,,3.5,-3.5,,,,,,,,,,,,,0.0,24.1,-10.7,14.9,10.7,5.1,0.3,1.1,6,6,0,,,,,
10,2,BUF @ MIA,1:00 PM,,MIA,BUF,,,,,5.5,-5.5,,,,,,,,,,,,,1.6,19.3,4.3,16.8,5.8,-2.9,0.4,-0.4,6,6,0,,,,,
10,3,CLE @ NYJ,1:00 PM,,NYJ,CLE,,,,,-2.5,2.5,,,,,,,,,,,,,-19.3,-13.7,-3.2,-8.4,-14.0,-5.3,-2.4,0.0,6,6,0,,,,,
10,4,JAX @ HOU,1:00 PM,,HOU,JAX,,,,,-3.5,3.5,,,,,,,,,,,,,0.5,-0.6,-4.3,-2.6,-4.5,-1.8,0.1,0.2,6,6,0,,,,,
10,5,NE @ TB,1:00 PM,,TB,NE,,,,,-4.5,4.5,,,,,,,,,,,,,3.8,-7.9,7.4,-8.7,2.2,1.6,-1.4,-0.5,6,6,0,,,,,
10,6,NO @ CAR,1:00 PM,,CAR,NO,,,,,-1.5,1.5,,,,,,,,,,,,,-22.1,-11.0,-10.7,-3.9,-12.0,-6.8,-0.7,-0.3,6,6,0,,,,,
10,7,NYG @ CHI,1:00 PM,,CHI,NYG,,,,,-5.5,5.5,,,,,,,,,,,,,-4.2,-17.4,-2.4,-3.1,-2.0,-14.4,-1.6,0.1,6,6,0,,,,,
10,8,ARI @ SEA,4:05 PM,,SEA,ARI,,,,,-1.5,1.5,,,,,,,,,,,,,-4.6,3.0,3.1,0.3,-7.5,-3.2,-0.7,0.7,6,6,0,,,,,
10,9,DET @ WSH,4:25 PM,,WSH,DET,,,,,0.0,0.0,,,,,,,,,,,,,15.9,20.4,15.2,19.4,0.1,1.4,0.8,-0.3,6,6,0,,,,,
10,10,LAR @ SF,4:25 PM,,SF,LAR,,,,,-1.5,1.5,,,,,,,,,,,,,13.7,4.8,15.1,6.5,-0.3,-1.7,-1.9,-0.2,6,6,0,,,,,
10,11,LV @ DEN,8:15 PM,,DEN,LV,,,,,-3.5,3.5,,,,,,,,,,,,,5.4,-2.9,-1.3,8.3,-7.0,-2.2,-0.3,0.6,6,6,0,,,,,
10,12,PHI @ GB,8:15 PM,,GB,PHI,,,,,1.5,-1.5,,,,,,,,,,,,,6.3,11.0,4.5,6.3,1.4,1.8,0.4,2.2,6,6,0,,,,,
10,13,PIT @ LAC,8:20 PM,,LAC,PIT,,,,,-4.5,4.5,,,,,,,,,,,,,-4.6,-4.6,0.9,-4.3,5.1,1.5,0.4,0.1,6,6,0,,,,,
10,14,ATL @ IND,9:30 AM,,IND,ATL,,,,,1.5,-1.5,,,,,,,,,,,,,-8.3,-4.3,-2.4,3.8,-5.9,7.4,-0.4,-0.7,6,6,0,,,,,
11,1,CAR @ ATL,1:00 PM,,ATL,CAR,,,,,-3.0,3.0,,,,,,,,,,,,,-4.3,-22.1,3.8,-10.7,7.4,-12.0,-0.7,-0.7,6,6,0,,,,,
11,2,CHI @ MIN,1:00 PM,,MIN,CHI,,,,,-2.5,2.5,,,,,,,,,,,,,0.0,-4.2,-10.7,-2.4,10.7,-2.0,0.3,-1.6,6,6,0,,,,,
11,3,CIN @ PIT,1:00 PM,,PIT,CIN,,,,,1.5,-1.5,,,,,,,,,,,,,-4.6,5.3,-4.3,0.7,1.5,2.7,0.1,0.7,6,6,0,,,,,
11,4,GB @ NYG,1:00 PM,,NYG,GB,,,,,4.5,-4.5,,,,,,,,,,,,,-17.4,6.3,-3.1,4.5,-14.4,1.4,0.1,0.4,6,6,0,,,,,
11,5,HOU @ TEN,1:00 PM,,TEN,HOU,,,,,3.0,-3.0,,,,,,,,,,,,,-17.4,0.5,-4.1,-4.3,-13.3,-4.5,0.0,0.1,6,6,0,,,,,
11,6,LAC @ JAX,1:00 PM,,JAX,LAC,,,,,1.5,-1.5,,,,,,,,,,,,,-0.6,-4.6,-2.6,0.9,-1.8,5.1,0.2,0.4,6,6,0,,,,,
11,7,TB @ BUF,1:00 PM,,BUF,TB,,,,,-5.5,5.5,,,,,,,,,,,,,19.3,3.8,16.8,7.4,-2.9,2.2,-0.4,-1.4,6,6,0,,,,,
11,8,SEA @ LAR,4:05 PM,,LAR,SEA,,,,,-1.5,1.5,,,,,,,,,,,,,4.8,-4.6,6.5,3.1,-1.7,-7.5,-0.2,-0.7,6,6,0,,,,,
11,9,SF @ ARI,4:05 PM,,ARI,SF,,,,,1.5,-1.5,,,,,,,,,,,,,3.0,13.7,0.3,15.1,-3.2,-0.3,0.7,-1.9,6,6,0,,,,,
11,10,BAL @ CLE,4:25 PM,,CLE,BAL,,,,,8.5,-8.5,,,,,,,,,,,,,-13.7,24.1,-8.4,14.9,-5.3,5.1,0.0,1.1,6,6,0,,,,,
11,11,KC @ DEN,4:25 PM,,DEN,KC,,,,,4.5,-4.5,,,,,,,,,,,,,5.4,15.9,-1.3,11.6,-7.0,-2.9,-0.3,1.9,6,6,0,,,,,
11,12,DAL @ LV,8:15 PM,,LV,DAL,,,,,1.5,-1.5,,,,,,,,,,,,,-2.9,-4.8,8.3,-2.3,-2.2,1.7,0.6,-0.3,6,6,0,,,,,
11,13,NYJ @ NE,8:15 PM,,NE,NYJ,,,,,-1.5,1.5,,,,,,,,,,,,,-7.9,-19.3,-8.7,-3.2,1.6,-14.0,-0.5,-2.4,6,6,0,,,,,
11,14,DET @ PHI,8:20 PM,,PHI,DET,,,,,-3.5,3.5,,,,,,,,,,,,,11.0,20.4,6.3,19.4,1.8,1.4,2.2,-0.3,6,6,0,,,,,
11,15,WSH @ MIA,9:30 AM,,MIA,WSH,,,,,0.0,0.0,,,,,,,,,,,,,1.6,15.9,4.3,15.2,5.8,0.1,0.4,0.8,6,6,0,,,,,
12,1,IND @ KC,1:00 PM,,KC,IND,,,,,-9.5,9.5,,,,,,,,,,,,,15.9,-8.3,11.6,-2.4,-2.9,-5.9,1.9,-0.4,6,6,0,,,,,
12,2,MIN @ GB,1:00 PM,,GB,MIN,,,,,-1.5,1.5,,,,,,,,,,,,,6.3,0.0,4.5,-10.7,1.4,10.7,0.4,0.3,6,6,0,,,,,
12,3,NE @ CIN,1:00 PM,,CIN,NE,,,,,-4.5,4.5,,,,,,,,,,,,,5.3,-7.9,0.7,-8.7,2.7,1.6,0.7,-0.5,6,6,0,,,,,
12,4,NYG @ DET,1:00 PM,,DET,NYG,,,,,-8.5,8.5,,,,,,,,,,,,,20.4,-17.4,19.4,-3.1,1.4,-14.4,-0.3,0.1,6,6,0,,,,,
12,5,NYJ @ BAL,1:00 PM,,BAL,NYJ,,,,,-11.5,11.5,,,,,,,,,,,,,24.1,-19.3,14.9,-3.2,5.1,-14.0,1.1,-2.4,6,6,0,,,,,
12,6,PIT @ CHI,1:00 PM,,CHI,PIT,,,,,-2.5,2.5,,,,,,,,,,,,,-4.2,-4.6,-2.4,-4.3,-2.0,1.5,-1.6,0.1,6,6,0,,,,,
12,7,SEA @ TEN,1:00 PM,,TEN,SEA,,,,,1.5,-1.5,,,,,,,,,,,,,-17.4,-4.6,-4.1,3.1,-13.3,-7.5,0.0,-0.7,6,6,0,,,,,
12,8,CLE @ LV,4:05 PM,,LV,CLE,,,,,-3.5,3.5,,,,,,,,,,,,,-2.9,-13.7,8.3,-8.4,-2.2,-5.3,0.6,0.0,6,6,0,,,,,
12,9,JAX @ ARI,4:05 PM,,ARI,JAX,,,,,-3.0,3.0,,,,,,,,,,,,,3.0,-0.6,0.3,-2.6,-3.2,-1.8,0.7,0.2,6,6,0,,,,,
12,10,ATL @ NO,4:25 PM,,NO,ATL,,,,,4.5,-4.5,,,,,,,,,,,,,-11.0,-4.3,-3.9,3.8,-6.8,7.4,-0.3,-0.7,6,6,0,,,,,
12,11,PHI @ DAL,4:25 PM,,DAL,PHI,,,,,4.5,-4.5,,,,,,,,,,,,,-4.8,11.0,-2.3,6.3,1.7,1.8,-0.3,2.2,6,6,0,,,,,
12,12,BUF @ HOU,8:15 PM,,HOU,BUF,,,,,3.5,-3.5,,,,,,,,,,,,,0.5,19.3,-4.3,16.8,-4.5,-2.9,0.1,-0.4,6,6,0,,,,,
12,13,CAR @ SF,8:15 PM,,SF,CAR,,,,,-7.0,7.0,,,,,,,,,,,,,13.7,-22.1,15.1,-10.7,-0.3,-12.0,-1.9,-0.7,6,6,0,,,,,
12,14,TB @ LAR,8:20 PM,,LAR,TB,,,,,-2.5,2.5,,,,,,,,,,,,,4.8,3.8,6.5,7.4,-1.7,2.2,-0.2,-1.4,6,6,0,,,,,
13,1,ARI @ TB,1:00 PM,,TB,ARI,,,,,-3.5,3.5,,,,,,,,,,,,,3.8,3.0,7.4,0.3,2.2,-3.2,-1.4,0.7,6,6,0,,,,,
13,2,ATL @ NYJ,1:00 PM,,NYJ,ATL,,,,,1.5,-1.5,,,,,,,,,,,,,-19.3,-4.3,-3.2,3.8,-14.0,7.4,-2.4,-0.7,6,6,0,,,,,
13,3,GB @ DET,1:00 PM,,DET,GB,,,,,-2.5,2.5,,,,,,,,,,,,,20.4,6.3,19.4,4.5,1.4,1.4,-0.3,0.4,6,6,0,,,,,
13,4,HOU @ IND,1:00 PM,,IND,HOU,,,,,4.5,-4.5,,,,,,,,,,,,,-8.3,0.5,-2.4,-4.3,-5.9,-4.5,-0.4,0.1,6,6,0,,,,,
13,5,JAX @ TEN,1:00 PM,,TEN,JAX,,,,,4.5,-4.5,,,,,,,,,,,,,-17.4,-0.6,-4.1,-2.6,-13.3,-1.8,0.0,0.2,6,6,0,,,,,
13,6,LAR @ CAR,1:00 PM,,CAR,LAR,,,,,3.5,-3.5,,,,,,,,,,,,,-22.1,4.8,-10.7,6.5,-12.0,-1.7,-0.7,-0.2,6,6,0,,,,,
13,7,NO @ MIA,1:00 PM,,MIA,NO,,,,,-6.0,6.0,,,,,,,,,,,,,1.6,-11.0,4.3,-3.9,5.8,-6.8,0.4,-0.3,6,6,0,,,,,
13,8,SF @ CLE,1:00 PM,,CLE,SF,,,,,6.0,-6.0,,,,,,,,,,,,,-13.7,13.7,-8.4,15.1,-5.3,-0.3,0.0,-1.9,6,6,0,,,,,
13,9,CHI @ PHI,3:00 PM,,PHI,CHI,,,,,-7.0,7.0,,,,,,,,,,,,,11.0,-4.2,6.3,-2.4,1.8,-2.0,2.2,-1.6,6,6,0,,,,,
13,10,MIN @ SEA,4:05 PM,,SEA,MIN,,,,,-1.5,1.5,,,,,,,,,,,,,-4.6,0.0,3.1,-10.7,-7.5,10.7,-0.7,0.3,6,6,0,,,,,
13,11,BUF @ PIT,4:25 PM,,PIT,BUF,,,,,4.5,-4.5,,,,,,,,,,,,,-4.6,19.3,-4.3,16.8,1.5,-2.9,0.1,-0.4,6,6,0,,,,,
13,12,LV @ LAC,4:25 PM,,LAC,LV,,,,,-6.5,6.5,,,,,,,,,,,,,-4.6,-2.9,0.9,8.3,5.1,-2.2,0.4,0.6,6,6,0,,,,,
13,13,KC @ DAL,4:30 PM,,DAL,KC,,,,,5.5,-5.5,,,,,,,,,,,,,-4.8,15.9,-2.3,11.6,1.7,-2.9,-0.3,1.9,6,6,0,,,,,
13,14,NYG @ NE,8:15 PM,,NE,NYG,,,,,-3.0,3.0,,,,,,,,,,,,,-7.9,-17.4,-8.7,-3.1,1.6,-14.4,-0.5,0.1,6,6,0,,,,,
13,15,CIN @ BAL,8:20 PM,,BAL,CIN,,,,,-2.5,2.5,,,,,,,,,,,,,24.1,5.3,14.9,0.7,5.1,2.7,1.1,0.7,6,6,0,,,,,
13,16,DEN @ WSH,8:20 PM,,WSH,DEN,,,,,0.0,0.0,,,,,,,,,,,,,15.9,5.4,15.2,-1.3,0.1,-7.0,0.8,-0.3,6,6,0,,,,,
14,1,CHI @ GB,1:00 PM,,GB,CHI,,,,,-1.5,1.5,,,,,,,,,,,,,6.3,-4.2,4.5,-2.4,1.4,-2.0,0.4,-1.6,6,6,0,,,,,
14,2,IND @ JAX,1:00 PM,,JAX,IND,,,,,1.5,-1.5,,,,,,,,,,,,,-0.6,-8.3,-2.6,-2.4,-1.8,-5.9,0.2,-0.4,6,6,0,,,,,
14,3,MIA @ NYJ,1:00 PM,,NYJ,MIA,,,,,1.5,-1.5,,,,,,,,,,,,,-19.3,1.6,-3.2,4.3,-14.0,5.8,-2.4,0.4,6,6,0,,,,,
14,4,NO @ TB,1:00 PM,,TB,NO,,,,,-9.5,9.5,,,,,,,,,,,,,3.8,-11.0,7.4,-3.9,2.2,-6.8,-1.4,-0.3,6,6,0,,,,,
14,5,PIT @ BAL,1:00 PM,,BAL,PIT,,,,,-4.5,4.5,,,,,,,,,,,,,24.1,-4.6,14.9,-4.3,5.1,1.5,1.1,0.1,6,6,0,,,,,
14,6,SEA @ ATL,1:00 PM,,ATL,SEA,,,,,-1.5,1.5,,,,,,,,,,,,,-4.3,-4.6,3.8,3.1,7.4,-7.5,-0.7,-0.7,6,6,0,,,,,
14,7,TEN @ CLE,1:00 PM,,CLE,TEN,,,,,-1.5,1.5,,,,,,,,,,,,,-13.7,-17.4,-8.4,-4.1,-5.3,-13.3,0.0,0.0,6,6,0,,,,,
14,8,WSH @ MIN,1:00 PM,,MIN,WSH,,,,,0.0,0.0,,,,,,,,,,,,,0.0,15.9,-10.7,15.2,10.7,0.1,0.3,0.8,6,6,0,,,,,
14,9,DEN @ LV,4:05 PM,,LV,DEN,,,,,3.5,-3.5,,,,,,,,,,,,,-2.9,5.4,8.3,-1.3,-2.2,-7.0,0.6,-0.3,6,6,0,,,,,
14,10,CIN @ BUF,4:25 PM,,BUF,CIN,,,,,-5.5,5.5,,,,,,,,,,,,,19.3,5.3,16.8,0.7,-2.9,2.7,-0.4,0.7,6,6,0,,,,,
14,11,LAR @ ARI,4:25 PM,,ARI,LAR,,,,,4.5,-4.5,,,,,,,,,,,,,3.0,4.8,0.3,6.5,-3.2,-1.7,0.7,-0.2,6,6,0,,,,,
14,12,DAL @ DET,8:15 PM,,DET,DAL,,,,,-6.0,6.0,,,,,,,,,,,,,20.4,-4.8,19.4,-2.3,1.4,1.7,-0.3,-0.3,6,6,0,,,,,
14,13,PHI @ LAC,8:15 PM,,LAC,PHI,,,,,2.5,-2.5,,,,,,,,,,,,,-4.6,11.0,0.9,6.3,5.1,1.8,0.4,2.2,6,6,0,,,,,
14,14,HOU @ KC,8:20 PM,,KC,HOU,,,,,-6.5,6.5,,,,,,,,,,,,,15.9,0.5,11.6,-4.3,-2.9,-4.5,1.9,0.1,6,6,0,,,,,
15,1,ARI @ HOU,1:00 PM,,HOU,ARI,,,,,-2.5,2.5,,,,,,,,,,,,,0.5,3.0,-4.3,0.3,-4.5,-3.2,0.1,0.7,6,6,0,,,,,
15,2,BAL @ CIN,1:00 PM,,CIN,BAL,,,,,2.5,-2.5,,,,,,,,,,,,,5.3,24.1,0.7,14.9,2.7,5.1,0.7,1.1,6,6,0,,,,,
15,3,BUF @ NE,1:00 PM,,NE,BUF,,,,,4.5,-4.5,,,,,,,,,,,,,-7.9,19.3,-8.7,16.8,1.6,-2.9,-0.5,-0.4,6,6,0,,,,,
15,4,CLE @ CHI,1:00 PM,,CHI,CLE,,,,,-7.0,7.0,,,,,,,,,,,,,-4.2,-13.7,-2.4,-8.4,-2.0,-5.3,-1.6,0.0,6,6,0,,,,,
15,5,LAC @ KC,1:00 PM,,KC,LAC,,,,,-4.5,4.5,,,,,,,,,,,,,15.9,-4.6,11.6,0.9,-2.9,5.1,1.9,0.4,6,6,0,,,,,
15,6,LV @ PHI,1:00 PM,,PHI,LV,,,,,-10.5,10.5,,,,,,,,,,,,,11.0,-2.9,6.3,8.3,1.8,-2.2,2.2,0.6,6,6,0,,,,,
15,7,NYJ @ JAX,1:00 PM,,JAX,NYJ,,,,,-4.5,4.5,,,,,,,,,,,,,-0.6,-19.3,-2.6,-3.2,-1.8,-14.0,0.2,-2.4,6,6,0,,,,,
15,8,WSH @ NYG,1:00 PM,,NYG,WSH,,,,,0.0,0.0,,,,,,,,,,,,,-17.4,15.9,-3.1,15.2,-14.4,0.1,0.1,0.8,6,6,0,,,,,
15,9,CAR @ NO,4:25 PM,,NO,CAR,,,,,1.5,-1.5,,,,,,,,,,,,,-11.0,-22.1,-3.9,-10.7,-6.8,-12.0,-0.3,-0.7,6,6,0,,,,,
15,10,DET @ LAR,4:25 PM,,LAR,DET,,,,,1.5,-1.5,,,,,,,,,,,,,4.8,20.4,6.5,19.4,-1.7,1.4,-0.2,-0.3,6,6,0,,,,,
15,11,GB @ DEN,4:25 PM,,DEN,GB,,,,,-1.5,1.5,,,,,,,,,,,,,5.4,6.3,-1.3,4.5,-7.0,1.4,-0.3,0.4,6,6,0,,,,,
15,12,IND @ SEA,4:25 PM,,SEA,IND,,,,,-3.5,3.5,,,,,,,,,,,,,-4.6,-8.3,3.1,-2.4,-7.5,-5.9,-0.7,-0.4,6,6,0,,,,,
15,13,TEN @ SF,4:25 PM,,SF,TEN,,,,,-7.5,7.5,,,,,,,,,,,,,13.7,-17.4,15.1,-4.1,-0.3,-13.3,-1.9,0.0,6,6,0,,,,,
15,14,ATL @ TB,8:15 PM,,TB,ATL,,,,,-5.5,5.5,,,,,,,,,,,,,3.8,-4.3,7.4,3.8,2.2,7.4,-1.4,-0.7,6,6,0,,,,,
15,15,MIA @ PIT,8:15 PM,,PIT,MIA,,,,,-3.0,3.0,,,,,,,,,,,,,-4.6,1.6,-4.3,4.3,1.5,5.8,0.1,0.4,6,6,0,,,,,
15,16,MIN @ DAL,8:20 PM,,DAL,MIN,,,,,1.5,-1.5,,,,,,,,,,,,,-4.8,0.0,-2.3,-10.7,1.7,10.7,-0.3,0.3,6,6,0,,,,,
16,1,BUF @ CLE,1:00 PM,,CLE,BUF,,,,,8.5,-8.5,,,,,,,,,,,,,-13.7,19.3,-8.4,16.8,-5.3,-2.9,0.0,-0.4,6,6,0,,,,,
16,2,GB @ CHI,1:00 PM,,CHI,GB,,,,,1.5,-1.5,,,,,,,,,,,,,-4.2,6.3,-2.4,4.5,-2.0,1.4,-1.6,0.4,6,6,0,,,,,
16,3,KC @ TEN,1:00 PM,,TEN,KC,,,,,7.0,-7.0,,,,,,,,,,,,,-17.4,15.9,-4.1,11.6,-13.3,-2.9,0.0,1.9,6,6,0,,,,,
16,4,LAC @ DAL,1:00 PM,,DAL,LAC,,,,,1.5,-1.5,,,,,,,,,,,,,-4.8,-4.6,-2.3,0.9,1.7,5.1,-0.3,0.4,6,6,0,,,,,
16,5,MIN @ NYG,1:00 PM,,NYG,MIN,,,,,2.5,-2.5,,,,,,,,,,,,,-17.4,0.0,-3.1,-10.7,-14.4,10.7,0.1,0.3,6,6,0,,,,,
16,6,NE @ BAL,1:00 PM,,BAL,NE,,,,,-8.5,8.5,,,,,,,,,,,,,24.1,-7.9,14.9,-8.7,5.1,1.6,1.1,-0.5,6,6,0,,,,,
16,7,NYJ @ NO,1:00 PM,,NO,NYJ,,,,,-1.5,1.5,,,,,,,,,,,,,-11.0,-19.3,-3.9,-3.2,-6.8,-14.0,-0.3,-2.4,6,6,0,,,,,
16,8,PHI @ WSH,1:00 PM,,WSH,PHI,,,,,0.0,0.0,,,,,,,,,,,,,15.9,11.0,15.2,6.3,0.1,1.8,0.8,2.2,6,6,0,,,,,
16,9,TB @ CAR,1:00 PM,,CAR,TB,,,,,7.0,-7.0,,,,,,,,,,,,,-22.1,3.8,-10.7,7.4,-12.0,2.2,-0.7,-1.4,6,6,0,,,,,
16,10,ATL @ ARI,4:05 PM,,ARI,ATL,,,,,-3.5,3.5,,,,,,,,,,,,,3.0,-4.3,0.3,3.8,-3.2,7.4,0.7,-0.7,6,6,0,,,,,
16,11,JAX @ DEN,4:05 PM,,DEN,JAX,,,,,-5.5,5.5,,,,,,,,,,,,,5.4,-0.6,-1.3,-2.6,-7.0,-1.8,-0.3,0.2,6,6,0,,,,,
16,12,LV @ HOU,4:25 PM,,HOU,LV,,,,,-4.5,4.5,,,,,,,,,,,,,0.5,-2.9,-4.3,8.3,-4.5,-2.2,0.1,0.6,6,6,0,,,,,
16,13,PIT @ DET,4:25 PM,,DET,PIT,,,,,-6.0,6.0,,,,,,,,,,,,,20.4,-4.6,19.4,-4.3,1.4,1.5,-0.3,0.1,6,6,0,,,,,
16,14,LAR @ SEA,8:15 PM,,SEA,LAR,,,,,1.5,-1.5,,,,,,,,,,,,,-4.6,4.8,3.1,6.5,-7.5,-1.7,-0.7,-0.2,6,6,0,,,,,
16,15,SF @ IND,8:15 PM,,IND,SF,,,,,3.0,-3.0,,,,,,,,,,,,,-8.3,13.7,-2.4,15.1,-5.9,-0.3,-0.4,-1.9,6,6,0,,,,,
16,16,CIN @ MIA,8:20 PM,,MIA,CIN,,,,,1.5,-1.5,,,,,,,,,,,,,1.6,5.3,4.3,0.7,5.8,2.7,0.4,0.7,6,6,0,,,,,
17,1,ARI @ CIN,1:00 PM,,CIN,ARI,,,,,-3.5,3.5,,,,,,,,,,,,,5.3,3.0,0.7,0.3,2.7,-3.2,0.7,0.7,6,6,0,,,,,
17,2,BAL @ GB,1:00 PM,,GB,BAL,,,,,1.5,-1.5,,,,,,,,,,,,,6.3,24.1,4.5,14.9,1.4,5.1,0.4,1.1,6,6,0,,,,,
17,3,DAL @ WSH,1:00 PM,,WSH,DAL,,,,,0.0,0.0,,,,,,,,,,,,,15.9,-4.8,15.2,-2.3,0.1,1.7,0.8,-0.3,6,6,0,,,,,
17,4,HOU @ LAC,1:00 PM,,LAC,HOU,,,,,-3.5,3.5,,,,,,,,,,,,,-4.6,0.5,0.9,-4.3,5.1,-4.5,0.4,0.1,6,6,0,,,,,
17,5,JAX @ IND,1:00 PM,,IND,JAX,,,,,-1.5,1.5,,,,,,,,,,,,,-8.3,-0.6,-2.4,-2.6,-5.9,-1.8,-0.4,0.2,6,6,0,,,,,
17,6,NE @ NYJ,1:00 PM,,NYJ,NE,,,,,1.5,-1.5,,,,,,,,,,,,,-19.3,-7.9,-3.2,-8.7,-14.0,1.6,-2.4,-0.5,6,6,0,,,,,
17,7,NO @ TEN,1:00 PM,,TEN,NO,,,,,-3.5,3.5,,,,,,,,,,,,,-17.4,-11.0,-4.1,-3.9,-13.3,-6.8,0.0,-0.3,6,6,0,,,,,
17,8,NYG @ LV,1:00 PM,,LV,NYG,,,,,-2.5,2.5,,,,,,,,,,,,,-2.9,-17.4,8.3,-3.1,-2.2,-14.4,0.6,0.1,6,6,0,,,,,
17,9,PIT @ CLE,1:00 PM,,CLE,PIT,,,,,2.5,-2.5,,,,,,,,,,,,,-13.7,-4.6,-8.4,-4.3,-5.3,1.5,0.0,0.1,6,6,0,,,,,
17,10,SEA @ CAR,1:00 PM,,CAR,SEA,,,,,1.5,-1.5,,,,,,,,,,,,,-22.1,-4.6,-10.7,3.1,-12.0,-7.5,-0.7,-0.7,6,6,0,,,,,
17,11,TB @ MIA,1:00 PM,,MIA,TB,,,,,1.5,-1.5,,,,,,,,,,,,,1.6,3.8,4.3,7.4,5.8,2.2,0.4,-1.4,6,6,0,,,,,
17,12,PHI @ BUF,4:25 PM,,BUF,PHI,,,,,-1.5,1.5,,,,,,,,,,,,,19.3,11.0,16.8,6.3,-2.9,1.8,-0.4,2.2,6,6,0,,,,,
17,13,DET @ MIN,4:30 PM,,MIN,DET,,,,,2.0,-2.0,,,,,,,,,,,,,0.0,20.4,-10.7,19.4,10.7,1.4,0.3,-0.3,6,6,0,,,,,
17,14,DEN @ KC,8:15 PM,,KC,DEN,,,,,-4.5,4.5,,,,,,,,,,,,,15.9,5.4,11.6,-1.3,-2.9,-7.0,1.9,-0.3,6,6,0,,,,,
17,15,LAR @ ATL,8:15 PM,,ATL,LAR,,,,,3.0,-3.0,,,,,,,,,,,,,-4.3,4.8,3.8,6.5,7.4,-1.7,-0.7,-0.2,6,6,0,,,,,
17,16,CHI @ SF,8:20 PM,,SF,CHI,,,,,-3.5,3.5,,,,,,,,,,,,,13.7,-4.2,15.1,-2.4,-0.3,-2.0,-1.9,-1.6,6,6,0,,,,,
18,1,ARI @ LAR,1:00 PM,,LAR,ARI,,,,,-4.5,4.5,,,,,,,,,,,,,4.8,3.0,6.5,0.3,-1.7,-3.2,-0.2,0.7,6,6,0,,,,,
18,2,BAL @ PIT,1:00 PM,,PIT,BAL,,,,,4.5,-4.5,,,,,,,,,,,,,-4.6,24.1,-4.3,14.9,1.5,5.1,0.1,1.1,6,6,0,,,,,
18,3,CAR @ TB,1:00 PM,,TB,CAR,,,,,-7.0,7.0,,,,,,,,,,,,,3.8,-22.1,7.4,-10.7,2.2,-12.0,-1.4,-0.7,6,6,0,,,,,
18,4,CLE @ CIN,1:00 PM,,CIN,CLE,,,,,-8.5,8.5,,,,,,,,,,,,,5.3,-13.7,0.7,-8.4,2.7,-5.3,0.7,0.0,6,6,0,,,,,
18,5,DAL @ NYG,1:00 PM,,NYG,DAL,,,,,1.5,-1.5,,,,,,,,,,,,,-17.4,-4.8,-3.1,-2.3,-14.4,1.7,0.1,-0.3,6,6,0,,,,,
18,6,DET @ CHI,1:00 PM,,CHI,DET,,,,,1.5,-1.5,,,,,,,,,,,,,-4.2,20.4,-2.4,19.4,-2.0,1.4,-1.6,-0.3,6,6,0,,,,,
18,7,GB @ MIN,1:00 PM,,MIN,GB,,,,,1.5,-1.5,,,,,,,,,,,,,0.0,6.3,-10.7,4.5,10.7,1.4,0.3,0.4,6,6,0,,,,,
18,8,IND @ HOU,1:00 PM,,HOU,IND,,,,,-4.5,4.5,,,,,,,,,,,,,0.5,-8.3,-4.3,-2.4,-4.5,-5.9,0.1,-0.4,6,6,0,,,,,
18,9,KC @ LV,1:00 PM,,LV,KC,,,,,6.0,-6.0,,,,,,,,,,,,,-2.9,15.9,8.3,11.6,-2.2,-2.9,0.6,1.9,6,6,0,,,,,
18,10,LAC @ DEN,1:00 PM,,DEN,LAC,,,,,-2.5,2.5,,,,,,,,,,,,,5.4,-4.6,-1.3,0.9,-7.0,5.1,-0.3,0.4,6,6,0,,,,,
18,11,MIA @ NE,1:00 PM,,NE,MIA,,,,,-2.5,2.5,,,,,,,,,,,,,-7.9,1.6,-8.7,4.3,1.6,5.8,-0.5,0.4,6,6,0,,,,,
18,12,NO @ ATL,1:00 PM,,ATL,NO,,,,,-4.5,4.5,,,,,,,,,,,,,-4.3,-11.0,3.8,-3.9,7.4,-6.8,-0.7,-0.3,6,6,0,,,,,
18,13,NYJ @ BUF,1:00 PM,,BUF,NYJ,,,,,-9.5,9.5,,,,,,,,,,,,,19.3,-19.3,16.8,-3.2,-2.9,-14.0,-0.4,-2.4,6,6,0,,,,,
18,14,SEA @ SF,1:00 PM,,SF,SEA,,,,,-4.5,4.5,,,,,,,,,,,,,13.7,-4.6,15.1,3.1,-0.3,-7.5,-1.9,-0.7,6,6,0,,,,,
18,15,TEN @ JAX,1:00 PM,,JAX,TEN,,,,,-4.5,4.5,,,,,,,,,,,,,-0.6,-17.4,-2.6,-4.1,-1.8,-13.3,0.2,0.0,6,6,0,,,,,
18,16,WSH @ PHI,1:00 PM,,PHI,WSH,,,,,0.0,0.0,,,,,,,,,,,,,11.0,15.9,6.3,15.2,1.8,0.1,2.2,0.8,6,6,0,,,,,
