season,week,game_num,team,opponent,home_or_away,circa_line,team_total_dvoa_proj,opp_total_dvoa_proj,team_off_dvoa_proj,team_def_dvoa_proj,opp_off_dvoa_proj,opp_def_dvoa_proj,result,closing_line,line_value,pick_side,pick_confidence,notes,dvoa_diff_proj,power_rating,dvoa,record,ats_record,offensive_ranking,defensive_ranking,off_yards_per_play,def_yards_per_play,team_season,team_updated_at,opp_season,opp_updated_at,_kickoff_pt,_kickoff_sort_key,current_total_x,current_total_y,open_spread_home_x,current_spread_home_x,open_spread_home_y,current_spread_home_y,kickoff_local,venue,rest_days_home,rest_days_away,rest_days_diff,open_spread_home,open_spread_away,current_spread_home,current_spread_away,closing_spread_home,closing_spread_away,circa_spread_home,circa_spread_away,off_dvoa_home,off_dvoa_away,def_dvoa_home,def_dvoa_away,open_total,current_total,closing_total,circa_total,injuries_key_home,injuries_key_away,weather_notes,current_spread_home_odds,current_spread_away_odds,current_total_odds,circa_spread_home_odds,circa_spread_away_odds,circa_total_odds,open_line,current_spread_home_odds.1,current_spread_away_odds.1,current_total_odds.1,circa_spread_home_odds.1,circa_spread_away_odds.1,circa_total_odds.1,current_spread_home_odds.2,current_spread_away_odds.2,current_total_odds.2,circa_spread_home_odds.2,circa_spread_away_odds.2,circa_total_odds.2,current_spread_home_odds.3,current_spread_away_odds.3,current_total_odds.3,circa_spread_home_odds.3,circa_spread_away_odds.3,circa_total_odds.3,current_spread_home_odds,current_spread_away_odds,current_total_odds,circa_spread_home_odds,circa_spread_away_odds,circa_total_odds
2025,1,1,NO,ARI,HOME,,-0.11,0.03,-0.039,-0.068,0.003,-0.032,,,,,,,-0.14,,,,,,,,,,,,,10:00 AM PT,4920.0,,,,5.5,,5.5,1:00 PM,,6,6,0,,,5.5,-5.5,,,,,-0.039,0.003,-0.068,-0.032,,,,,,,,6.0,-6.0,42.5,,,,,6.0,-6.0,42.5,,,,6.0,-6.0,42.5,,,,6.0,-6.0,42.5,,,,6.0,-6.0,42.5,,,
2025,1,2,JAX,CAR,HOME,,-0.006,-0.221,-0.026,-0.018,-0.107,-0.12,,,,,,,0.215,,,,,,,,,,,,,10:00 AM PT,4920.0,,,,-2.5,,-2.5,1:00 PM,,6,6,0,,,-2.5,2.5,,,,,-0.026,-0.107,-0.018,-0.12,,,,,,,,-3.0,3.0,46.0,,,,,-3.0,3.0,46.0,,,,-3.0,3.0,46.0,,,,-3.0,3.0,46.0,,,,-3.0,3.0,46.0,,,
2025,1,3,CLE,CIN,HOME,,-0.1369999999999999,0.053,-0.084,-0.053,0.0069999999999999,0.027,,,,,,,-0.1899999999999999,,,,,,,,,,,,,10:00 AM PT,4920.0,,,,8.5,,8.5,1:00 PM,,6,6,0,,,8.5,-8.5,,,,,-0.084,0.0069999999999999,-0.053,0.027,,,,,,,,5.5,-5.5,46.5,,,,,5.5,-5.5,46.5,,,,5.5,-5.5,46.5,,,,5.5,-5.5,46.5,,,,5.5,-5.5,46.5,,,
2025,1,3,CLE,CIN,HOME,,-0.1369999999999999,0.053,-0.084,-0.053,0.0069999999999999,0.027,,,,,,,-0.1899999999999999,,,,,,,,,,,,,10:00 AM PT,4920.0,,,,8.5,,8.5,1:00 PM,,6,6,0,,,8.5,-8.5,,,,,-0.084,0.0069999999999999,-0.053,0.027,,,,,,,,5.5,-5.5,46.5,,,,,5.5,-5.5,46.5,,,,5.5,-5.5,46.5,,,,5.5,-5.5,46.5,,,,-8.75,8.75,43.5,,,
2025,1,3,CLE,CIN,HOME,,-0.1369999999999999,0.053,-0.084,-0.053,0.0069999999999999,0.027,,,,,,,-0.1899999999999999,,,,,,,,,,,,,10:00 AM PT,4920.0,,,,8.5,,8.5,1:00 PM,,6,6,0,,,8.5,-8.5,,,,,-0.084,0.0069999999999999,-0.053,0.027,,,,,,,,5.5,-5.5,46.5,,,,,5.5,-5.5,46.5,,,,5.5,-5.5,46.5,,,,-8.75,8.75,,,,,5.5,-5.5,46.5,,,
2025,1,3,CLE,CIN,HOME,,-0.1369999999999999,0.053,-0.084,-0.053,0.0069999999999999,0.027,,,,,,,-0.1899999999999999,,,,,,,,,,,,,10:00 AM PT,4920.0,,,,8.5,,8.5,1:00 PM,,6,6,0,,,8.5,-8.5,,,,,-0.084,0.0069999999999999,-0.053,0.027,,,,,,,,5.5,-5.5,46.5,,,,,5.5,-5.5,46.5,,,,5.5,-5.5,46.5,,,,-8.75,8.75,,,,,-8.75,8.75,43.5,,,
2025,1,3,CLE,CIN,HOME,,-0.1369999999999999,0.053,-0.084,-0.053,0.0069999999999999,0.027,,,,,,,-0.1899999999999999,,,,,,,,,,,,,10:00 AM PT,4920.0,,,,8.5,,8.5,1:00 PM,,6,6,0,,,8.5,-8.5,,,,,-0.084,0.0069999999999999,-0.053,0.027,,,,,,,,5.5,-5.5,46.5,,,,,5.5,-5.5,46.5,,,,-8.75,8.75,,,,,5.5,-5.5,46.5,,,,5.5,-5.5,46.5,,,
2025,1,3,CLE,CIN,HOME,,-0.1369999999999999,0.053,-0.084,-0.053,0.0069999999999999,0.027,,,,,,,-0.1899999999999999,,,,,,,,,,,,,10:00 AM PT,4920.0,,,,8.5,,8.5,1:00 PM,,6,6,0,,,8.5,-8.5,,,,,-0.084,0.0069999999999999,-0.053,0.027,,,,,,,,5.5,-5.5,46.5,,,,,5.5,-5.5,46.5,,,,-8.75,8.75,,,,,5.5,-5.5,46.5,,,,-8.75,8.75,43.5,,,
2025,1,3,CLE,CIN,HOME,,-0.1369999999999999,0.053,-0.084,-0.053,0.0069999999999999,0.027,,,,,,,-0.1899999999999999,,,,,,,,,,,,,10:00 AM PT,4920.0,,,,8.5,,8.5,1:00 PM,,6,6,0,,,8.5,-8.5,,,,,-0.084,0.0069999999999999,-0.053,0.027,,,,,,,,5.5,-5.5,46.5,,,,,5.5,-5.5,46.5,,,,-8.75,8.75,,,,,-8.75,8.75,,,,,5.5,-5.5,46.5,,,
2025,1,3,CLE,CIN,HOME,,-0.1369999999999999,0.053,-0.084,-0.053,0.0069999999999999,0.027,,,,,,,-0.1899999999999999,,,,,,,,,,,,,10:00 AM PT,4920.0,,,,8.5,,8.5,1:00 PM,,6,6,0,,,8.5,-8.5,,,,,-0.084,0.0069999999999999,-0.053,0.027,,,,,,,,5.5,-5.5,46.5,,,,,5.5,-5.5,46.5,,,,-8.75,8.75,,,,,-8.75,8.75,,,,,-8.75,8.75,43.5,,,
2025,1,3,CLE,CIN,HOME,,-0.1369999999999999,0.053,-0.084,-0.053,0.0069999999999999,0.027,,,,,,,-0.1899999999999999,,,,,,,,,,,,,10:00 AM PT,4920.0,,,,8.5,,8.5,1:00 PM,,6,6,0,,,8.5,-8.5,,,,,-0.084,0.0069999999999999,-0.053,0.027,,,,,,,,5.5,-5.5,46.5,,,,,-8.75,8.75,,,,,5.5,-5.5,46.5,,,,5.5,-5.5,46.5,,,,5.5,-5.5,46.5,,,
2025,1,3,CLE,CIN,HOME,,-0.1369999999999999,0.053,-0.084,-0.053,0.0069999999999999,0.027,,,,,,,-0.1899999999999999,,,,,,,,,,,,,10:00 AM PT,4920.0,,,,8.5,,8.5,1:00 PM,,6,6,0,,,8.5,-8.5,,,,,-0.084,0.0069999999999999,-0.053,0.027,,,,,,,,5.5,-5.5,46.5,,,,,-8.75,8.75,,,,,5.5,-5.5,46.5,,,,5.5,-5.5,46.5,,,,-8.75,8.75,43.5,,,
2025,1,3,CLE,CIN,HOME,,-0.1369999999999999,0.053,-0.084,-0.053,0.0069999999999999,0.027,,,,,,,-0.1899999999999999,,,,,,,,,,,,,10:00 AM PT,4920.0,,,,8.5,,8.5,1:00 PM,,6,6,0,,,8.5,-8.5,,,,,-0.084,0.0069999999999999,-0.053,0.027,,,,,,,,5.5,-5.5,46.5,,,,,-8.75,8.75,,,,,5.5,-5.5,46.5,,,,-8.75,8.75,,,,,5.5,-5.5,46.5,,,
2025,1,3,CLE,CIN,HOME,,-0.1369999999999999,0.053,-0.084,-0.053,0.0069999999999999,0.027,,,,,,,-0.1899999999999999,,,,,,,,,,,,,10:00 AM PT,4920.0,,,,8.5,,8.5,1:00 PM,,6,6,0,,,8.5,-8.5,,,,,-0.084,0.0069999999999999,-0.053,0.027,,,,,,,,5.5,-5.5,46.5,,,,,-8.75,8.75,,,,,5.5,-5.5,46.5,,,,-8.75,8.75,,,,,-8.75,8.75,43.5,,,
2025,1,3,CLE,CIN,HOME,,-0.1369999999999999,0.053,-0.084,-0.053,0.0069999999999999,0.027,,,,,,,-0.1899999999999999,,,,,,,,,,,,,10:00 AM PT,4920.0,,,,8.5,,8.5,1:00 PM,,6,6,0,,,8.5,-8.5,,,,,-0.084,0.0069999999999999,-0.053,0.027,,,,,,,,5.5,-5.5,46.5,,,,,-8.75,8.75,,,,,-8.75,8.75,,,,,5.5,-5.5,46.5,,,,5.5,-5.5,46.5,,,
2025,1,3,CLE,CIN,HOME,,-0.1369999999999999,0.053,-0.084,-0.053,0.0069999999999999,0.027,,,,,,,-0.1899999999999999,,,,,,,,,,,,,10:00 AM PT,4920.0,,,,8.5,,8.5,1:00 PM,,6,6,0,,,8.5,-8.5,,,,,-0.084,0.0069999999999999,-0.053,0.027,,,,,,,,5.5,-5.5,46.5,,,,,-8.75,8.75,,,,,-8.75,8.75,,,,,5.5,-5.5,46.5,,,,-8.75,8.75,43.5,,,
2025,1,3,CLE,CIN,HOME,,-0.1369999999999999,0.053,-0.084,-0.053,0.0069999999999999,0.027,,,,,,,-0.1899999999999999,,,,,,,,,,,,,10:00 AM PT,4920.0,,,,8.5,,8.5,1:00 PM,,6,6,0,,,8.5,-8.5,,,,,-0.084,0.0069999999999999,-0.053,0.027,,,,,,,,5.5,-5.5,46.5,,,,,-8.75,8.75,,,,,-8.75,8.75,,,,,-8.75,8.75,,,,,5.5,-5.5,46.5,,,
2025,1,3,CLE,CIN,HOME,,-0.1369999999999999,0.053,-0.084,-0.053,0.0069999999999999,0.027,,,,,,,-0.1899999999999999,,,,,,,,,,,,,10:00 AM PT,4920.0,,,,8.5,,8.5,1:00 PM,,6,6,0,,,8.5,-8.5,,,,,-0.084,0.0069999999999999,-0.053,0.027,,,,,,,,5.5,-5.5,46.5,,,,,-8.75,8.75,,,,,-8.75,8.75,,,,,-8.75,8.75,,,,,-8.75,8.75,43.5,,,
2025,1,3,CLE,CIN,HOME,,-0.1369999999999999,0.053,-0.084,-0.053,0.0069999999999999,0.027,,,,,,,-0.1899999999999999,,,,,,,,,,,,,10:00 AM PT,4920.0,,,,8.5,,8.5,1:00 PM,,6,6,0,,,8.5,-8.5,,,,,-0.084,0.0069999999999999,-0.053,0.027,,,,,,,,-8.75,8.75,,,,,,5.5,-5.5,46.5,,,,5.5,-5.5,46.5,,,,5.5,-5.5,46.5,,,,5.5,-5.5,46.5,,,
2025,1,3,CLE,CIN,HOME,,-0.1369999999999999,0.053,-0.084,-0.053,0.0069999999999999,0.027,,,,,,,-0.1899999999999999,,,,,,,,,,,,,10:00 AM PT,4920.0,,,,8.5,,8.5,1:00 PM,,6,6,0,,,8.5,-8.5,,,,,-0.084,0.0069999999999999,-0.053,0.027,,,,,,,,-8.75,8.75,,,,,,5.5,-5.5,46.5,,,,5.5,-5.5,46.5,,,,5.5,-5.5,46.5,,,,-8.75,8.75,43.5,,,
2025,1,3,CLE,CIN,HOME,,-0.1369999999999999,0.053,-0.084,-0.053,0.0069999999999999,0.027,,,,,,,-0.1899999999999999,,,,,,,,,,,,,10:00 AM PT,4920.0,,,,8.5,,8.5,1:00 PM,,6,6,0,,,8.5,-8.5,,,,,-0.084,0.0069999999999999,-0.053,0.027,,,,,,,,-8.75,8.75,,,,,,5.5,-5.5,46.5,,,,5.5,-5.5,46.5,,,,-8.75,8.75,,,,,5.5,-5.5,46.5,,,
2025,1,3,CLE,CIN,HOME,,-0.1369999999999999,0.053,-0.084,-0.053,0.0069999999999999,0.027,,,,,,,-0.1899999999999999,,,,,,,,,,,,,10:00 AM PT,4920.0,,,,8.5,,8.5,1:00 PM,,6,6,0,,,8.5,-8.5,,,,,-0.084,0.0069999999999999,-0.053,0.027,,,,,,,,-8.75,8.75,,,,,,5.5,-5.5,46.5,,,,5.5,-5.5,46.5,,,,-8.75,8.75,,,,,-8.75,8.75,43.5,,,
2025,1,3,CLE,CIN,HOME,,-0.1369999999999999,0.053,-0.084,-0.053,0.0069999999999999,0.027,,,,,,,-0.1899999999999999,,,,,,,,,,,,,10:00 AM PT,4920.0,,,,8.5,,8.5,1:00 PM,,6,6,0,,,8.5,-8.5,,,,,-0.084,0.0069999999999999,-0.053,0.027,,,,,,,,-8.75,8.75,,,,,,5.5,-5.5,46.5,,,,-8.75,8.75,,,,,5.5,-5.5,46.5,,,,5.5,-5.5,46.5,,,
2025,1,3,CLE,CIN,HOME,,-0.1369999999999999,0.053,-0.084,-0.053,0.0069999999999999,0.027,,,,,,,-0.1899999999999999,,,,,,,,,,,,,10:00 AM PT,4920.0,,,,8.5,,8.5,1:00 PM,,6,6,0,,,8.5,-8.5,,,,,-0.084,0.0069999999999999,-0.053,0.027,,,,,,,,-8.75,8.75,,,,,,5.5,-5.5,46.5,,,,-8.75,8.75,,,,,5.5,-5.5,46.5,,,,-8.75,8.75,43.5,,,
2025,1,3,CLE,CIN,HOME,,-0.1369999999999999,0.053,-0.084,-0.053,0.0069999999999999,0.027,,,,,,,-0.1899999999999999,,,,,,,,,,,,,10:00 AM PT,4920.0,,,,8.5,,8.5,1:00 PM,,6,6,0,,,8.5,-8.5,,,,,-0.084,0.0069999999999999,-0.053,0.027,,,,,,,,-8.75,8.75,,,,,,5.5,-5.5,46.5,,,,-8.75,8.75,,,,,-8.75,8.75,,,,,5.5,-5.5,46.5,,,
2025,1,3,CLE,CIN,HOME,,-0.1369999999999999,0.053,-0.084,-0.053,0.0069999999999999,0.027,,,,,,,-0.1899999999999999,,,,,,,,,,,,,10:00 AM PT,4920.0,,,,8.5,,8.5,1:00 PM,,6,6,0,,,8.5,-8.5,,,,,-0.084,0.0069999999999999,-0.053,0.027,,,,,,,,-8.75,8.75,,,,,,5.5,-5.5,46.5,,,,-8.75,8.75,,,,,-8.75,8.75,,,,,-8.75,8.75,43.5,,,
2025,1,3,CLE,CIN,HOME,,-0.1369999999999999,0.053,-0.084,-0.053,0.0069999999999999,0.027,,,,,,,-0.1899999999999999,,,,,,,,,,,,,10:00 AM PT,4920.0,,,,8.5,,8.5,1:00 PM,,6,6,0,,,8.5,-8.5,,,,,-0.084,0.0069999999999999,-0.053,0.027,,,,,,,,-8.75,8.75,,,,,,-8.75,8.75,,,,,5.5,-5.5,46.5,,,,5.5,-5.5,46.5,,,,5.5,-5.5,46.5,,,
2025,1,3,CLE,CIN,HOME,,-0.1369999999999999,0.053,-0.084,-0.053,0.0069999999999999,0.027,,,,,,,-0.1899999999999999,,,,,,,,,,,,,10:00 AM PT,4920.0,,,,8.5,,8.5,1:00 PM,,6,6,0,,,8.5,-8.5,,,,,-0.084,0.0069999999999999,-0.053,0.027,,,,,,,,-8.75,8.75,,,,,,-8.75,8.75,,,,,5.5,-5.5,46.5,,,,5.5,-5.5,46.5,,,,-8.75,8.75,43.5,,,
2025,1,3,CLE,CIN,HOME,,-0.1369999999999999,0.053,-0.084,-0.053,0.0069999999999999,0.027,,,,,,,-0.1899999999999999,,,,,,,,,,,,,10:00 AM PT,4920.0,,,,8.5,,8.5,1:00 PM,,6,6,0,,,8.5,-8.5,,,,,-0.084,0.0069999999999999,-0.053,0.027,,,,,,,,-8.75,8.75,,,,,,-8.75,8.75,,,,,5.5,-5.5,46.5,,,,-8.75,8.75,,,,,5.5,-5.5,46.5,,,
2025,1,3,CLE,CIN,HOME,,-0.1369999999999999,0.053,-0.084,-0.053,0.0069999999999999,0.027,,,,,,,-0.1899999999999999,,,,,,,,,,,,,10:00 AM PT,4920.0,,,,8.5,,8.5,1:00 PM,,6,6,0,,,8.5,-8.5,,,,,-0.084,0.0069999999999999,-0.053,0.027,,,,,,,,-8.75,8.75,,,,,,-8.75,8.75,,,,,5.5,-5.5,46.5,,,,-8.75,8.75,,,,,-8.75,8.75,43.5,,,
2025,1,3,CLE,CIN,HOME,,-0.1369999999999999,0.053,-0.084,-0.053,0.0069999999999999,0.027,,,,,,,-0.1899999999999999,,,,,,,,,,,,,10:00 AM PT,4920.0,,,,8.5,,8.5,1:00 PM,,6,6,0,,,8.5,-8.5,,,,,-0.084,0.0069999999999999,-0.053,0.027,,,,,,,,-8.75,8.75,,,,,,-8.75,8.75,,,,,-8.75,8.75,,,,,5.5,-5.5,46.5,,,,5.5,-5.5,46.5,,,
2025,1,3,CLE,CIN,HOME,,-0.1369999999999999,0.053,-0.084,-0.053,0.0069999999999999,0.027,,,,,,,-0.1899999999999999,,,,,,,,,,,,,10:00 AM PT,4920.0,,,,8.5,,8.5,1:00 PM,,6,6,0,,,8.5,-8.5,,,,,-0.084,0.0069999999999999,-0.053,0.027,,,,,,,,-8.75,8.75,,,,,,-8.75,8.75,,,,,-8.75,8.75,,,,,5.5,-5.5,46.5,,,,-8.75,8.75,43.5,,,
2025,1,3,CLE,CIN,HOME,,-0.1369999999999999,0.053,-0.084,-0.053,0.0069999999999999,0.027,,,,,,,-0.1899999999999999,,,,,,,,,,,,,10:00 AM PT,4920.0,,,,8.5,,8.5,1:00 PM,,6,6,0,,,8.5,-8.5,,,,,-0.084,0.0069999999999999,-0.053,0.027,,,,,,,,-8.75,8.75,,,,,,-8.75,8.75,,,,,-8.75,8.75,,,,,-8.75,8.75,,,,,5.5,-5.5,46.5,,,
2025,1,3,CLE,CIN,HOME,,-0.1369999999999999,0.053,-0.084,-0.053,0.0069999999999999,0.027,,,,,,,-0.1899999999999999,,,,,,,,,,,,,10:00 AM PT,4920.0,,,,8.5,,8.5,1:00 PM,,6,6,0,,,8.5,-8.5,,,,,-0.084,0.0069999999999999,-0.053,0.027,,,,,,,,-8.75,8.75,,,,,,-8.75,8.75,,,,,-8.75,8.75,,,,,-8.75,8.75,,,,,-8.75,8.75,43.5,,,
2025,1,4,NE,LV,HOME,,-0.079,-0.0289999999999999,-0.087,0.016,0.083,-0.022,,,,,,,-0.05,,,,,,,,,,,,,10:00 AM PT,4920.0,,,,-3.0,,-3.0,1:00 PM,,6,6,0,,,-3.0,3.0,,,,,-0.087,0.083,0.016,-0.022,,,,,,,,-3.0,3.0,42.5,,,,,-3.0,3.0,42.5,,,,-3.0,3.0,42.5,,,,-3.0,3.0,42.5,,,,-3.0,3.0,42.5,,,
2025,1,5,IND,MIA,HOME,,-0.083,0.016,-0.024,-0.059,0.043,0.0579999999999999,,,,,,,-0.099,,,,,,,,,,,,,10:00 AM PT,4920.0,,,,-1.5,,-1.5,1:00 PM,,6,6,0,,,-1.5,1.5,,,,,-0.024,0.043,-0.059,0.0579999999999999,,,,,,,,-1.5,1.5,46.5,,,,,-1.5,1.5,46.5,,,,-1.5,1.5,46.5,,,,-1.5,1.5,46.5,,,,-1.5,1.5,46.5,,,
2025,1,6,WSH,NYG,HOME,,0.159,-0.174,0.152,0.001,-0.031,-0.144,,,,,,,0.3329999999999999,,,,,,,,,,,,,10:00 AM PT,4920.0,,,,0.0,,0.0,1:00 PM,,6,6,0,,,0.0,0.0,,,,,0.152,-0.031,0.001,-0.144,,,,,,,,-6.5,6.5,45.5,,,,,-6.5,6.5,45.5,,,,-6.5,6.5,45.5,,,,-6.5,6.5,45.5,,,,-6.5,6.5,45.5,,,
2025,1,6,WSH,NYG,HOME,,0.159,-0.174,0.152,0.001,-0.031,-0.144,,,,,,,0.3329999999999999,,,,,,,,,,,,,10:00 AM PT,4920.0,,,,0.0,,0.0,1:00 PM,,6,6,0,,,0.0,0.0,,,,,0.152,-0.031,0.001,-0.144,,,,,,,,-6.5,6.5,45.5,,,,,-6.5,6.5,45.5,,,,-6.5,6.5,45.5,,,,-6.5,6.5,45.5,,,,4.5,-4.5,45.5,,,
2025,1,6,WSH,NYG,HOME,,0.159,-0.174,0.152,0.001,-0.031,-0.144,,,,,,,0.3329999999999999,,,,,,,,,,,,,10:00 AM PT,4920.0,,,,0.0,,0.0,1:00 PM,,6,6,0,,,0.0,0.0,,,,,0.152,-0.031,0.001,-0.144,,,,,,,,-6.5,6.5,45.5,,,,,-6.5,6.5,45.5,,,,-6.5,6.5,45.5,,,,4.5,-4.5,45.5,,,,-6.5,6.5,45.5,,,
2025,1,6,WSH,NYG,HOME,,0.159,-0.174,0.152,0.001,-0.031,-0.144,,,,,,,0.3329999999999999,,,,,,,,,,,,,10:00 AM PT,4920.0,,,,0.0,,0.0,1:00 PM,,6,6,0,,,0.0,0.0,,,,,0.152,-0.031,0.001,-0.144,,,,,,,,-6.5,6.5,45.5,,,,,-6.5,6.5,45.5,,,,-6.5,6.5,45.5,,,,4.5,-4.5,45.5,,,,4.5,-4.5,45.5,,,
2025,1,6,WSH,NYG,HOME,,0.159,-0.174,0.152,0.001,-0.031,-0.144,,,,,,,0.3329999999999999,,,,,,,,,,,,,10:00 AM PT,4920.0,,,,0.0,,0.0,1:00 PM,,6,6,0,,,0.0,0.0,,,,,0.152,-0.031,0.001,-0.144,,,,,,,,-6.5,6.5,45.5,,,,,-6.5,6.5,45.5,,,,4.5,-4.5,45.5,,,,-6.5,6.5,45.5,,,,-6.5,6.5,45.5,,,
2025,1,6,WSH,NYG,HOME,,0.159,-0.174,0.152,0.001,-0.031,-0.144,,,,,,,0.3329999999999999,,,,,,,,,,,,,10:00 AM PT,4920.0,,,,0.0,,0.0,1:00 PM,,6,6,0,,,0.0,0.0,,,,,0.152,-0.031,0.001,-0.144,,,,,,,,-6.5,6.5,45.5,,,,,-6.5,6.5,45.5,,,,4.5,-4.5,45.5,,,,-6.5,6.5,45.5,,,,4.5,-4.5,45.5,,,
2025,1,6,WSH,NYG,HOME,,0.159,-0.174,0.152,0.001,-0.031,-0.144,,,,,,,0.3329999999999999,,,,,,,,,,,,,10:00 AM PT,4920.0,,,,0.0,,0.0,1:00 PM,,6,6,0,,,0.0,0.0,,,,,0.152,-0.031,0.001,-0.144,,,,,,,,-6.5,6.5,45.5,,,,,-6.5,6.5,45.5,,,,4.5,-4.5,45.5,,,,4.5,-4.5,45.5,,,,-6.5,6.5,45.5,,,
2025,1,6,WSH,NYG,HOME,,0.159,-0.174,0.152,0.001,-0.031,-0.144,,,,,,,0.3329999999999999,,,,,,,,,,,,,10:00 AM PT,4920.0,,,,0.0,,0.0,1:00 PM,,6,6,0,,,0.0,0.0,,,,,0.152,-0.031,0.001,-0.144,,,,,,,,-6.5,6.5,45.5,,,,,-6.5,6.5,45.5,,,,4.5,-4.5,45.5,,,,4.5,-4.5,45.5,,,,4.5,-4.5,45.5,,,
2025,1,6,WSH,NYG,HOME,,0.159,-0.174,0.152,0.001,-0.031,-0.144,,,,,,,0.3329999999999999,,,,,,,,,,,,,10:00 AM PT,4920.0,,,,0.0,,0.0,1:00 PM,,6,6,0,,,0.0,0.0,,,,,0.152,-0.031,0.001,-0.144,,,,,,,,-6.5,6.5,45.5,,,,,4.5,-4.5,45.5,,,,-6.5,6.5,45.5,,,,-6.5,6.5,45.5,,,,-6.5,6.5,45.5,,,
2025,1,6,WSH,NYG,HOME,,0.159,-0.174,0.152,0.001,-0.031,-0.144,,,,,,,0.3329999999999999,,,,,,,,,,,,,10:00 AM PT,4920.0,,,,0.0,,0.0,1:00 PM,,6,6,0,,,0.0,0.0,,,,,0.152,-0.031,0.001,-0.144,,,,,,,,-6.5,6.5,45.5,,,,,4.5,-4.5,45.5,,,,-6.5,6.5,45.5,,,,-6.5,6.5,45.5,,,,4.5,-4.5,45.5,,,
2025,1,6,WSH,NYG,HOME,,0.159,-0.174,0.152,0.001,-0.031,-0.144,,,,,,,0.3329999999999999,,,,,,,,,,,,,10:00 AM PT,4920.0,,,,0.0,,0.0,1:00 PM,,6,6,0,,,0.0,0.0,,,,,0.152,-0.031,0.001,-0.144,,,,,,,,-6.5,6.5,45.5,,,,,4.5,-4.5,45.5,,,,-6.5,6.5,45.5,,,,4.5,-4.5,45.5,,,,-6.5,6.5,45.5,,,
2025,1,6,WSH,NYG,HOME,,0.159,-0.174,0.152,0.001,-0.031,-0.144,,,,,,,0.3329999999999999,,,,,,,,,,,,,10:00 AM PT,4920.0,,,,0.0,,0.0,1:00 PM,,6,6,0,,,0.0,0.0,,,,,0.152,-0.031,0.001,-0.144,,,,,,,,-6.5,6.5,45.5,,,,,4.5,-4.5,45.5,,,,-6.5,6.5,45.5,,,,4.5,-4.5,45.5,,,,4.5,-4.5,45.5,,,
2025,1,6,WSH,NYG,HOME,,0.159,-0.174,0.152,0.001,-0.031,-0.144,,,,,,,0.3329999999999999,,,,,,,,,,,,,10:00 AM PT,4920.0,,,,0.0,,0.0,1:00 PM,,6,6,0,,,0.0,0.0,,,,,0.152,-0.031,0.001,-0.144,,,,,,,,-6.5,6.5,45.5,,,,,4.5,-4.5,45.5,,,,4.5,-4.5,45.5,,,,-6.5,6.5,45.5,,,,-6.5,6.5,45.5,,,
2025,1,6,WSH,NYG,HOME,,0.159,-0.174,0.152,0.001,-0.031,-0.144,,,,,,,0.3329999999999999,,,,,,,,,,,,,10:00 AM PT,4920.0,,,,0.0,,0.0,1:00 PM,,6,6,0,,,0.0,0.0,,,,,0.152,-0.031,0.001,-0.144,,,,,,,,-6.5,6.5,45.5,,,,,4.5,-4.5,45.5,,,,4.5,-4.5,45.5,,,,-6.5,6.5,45.5,,,,4.5,-4.5,45.5,,,
2025,1,6,WSH,NYG,HOME,,0.159,-0.174,0.152,0.001,-0.031,-0.144,,,,,,,0.3329999999999999,,,,,,,,,,,,,10:00 AM PT,4920.0,,,,0.0,,0.0,1:00 PM,,6,6,0,,,0.0,0.0,,,,,0.152,-0.031,0.001,-0.144,,,,,,,,-6.5,6.5,45.5,,,,,4.5,-4.5,45.5,,,,4.5,-4.5,45.5,,,,4.5,-4.5,45.5,,,,-6.5,6.5,45.5,,,
2025,1,6,WSH,NYG,HOME,,0.159,-0.174,0.152,0.001,-0.031,-0.144,,,,,,,0.3329999999999999,,,,,,,,,,,,,10:00 AM PT,4920.0,,,,0.0,,0.0,1:00 PM,,6,6,0,,,0.0,0.0,,,,,0.152,-0.031,0.001,-0.144,,,,,,,,-6.5,6.5,45.5,,,,,4.5,-4.5,45.5,,,,4.5,-4.5,45.5,,,,4.5,-4.5,45.5,,,,4.5,-4.5,45.5,,,
2025,1,6,WSH,NYG,HOME,,0.159,-0.174,0.152,0.001,-0.031,-0.144,,,,,,,0.3329999999999999,,,,,,,,,,,,,10:00 AM PT,4920.0,,,,0.0,,0.0,1:00 PM,,6,6,0,,,0.0,0.0,,,,,0.152,-0.031,0.001,-0.144,,,,,,,,4.5,-4.5,45.5,,,,,-6.5,6.5,45.5,,,,-6.5,6.5,45.5,,,,-6.5,6.5,45.5,,,,-6.5,6.5,45.5,,,
2025,1,6,WSH,NYG,HOME,,0.159,-0.174,0.152,0.001,-0.031,-0.144,,,,,,,0.3329999999999999,,,,,,,,,,,,,10:00 AM PT,4920.0,,,,0.0,,0.0,1:00 PM,,6,6,0,,,0.0,0.0,,,,,0.152,-0.031,0.001,-0.144,,,,,,,,4.5,-4.5,45.5,,,,,-6.5,6.5,45.5,,,,-6.5,6.5,45.5,,,,-6.5,6.5,45.5,,,,4.5,-4.5,45.5,,,
2025,1,6,WSH,NYG,HOME,,0.159,-0.174,0.152,0.001,-0.031,-0.144,,,,,,,0.3329999999999999,,,,,,,,,,,,,10:00 AM PT,4920.0,,,,0.0,,0.0,1:00 PM,,6,6,0,,,0.0,0.0,,,,,0.152,-0.031,0.001,-0.144,,,,,,,,4.5,-4.5,45.5,,,,,-6.5,6.5,45.5,,,,-6.5,6.5,45.5,,,,4.5,-4.5,45.5,,,,-6.5,6.5,45.5,,,
2025,1,6,WSH,NYG,HOME,,0.159,-0.174,0.152,0.001,-0.031,-0.144,,,,,,,0.3329999999999999,,,,,,,,,,,,,10:00 AM PT,4920.0,,,,0.0,,0.0,1:00 PM,,6,6,0,,,0.0,0.0,,,,,0.152,-0.031,0.001,-0.144,,,,,,,,4.5,-4.5,45.5,,,,,-6.5,6.5,45.5,,,,-6.5,6.5,45.5,,,,4.5,-4.5,45.5,,,,4.5,-4.5,45.5,,,
2025,1,6,WSH,NYG,HOME,,0.159,-0.174,0.152,0.001,-0.031,-0.144,,,,,,,0.3329999999999999,,,,,,,,,,,,,10:00 AM PT,4920.0,,,,0.0,,0.0,1:00 PM,,6,6,0,,,0.0,0.0,,,,,0.152,-0.031,0.001,-0.144,,,,,,,,4.5,-4.5,45.5,,,,,-6.5,6.5,45.5,,,,4.5,-4.5,45.5,,,,-6.5,6.5,45.5,,,,-6.5,6.5,45.5,,,
2025,1,6,WSH,NYG,HOME,,0.159,-0.174,0.152,0.001,-0.031,-0.144,,,,,,,0.3329999999999999,,,,,,,,,,,,,10:00 AM PT,4920.0,,,,0.0,,0.0,1:00 PM,,6,6,0,,,0.0,0.0,,,,,0.152,-0.031,0.001,-0.144,,,,,,,,4.5,-4.5,45.5,,,,,-6.5,6.5,45.5,,,,4.5,-4.5,45.5,,,,-6.5,6.5,45.5,,,,4.5,-4.5,45.5,,,
2025,1,6,WSH,NYG,HOME,,0.159,-0.174,0.152,0.001,-0.031,-0.144,,,,,,,0.3329999999999999,,,,,,,,,,,,,10:00 AM PT,4920.0,,,,0.0,,0.0,1:00 PM,,6,6,0,,,0.0,0.0,,,,,0.152,-0.031,0.001,-0.144,,,,,,,,4.5,-4.5,45.5,,,,,-6.5,6.5,45.5,,,,4.5,-4.5,45.5,,,,4.5,-4.5,45.5,,,,-6.5,6.5,45.5,,,
2025,1,6,WSH,NYG,HOME,,0.159,-0.174,0.152,0.001,-0.031,-0.144,,,,,,,0.3329999999999999,,,,,,,,,,,,,10:00 AM PT,4920.0,,,,0.0,,0.0,1:00 PM,,6,6,0,,,0.0,0.0,,,,,0.152,-0.031,0.001,-0.144,,,,,,,,4.5,-4.5,45.5,,,,,-6.5,6.5,45.5,,,,4.5,-4.5,45.5,,,,4.5,-4.5,45.5,,,,4.5,-4.5,45.5,,,
2025,1,6,WSH,NYG,HOME,,0.159,-0.174,0.152,0.001,-0.031,-0.144,,,,,,,0.3329999999999999,,,,,,,,,,,,,10:00 AM PT,4920.0,,,,0.0,,0.0,1:00 PM,,6,6,0,,,0.0,0.0,,,,,0.152,-0.031,0.001,-0.144,,,,,,,,4.5,-4.5,45.5,,,,,4.5,-4.5,45.5,,,,-6.5,6.5,45.5,,,,-6.5,6.5,45.5,,,,-6.5,6.5,45.5,,,
2025,1,6,WSH,NYG,HOME,,0.159,-0.174,0.152,0.001,-0.031,-0.144,,,,,,,0.3329999999999999,,,,,,,,,,,,,10:00 AM PT,4920.0,,,,0.0,,0.0,1:00 PM,,6,6,0,,,0.0,0.0,,,,,0.152,-0.031,0.001,-0.144,,,,,,,,4.5,-4.5,45.5,,,,,4.5,-4.5,45.5,,,,-6.5,6.5,45.5,,,,-6.5,6.5,45.5,,,,4.5,-4.5,45.5,,,
2025,1,6,WSH,NYG,HOME,,0.159,-0.174,0.152,0.001,-0.031,-0.144,,,,,,,0.3329999999999999,,,,,,,,,,,,,10:00 AM PT,4920.0,,,,0.0,,0.0,1:00 PM,,6,6,0,,,0.0,0.0,,,,,0.152,-0.031,0.001,-0.144,,,,,,,,4.5,-4.5,45.5,,,,,4.5,-4.5,45.5,,,,-6.5,6.5,45.5,,,,4.5,-4.5,45.5,,,,-6.5,6.5,45.5,,,
2025,1,6,WSH,NYG,HOME,,0.159,-0.174,0.152,0.001,-0.031,-0.144,,,,,,,0.3329999999999999,,,,,,,,,,,,,10:00 AM PT,4920.0,,,,0.0,,0.0,1:00 PM,,6,6,0,,,0.0,0.0,,,,,0.152,-0.031,0.001,-0.144,,,,,,,,4.5,-4.5,45.5,,,,,4.5,-4.5,45.5,,,,-6.5,6.5,45.5,,,,4.5,-4.5,45.5,,,,4.5,-4.5,45.5,,,
2025,1,6,WSH,NYG,HOME,,0.159,-0.174,0.152,0.001,-0.031,-0.144,,,,,,,0.3329999999999999,,,,,,,,,,,,,10:00 AM PT,4920.0,,,,0.0,,0.0,1:00 PM,,6,6,0,,,0.0,0.0,,,,,0.152,-0.031,0.001,-0.144,,,,,,,,4.5,-4.5,45.5,,,,,4.5,-4.5,45.5,,,,4.5,-4.5,45.5,,,,-6.5,6.5,45.5,,,,-6.5,6.5,45.5,,,
2025,1,6,WSH,NYG,HOME,,0.159,-0.174,0.152,0.001,-0.031,-0.144,,,,,,,0.3329999999999999,,,,,,,,,,,,,10:00 AM PT,4920.0,,,,0.0,,0.0,1:00 PM,,6,6,0,,,0.0,0.0,,,,,0.152,-0.031,0.001,-0.144,,,,,,,,4.5,-4.5,45.5,,,,,4.5,-4.5,45.5,,,,4.5,-4.5,45.5,,,,-6.5,6.5,45.5,,,,4.5,-4.5,45.5,,,
2025,1,6,WSH,NYG,HOME,,0.159,-0.174,0.152,0.001,-0.031,-0.144,,,,,,,0.3329999999999999,,,,,,,,,,,,,10:00 AM PT,4920.0,,,,0.0,,0.0,1:00 PM,,6,6,0,,,0.0,0.0,,,,,0.152,-0.031,0.001,-0.144,,,,,,,,4.5,-4.5,45.5,,,,,4.5,-4.5,45.5,,,,4.5,-4.5,45.5,,,,4.5,-4.5,45.5,,,,-6.5,6.5,45.5,,,
2025,1,6,WSH,NYG,HOME,,0.159,-0.174,0.152,0.001,-0.031,-0.144,,,,,,,0.3329999999999999,,,,,,,,,,,,,10:00 AM PT,4920.0,,,,0.0,,0.0,1:00 PM,,6,6,0,,,0.0,0.0,,,,,0.152,-0.031,0.001,-0.144,,,,,,,,4.5,-4.5,45.5,,,,,4.5,-4.5,45.5,,,,4.5,-4.5,45.5,,,,4.5,-4.5,45.5,,,,4.5,-4.5,45.5,,,
2025,1,7,NYJ,PIT,HOME,,-0.193,-0.046,-0.032,-0.14,-0.043,0.015,,,,,,,-0.147,,,,,,,,,,,,,10:00 AM PT,4920.0,,,,3.0,,3.0,1:00 PM,,6,6,0,,,3.0,-3.0,,,,,-0.032,-0.043,-0.14,0.015,,,,,,,,3.0,-3.0,38.5,,,,,3.0,-3.0,38.5,,,,3.0,-3.0,38.5,,,,3.0,-3.0,38.5,,,,3.0,-3.0,38.5,,,
2025,1,8,ATL,TB,HOME,,-0.043,0.038,0.038,0.074,0.074,0.022,,,,,,,-0.0809999999999999,,,,,,,,,,,,,10:00 AM PT,4920.0,,,,5.5,,5.5,1:00 PM,,6,6,0,,,5.5,-5.5,,,,,0.038,0.074,0.074,0.022,,,,,,,,1.5,-1.5,48.5,,,,,1.5,-1.5,48.5,,,,1.5,-1.5,48.5,,,,1.5,-1.5,48.5,,,,1.5,-1.5,48.5,,,
2025,1,8,ATL,TB,HOME,,-0.043,0.038,0.038,0.074,0.074,0.022,,,,,,,-0.0809999999999999,,,,,,,,,,,,,10:00 AM PT,4920.0,,,,5.5,,5.5,1:00 PM,,6,6,0,,,5.5,-5.5,,,,,0.038,0.074,0.074,0.022,,,,,,,,1.5,-1.5,48.5,,,,,1.5,-1.5,48.5,,,,1.5,-1.5,48.5,,,,1.5,-1.5,48.5,,,,-5.5,5.5,47.5,,,
2025,1,8,ATL,TB,HOME,,-0.043,0.038,0.038,0.074,0.074,0.022,,,,,,,-0.0809999999999999,,,,,,,,,,,,,10:00 AM PT,4920.0,,,,5.5,,5.5,1:00 PM,,6,6,0,,,5.5,-5.5,,,,,0.038,0.074,0.074,0.022,,,,,,,,1.5,-1.5,48.5,,,,,1.5,-1.5,48.5,,,,1.5,-1.5,48.5,,,,-5.5,5.5,47.5,,,,1.5,-1.5,48.5,,,
2025,1,8,ATL,TB,HOME,,-0.043,0.038,0.038,0.074,0.074,0.022,,,,,,,-0.0809999999999999,,,,,,,,,,,,,10:00 AM PT,4920.0,,,,5.5,,5.5,1:00 PM,,6,6,0,,,5.5,-5.5,,,,,0.038,0.074,0.074,0.022,,,,,,,,1.5,-1.5,48.5,,,,,1.5,-1.5,48.5,,,,1.5,-1.5,48.5,,,,-5.5,5.5,47.5,,,,-5.5,5.5,47.5,,,
2025,1,8,ATL,TB,HOME,,-0.043,0.038,0.038,0.074,0.074,0.022,,,,,,,-0.0809999999999999,,,,,,,,,,,,,10:00 AM PT,4920.0,,,,5.5,,5.5,1:00 PM,,6,6,0,,,5.5,-5.5,,,,,0.038,0.074,0.074,0.022,,,,,,,,1.5,-1.5,48.5,,,,,1.5,-1.5,48.5,,,,-5.5,5.5,47.5,,,,1.5,-1.5,48.5,,,,1.5,-1.5,48.5,,,
2025,1,8,ATL,TB,HOME,,-0.043,0.038,0.038,0.074,0.074,0.022,,,,,,,-0.0809999999999999,,,,,,,,,,,,,10:00 AM PT,4920.0,,,,5.5,,5.5,1:00 PM,,6,6,0,,,5.5,-5.5,,,,,0.038,0.074,0.074,0.022,,,,,,,,1.5,-1.5,48.5,,,,,1.5,-1.5,48.5,,,,-5.5,5.5,47.5,,,,1.5,-1.5,48.5,,,,-5.5,5.5,47.5,,,
2025,1,8,ATL,TB,HOME,,-0.043,0.038,0.038,0.074,0.074,0.022,,,,,,,-0.0809999999999999,,,,,,,,,,,,,10:00 AM PT,4920.0,,,,5.5,,5.5,1:00 PM,,6,6,0,,,5.5,-5.5,,,,,0.038,0.074,0.074,0.022,,,,,,,,1.5,-1.5,48.5,,,,,1.5,-1.5,48.5,,,,-5.5,5.5,47.5,,,,-5.5,5.5,47.5,,,,1.5,-1.5,48.5,,,
2025,1,8,ATL,TB,HOME,,-0.043,0.038,0.038,0.074,0.074,0.022,,,,,,,-0.0809999999999999,,,,,,,,,,,,,10:00 AM PT,4920.0,,,,5.5,,5.5,1:00 PM,,6,6,0,,,5.5,-5.5,,,,,0.038,0.074,0.074,0.022,,,,,,,,1.5,-1.5,48.5,,,,,1.5,-1.5,48.5,,,,-5.5,5.5,47.5,,,,-5.5,5.5,47.5,,,,-5.5,5.5,47.5,,,
2025,1,8,ATL,TB,HOME,,-0.043,0.038,0.038,0.074,0.074,0.022,,,,,,,-0.0809999999999999,,,,,,,,,,,,,10:00 AM PT,4920.0,,,,5.5,,5.5,1:00 PM,,6,6,0,,,5.5,-5.5,,,,,0.038,0.074,0.074,0.022,,,,,,,,1.5,-1.5,48.5,,,,,-5.5,5.5,47.5,,,,1.5,-1.5,48.5,,,,1.5,-1.5,48.5,,,,1.5,-1.5,48.5,,,
2025,1,8,ATL,TB,HOME,,-0.043,0.038,0.038,0.074,0.074,0.022,,,,,,,-0.0809999999999999,,,,,,,,,,,,,10:00 AM PT,4920.0,,,,5.5,,5.5,1:00 PM,,6,6,0,,,5.5,-5.5,,,,,0.038,0.074,0.074,0.022,,,,,,,,1.5,-1.5,48.5,,,,,-5.5,5.5,47.5,,,,1.5,-1.5,48.5,,,,1.5,-1.5,48.5,,,,-5.5,5.5,47.5,,,
2025,1,8,ATL,TB,HOME,,-0.043,0.038,0.038,0.074,0.074,0.022,,,,,,,-0.0809999999999999,,,,,,,,,,,,,10:00 AM PT,4920.0,,,,5.5,,5.5,1:00 PM,,6,6,0,,,5.5,-5.5,,,,,0.038,0.074,0.074,0.022,,,,,,,,1.5,-1.5,48.5,,,,,-5.5,5.5,47.5,,,,1.5,-1.5,48.5,,,,-5.5,5.5,47.5,,,,1.5,-1.5,48.5,,,
2025,1,8,ATL,TB,HOME,,-0.043,0.038,0.038,0.074,0.074,0.022,,,,,,,-0.0809999999999999,,,,,,,,,,,,,10:00 AM PT,4920.0,,,,5.5,,5.5,1:00 PM,,6,6,0,,,5.5,-5.5,,,,,0.038,0.074,0.074,0.022,,,,,,,,1.5,-1.5,48.5,,,,,-5.5,5.5,47.5,,,,1.5,-1.5,48.5,,,,-5.5,5.5,47.5,,,,-5.5,5.5,47.5,,,
2025,1,8,ATL,TB,HOME,,-0.043,0.038,0.038,0.074,0.074,0.022,,,,,,,-0.0809999999999999,,,,,,,,,,,,,10:00 AM PT,4920.0,,,,5.5,,5.5,1:00 PM,,6,6,0,,,5.5,-5.5,,,,,0.038,0.074,0.074,0.022,,,,,,,,1.5,-1.5,48.5,,,,,-5.5,5.5,47.5,,,,-5.5,5.5,47.5,,,,1.5,-1.5,48.5,,,,1.5,-1.5,48.5,,,
2025,1,8,ATL,TB,HOME,,-0.043,0.038,0.038,0.074,0.074,0.022,,,,,,,-0.0809999999999999,,,,,,,,,,,,,10:00 AM PT,4920.0,,,,5.5,,5.5,1:00 PM,,6,6,0,,,5.5,-5.5,,,,,0.038,0.074,0.074,0.022,,,,,,,,1.5,-1.5,48.5,,,,,-5.5,5.5,47.5,,,,-5.5,5.5,47.5,,,,1.5,-1.5,48.5,,,,-5.5,5.5,47.5,,,
2025,1,8,ATL,TB,HOME,,-0.043,0.038,0.038,0.074,0.074,0.022,,,,,,,-0.0809999999999999,,,,,,,,,,,,,10:00 AM PT,4920.0,,,,5.5,,5.5,1:00 PM,,6,6,0,,,5.5,-5.5,,,,,0.038,0.074,0.074,0.022,,,,,,,,1.5,-1.5,48.5,,,,,-5.5,5.5,47.5,,,,-5.5,5.5,47.5,,,,-5.5,5.5,47.5,,,,1.5,-1.5,48.5,,,
2025,1,8,ATL,TB,HOME,,-0.043,0.038,0.038,0.074,0.074,0.022,,,,,,,-0.0809999999999999,,,,,,,,,,,,,10:00 AM PT,4920.0,,,,5.5,,5.5,1:00 PM,,6,6,0,,,5.5,-5.5,,,,,0.038,0.074,0.074,0.022,,,,,,,,1.5,-1.5,48.5,,,,,-5.5,5.5,47.5,,,,-5.5,5.5,47.5,,,,-5.5,5.5,47.5,,,,-5.5,5.5,47.5,,,
2025,1,8,ATL,TB,HOME,,-0.043,0.038,0.038,0.074,0.074,0.022,,,,,,,-0.0809999999999999,,,,,,,,,,,,,10:00 AM PT,4920.0,,,,5.5,,5.5,1:00 PM,,6,6,0,,,5.5,-5.5,,,,,0.038,0.074,0.074,0.022,,,,,,,,-5.5,5.5,47.5,,,,,1.5,-1.5,48.5,,,,1.5,-1.5,48.5,,,,1.5,-1.5,48.5,,,,1.5,-1.5,48.5,,,
2025,1,8,ATL,TB,HOME,,-0.043,0.038,0.038,0.074,0.074,0.022,,,,,,,-0.0809999999999999,,,,,,,,,,,,,10:00 AM PT,4920.0,,,,5.5,,5.5,1:00 PM,,6,6,0,,,5.5,-5.5,,,,,0.038,0.074,0.074,0.022,,,,,,,,-5.5,5.5,47.5,,,,,1.5,-1.5,48.5,,,,1.5,-1.5,48.5,,,,1.5,-1.5,48.5,,,,-5.5,5.5,47.5,,,
2025,1,8,ATL,TB,HOME,,-0.043,0.038,0.038,0.074,0.074,0.022,,,,,,,-0.0809999999999999,,,,,,,,,,,,,10:00 AM PT,4920.0,,,,5.5,,5.5,1:00 PM,,6,6,0,,,5.5,-5.5,,,,,0.038,0.074,0.074,0.022,,,,,,,,-5.5,5.5,47.5,,,,,1.5,-1.5,48.5,,,,1.5,-1.5,48.5,,,,-5.5,5.5,47.5,,,,1.5,-1.5,48.5,,,
2025,1,8,ATL,TB,HOME,,-0.043,0.038,0.038,0.074,0.074,0.022,,,,,,,-0.0809999999999999,,,,,,,,,,,,,10:00 AM PT,4920.0,,,,5.5,,5.5,1:00 PM,,6,6,0,,,5.5,-5.5,,,,,0.038,0.074,0.074,0.022,,,,,,,,-5.5,5.5,47.5,,,,,1.5,-1.5,48.5,,,,1.5,-1.5,48.5,,,,-5.5,5.5,47.5,,,,-5.5,5.5,47.5,,,
2025,1,8,ATL,TB,HOME,,-0.043,0.038,0.038,0.074,0.074,0.022,,,,,,,-0.0809999999999999,,,,,,,,,,,,,10:00 AM PT,4920.0,,,,5.5,,5.5,1:00 PM,,6,6,0,,,5.5,-5.5,,,,,0.038,0.074,0.074,0.022,,,,,,,,-5.5,5.5,47.5,,,,,1.5,-1.5,48.5,,,,-5.5,5.5,47.5,,,,1.5,-1.5,48.5,,,,1.5,-1.5,48.5,,,
2025,1,8,ATL,TB,HOME,,-0.043,0.038,0.038,0.074,0.074,0.022,,,,,,,-0.0809999999999999,,,,,,,,,,,,,10:00 AM PT,4920.0,,,,5.5,,5.5,1:00 PM,,6,6,0,,,5.5,-5.5,,,,,0.038,0.074,0.074,0.022,,,,,,,,-5.5,5.5,47.5,,,,,1.5,-1.5,48.5,,,,-5.5,5.5,47.5,,,,1.5,-1.5,48.5,,,,-5.5,5.5,47.5,,,
2025,1,8,ATL,TB,HOME,,-0.043,0.038,0.038,0.074,0.074,0.022,,,,,,,-0.0809999999999999,,,,,,,,,,,,,10:00 AM PT,4920.0,,,,5.5,,5.5,1:00 PM,,6,6,0,,,5.5,-5.5,,,,,0.038,0.074,0.074,0.022,,,,,,,,-5.5,5.5,47.5,,,,,1.5,-1.5,48.5,,,,-5.5,5.5,47.5,,,,-5.5,5.5,47.5,,,,1.5,-1.5,48.5,,,
2025,1,8,ATL,TB,HOME,,-0.043,0.038,0.038,0.074,0.074,0.022,,,,,,,-0.0809999999999999,,,,,,,,,,,,,10:00 AM PT,4920.0,,,,5.5,,5.5,1:00 PM,,6,6,0,,,5.5,-5.5,,,,,0.038,0.074,0.074,0.022,,,,,,,,-5.5,5.5,47.5,,,,,1.5,-1.5,48.5,,,,-5.5,5.5,47.5,,,,-5.5,5.5,47.5,,,,-5.5,5.5,47.5,,,
2025,1,8,ATL,TB,HOME,,-0.043,0.038,0.038,0.074,0.074,0.022,,,,,,,-0.0809999999999999,,,,,,,,,,,,,10:00 AM PT,4920.0,,,,5.5,,5.5,1:00 PM,,6,6,0,,,5.5,-5.5,,,,,0.038,0.074,0.074,0.022,,,,,,,,-5.5,5.5,47.5,,,,,-5.5,5.5,47.5,,,,1.5,-1.5,48.5,,,,1.5,-1.5,48.5,,,,1.5,-1.5,48.5,,,
2025,1,8,ATL,TB,HOME,,-0.043,0.038,0.038,0.074,0.074,0.022,,,,,,,-0.0809999999999999,,,,,,,,,,,,,10:00 AM PT,4920.0,,,,5.5,,5.5,1:00 PM,,6,6,0,,,5.5,-5.5,,,,,0.038,0.074,0.074,0.022,,,,,,,,-5.5,5.5,47.5,,,,,-5.5,5.5,47.5,,,,1.5,-1.5,48.5,,,,1.5,-1.5,48.5,,,,-5.5,5.5,47.5,,,
2025,1,8,ATL,TB,HOME,,-0.043,0.038,0.038,0.074,0.074,0.022,,,,,,,-0.0809999999999999,,,,,,,,,,,,,10:00 AM PT,4920.0,,,,5.5,,5.5,1:00 PM,,6,6,0,,,5.5,-5.5,,,,,0.038,0.074,0.074,0.022,,,,,,,,-5.5,5.5,47.5,,,,,-5.5,5.5,47.5,,,,1.5,-1.5,48.5,,,,-5.5,5.5,47.5,,,,1.5,-1.5,48.5,,,
2025,1,8,ATL,TB,HOME,,-0.043,0.038,0.038,0.074,0.074,0.022,,,,,,,-0.0809999999999999,,,,,,,,,,,,,10:00 AM PT,4920.0,,,,5.5,,5.5,1:00 PM,,6,6,0,,,5.5,-5.5,,,,,0.038,0.074,0.074,0.022,,,,,,,,-5.5,5.5,47.5,,,,,-5.5,5.5,47.5,,,,1.5,-1.5,48.5,,,,-5.5,5.5,47.5,,,,-5.5,5.5,47.5,,,
2025,1,8,ATL,TB,HOME,,-0.043,0.038,0.038,0.074,0.074,0.022,,,,,,,-0.0809999999999999,,,,,,,,,,,,,10:00 AM PT,4920.0,,,,5.5,,5.5,1:00 PM,,6,6,0,,,5.5,-5.5,,,,,0.038,0.074,0.074,0.022,,,,,,,,-5.5,5.5,47.5,,,,,-5.5,5.5,47.5,,,,-5.5,5.5,47.5,,,,1.5,-1.5,48.5,,,,1.5,-1.5,48.5,,,
2025,1,8,ATL,TB,HOME,,-0.043,0.038,0.038,0.074,0.074,0.022,,,,,,,-0.0809999999999999,,,,,,,,,,,,,10:00 AM PT,4920.0,,,,5.5,,5.5,1:00 PM,,6,6,0,,,5.5,-5.5,,,,,0.038,0.074,0.074,0.022,,,,,,,,-5.5,5.5,47.5,,,,,-5.5,5.5,47.5,,,,-5.5,5.5,47.5,,,,1.5,-1.5,48.5,,,,-5.5,5.5,47.5,,,
2025,1,8,ATL,TB,HOME,,-0.043,0.038,0.038,0.074,0.074,0.022,,,,,,,-0.0809999999999999,,,,,,,,,,,,,10:00 AM PT,4920.0,,,,5.5,,5.5,1:00 PM,,6,6,0,,,5.5,-5.5,,,,,0.038,0.074,0.074,0.022,,,,,,,,-5.5,5.5,47.5,,,,,-5.5,5.5,47.5,,,,-5.5,5.5,47.5,,,,-5.5,5.5,47.5,,,,1.5,-1.5,48.5,,,
2025,1,8,ATL,TB,HOME,,-0.043,0.038,0.038,0.074,0.074,0.022,,,,,,,-0.0809999999999999,,,,,,,,,,,,,10:00 AM PT,4920.0,,,,5.5,,5.5,1:00 PM,,6,6,0,,,5.5,-5.5,,,,,0.038,0.074,0.074,0.022,,,,,,,,-5.5,5.5,47.5,,,,,-5.5,5.5,47.5,,,,-5.5,5.5,47.5,,,,-5.5,5.5,47.5,,,,-5.5,5.5,47.5,,,
2025,1,9,SEA,SF,HOME,,-0.046,0.1369999999999999,0.031,-0.075,0.151,-0.003,,,,,,,-0.183,,,,,,,,,,,,,1:05 PM PT,5105.0,,,,4.5,,4.5,4:05 PM,,6,6,0,,,4.5,-4.5,,,,,0.031,0.151,-0.075,-0.003,,,,,,,,2.5,-2.5,45.0,,,,,2.5,-2.5,45.0,,,,2.5,-2.5,45.0,,,,2.5,-2.5,45.0,,,,2.5,-2.5,45.0,,,
2025,1,9,SEA,SF,HOME,,-0.046,0.1369999999999999,0.031,-0.075,0.151,-0.003,,,,,,,-0.183,,,,,,,,,,,,,1:05 PM PT,5105.0,,,,4.5,,4.5,4:05 PM,,6,6,0,,,4.5,-4.5,,,,,0.031,0.151,-0.075,-0.003,,,,,,,,2.5,-2.5,45.0,,,,,2.5,-2.5,45.0,,,,2.5,-2.5,45.0,,,,2.5,-2.5,45.0,,,,-4.5,4.5,44.5,,,
2025,1,9,SEA,SF,HOME,,-0.046,0.1369999999999999,0.031,-0.075,0.151,-0.003,,,,,,,-0.183,,,,,,,,,,,,,1:05 PM PT,5105.0,,,,4.5,,4.5,4:05 PM,,6,6,0,,,4.5,-4.5,,,,,0.031,0.151,-0.075,-0.003,,,,,,,,2.5,-2.5,45.0,,,,,2.5,-2.5,45.0,,,,2.5,-2.5,45.0,,,,-4.5,4.5,44.5,,,,2.5,-2.5,45.0,,,
2025,1,9,SEA,SF,HOME,,-0.046,0.1369999999999999,0.031,-0.075,0.151,-0.003,,,,,,,-0.183,,,,,,,,,,,,,1:05 PM PT,5105.0,,,,4.5,,4.5,4:05 PM,,6,6,0,,,4.5,-4.5,,,,,0.031,0.151,-0.075,-0.003,,,,,,,,2.5,-2.5,45.0,,,,,2.5,-2.5,45.0,,,,2.5,-2.5,45.0,,,,-4.5,4.5,44.5,,,,-4.5,4.5,44.5,,,
2025,1,9,SEA,SF,HOME,,-0.046,0.1369999999999999,0.031,-0.075,0.151,-0.003,,,,,,,-0.183,,,,,,,,,,,,,1:05 PM PT,5105.0,,,,4.5,,4.5,4:05 PM,,6,6,0,,,4.5,-4.5,,,,,0.031,0.151,-0.075,-0.003,,,,,,,,2.5,-2.5,45.0,,,,,2.5,-2.5,45.0,,,,-4.5,4.5,44.5,,,,2.5,-2.5,45.0,,,,2.5,-2.5,45.0,,,
2025,1,9,SEA,SF,HOME,,-0.046,0.1369999999999999,0.031,-0.075,0.151,-0.003,,,,,,,-0.183,,,,,,,,,,,,,1:05 PM PT,5105.0,,,,4.5,,4.5,4:05 PM,,6,6,0,,,4.5,-4.5,,,,,0.031,0.151,-0.075,-0.003,,,,,,,,2.5,-2.5,45.0,,,,,2.5,-2.5,45.0,,,,-4.5,4.5,44.5,,,,2.5,-2.5,45.0,,,,-4.5,4.5,44.5,,,
2025,1,9,SEA,SF,HOME,,-0.046,0.1369999999999999,0.031,-0.075,0.151,-0.003,,,,,,,-0.183,,,,,,,,,,,,,1:05 PM PT,5105.0,,,,4.5,,4.5,4:05 PM,,6,6,0,,,4.5,-4.5,,,,,0.031,0.151,-0.075,-0.003,,,,,,,,2.5,-2.5,45.0,,,,,2.5,-2.5,45.0,,,,-4.5,4.5,44.5,,,,-4.5,4.5,44.5,,,,2.5,-2.5,45.0,,,
2025,1,9,SEA,SF,HOME,,-0.046,0.1369999999999999,0.031,-0.075,0.151,-0.003,,,,,,,-0.183,,,,,,,,,,,,,1:05 PM PT,5105.0,,,,4.5,,4.5,4:05 PM,,6,6,0,,,4.5,-4.5,,,,,0.031,0.151,-0.075,-0.003,,,,,,,,2.5,-2.5,45.0,,,,,2.5,-2.5,45.0,,,,-4.5,4.5,44.5,,,,-4.5,4.5,44.5,,,,-4.5,4.5,44.5,,,
2025,1,9,SEA,SF,HOME,,-0.046,0.1369999999999999,0.031,-0.075,0.151,-0.003,,,,,,,-0.183,,,,,,,,,,,,,1:05 PM PT,5105.0,,,,4.5,,4.5,4:05 PM,,6,6,0,,,4.5,-4.5,,,,,0.031,0.151,-0.075,-0.003,,,,,,,,2.5,-2.5,45.0,,,,,-4.5,4.5,44.5,,,,2.5,-2.5,45.0,,,,2.5,-2.5,45.0,,,,2.5,-2.5,45.0,,,
2025,1,9,SEA,SF,HOME,,-0.046,0.1369999999999999,0.031,-0.075,0.151,-0.003,,,,,,,-0.183,,,,,,,,,,,,,1:05 PM PT,5105.0,,,,4.5,,4.5,4:05 PM,,6,6,0,,,4.5,-4.5,,,,,0.031,0.151,-0.075,-0.003,,,,,,,,2.5,-2.5,45.0,,,,,-4.5,4.5,44.5,,,,2.5,-2.5,45.0,,,,2.5,-2.5,45.0,,,,-4.5,4.5,44.5,,,
2025,1,9,SEA,SF,HOME,,-0.046,0.1369999999999999,0.031,-0.075,0.151,-0.003,,,,,,,-0.183,,,,,,,,,,,,,1:05 PM PT,5105.0,,,,4.5,,4.5,4:05 PM,,6,6,0,,,4.5,-4.5,,,,,0.031,0.151,-0.075,-0.003,,,,,,,,2.5,-2.5,45.0,,,,,-4.5,4.5,44.5,,,,2.5,-2.5,45.0,,,,-4.5,4.5,44.5,,,,2.5,-2.5,45.0,,,
2025,1,9,SEA,SF,HOME,,-0.046,0.1369999999999999,0.031,-0.075,0.151,-0.003,,,,,,,-0.183,,,,,,,,,,,,,1:05 PM PT,5105.0,,,,4.5,,4.5,4:05 PM,,6,6,0,,,4.5,-4.5,,,,,0.031,0.151,-0.075,-0.003,,,,,,,,2.5,-2.5,45.0,,,,,-4.5,4.5,44.5,,,,2.5,-2.5,45.0,,,,-4.5,4.5,44.5,,,,-4.5,4.5,44.5,,,
2025,1,9,SEA,SF,HOME,,-0.046,0.1369999999999999,0.031,-0.075,0.151,-0.003,,,,,,,-0.183,,,,,,,,,,,,,1:05 PM PT,5105.0,,,,4.5,,4.5,4:05 PM,,6,6,0,,,4.5,-4.5,,,,,0.031,0.151,-0.075,-0.003,,,,,,,,2.5,-2.5,45.0,,,,,-4.5,4.5,44.5,,,,-4.5,4.5,44.5,,,,2.5,-2.5,45.0,,,,2.5,-2.5,45.0,,,
2025,1,9,SEA,SF,HOME,,-0.046,0.1369999999999999,0.031,-0.075,0.151,-0.003,,,,,,,-0.183,,,,,,,,,,,,,1:05 PM PT,5105.0,,,,4.5,,4.5,4:05 PM,,6,6,0,,,4.5,-4.5,,,,,0.031,0.151,-0.075,-0.003,,,,,,,,2.5,-2.5,45.0,,,,,-4.5,4.5,44.5,,,,-4.5,4.5,44.5,,,,2.5,-2.5,45.0,,,,-4.5,4.5,44.5,,,
2025,1,9,SEA,SF,HOME,,-0.046,0.1369999999999999,0.031,-0.075,0.151,-0.003,,,,,,,-0.183,,,,,,,,,,,,,1:05 PM PT,5105.0,,,,4.5,,4.5,4:05 PM,,6,6,0,,,4.5,-4.5,,,,,0.031,0.151,-0.075,-0.003,,,,,,,,2.5,-2.5,45.0,,,,,-4.5,4.5,44.5,,,,-4.5,4.5,44.5,,,,-4.5,4.5,44.5,,,,2.5,-2.5,45.0,,,
2025,1,9,SEA,SF,HOME,,-0.046,0.1369999999999999,0.031,-0.075,0.151,-0.003,,,,,,,-0.183,,,,,,,,,,,,,1:05 PM PT,5105.0,,,,4.5,,4.5,4:05 PM,,6,6,0,,,4.5,-4.5,,,,,0.031,0.151,-0.075,-0.003,,,,,,,,2.5,-2.5,45.0,,,,,-4.5,4.5,44.5,,,,-4.5,4.5,44.5,,,,-4.5,4.5,44.5,,,,-4.5,4.5,44.5,,,
2025,1,9,SEA,SF,HOME,,-0.046,0.1369999999999999,0.031,-0.075,0.151,-0.003,,,,,,,-0.183,,,,,,,,,,,,,1:05 PM PT,5105.0,,,,4.5,,4.5,4:05 PM,,6,6,0,,,4.5,-4.5,,,,,0.031,0.151,-0.075,-0.003,,,,,,,,-4.5,4.5,44.5,,,,,2.5,-2.5,45.0,,,,2.5,-2.5,45.0,,,,2.5,-2.5,45.0,,,,2.5,-2.5,45.0,,,
2025,1,9,SEA,SF,HOME,,-0.046,0.1369999999999999,0.031,-0.075,0.151,-0.003,,,,,,,-0.183,,,,,,,,,,,,,1:05 PM PT,5105.0,,,,4.5,,4.5,4:05 PM,,6,6,0,,,4.5,-4.5,,,,,0.031,0.151,-0.075,-0.003,,,,,,,,-4.5,4.5,44.5,,,,,2.5,-2.5,45.0,,,,2.5,-2.5,45.0,,,,2.5,-2.5,45.0,,,,-4.5,4.5,44.5,,,
2025,1,9,SEA,SF,HOME,,-0.046,0.1369999999999999,0.031,-0.075,0.151,-0.003,,,,,,,-0.183,,,,,,,,,,,,,1:05 PM PT,5105.0,,,,4.5,,4.5,4:05 PM,,6,6,0,,,4.5,-4.5,,,,,0.031,0.151,-0.075,-0.003,,,,,,,,-4.5,4.5,44.5,,,,,2.5,-2.5,45.0,,,,2.5,-2.5,45.0,,,,-4.5,4.5,44.5,,,,2.5,-2.5,45.0,,,
2025,1,9,SEA,SF,HOME,,-0.046,0.1369999999999999,0.031,-0.075,0.151,-0.003,,,,,,,-0.183,,,,,,,,,,,,,1:05 PM PT,5105.0,,,,4.5,,4.5,4:05 PM,,6,6,0,,,4.5,-4.5,,,,,0.031,0.151,-0.075,-0.003,,,,,,,,-4.5,4.5,44.5,,,,,2.5,-2.5,45.0,,,,2.5,-2.5,45.0,,,,-4.5,4.5,44.5,,,,-4.5,4.5,44.5,,,
2025,1,9,SEA,SF,HOME,,-0.046,0.1369999999999999,0.031,-0.075,0.151,-0.003,,,,,,,-0.183,,,,,,,,,,,,,1:05 PM PT,5105.0,,,,4.5,,4.5,4:05 PM,,6,6,0,,,4.5,-4.5,,,,,0.031,0.151,-0.075,-0.003,,,,,,,,-4.5,4.5,44.5,,,,,2.5,-2.5,45.0,,,,-4.5,4.5,44.5,,,,2.5,-2.5,45.0,,,,2.5,-2.5,45.0,,,
2025,1,9,SEA,SF,HOME,,-0.046,0.1369999999999999,0.031,-0.075,0.151,-0.003,,,,,,,-0.183,,,,,,,,,,,,,1:05 PM PT,5105.0,,,,4.5,,4.5,4:05 PM,,6,6,0,,,4.5,-4.5,,,,,0.031,0.151,-0.075,-0.003,,,,,,,,-4.5,4.5,44.5,,,,,2.5,-2.5,45.0,,,,-4.5,4.5,44.5,,,,2.5,-2.5,45.0,,,,-4.5,4.5,44.5,,,
2025,1,9,SEA,SF,HOME,,-0.046,0.1369999999999999,0.031,-0.075,0.151,-0.003,,,,,,,-0.183,,,,,,,,,,,,,1:05 PM PT,5105.0,,,,4.5,,4.5,4:05 PM,,6,6,0,,,4.5,-4.5,,,,,0.031,0.151,-0.075,-0.003,,,,,,,,-4.5,4.5,44.5,,,,,2.5,-2.5,45.0,,,,-4.5,4.5,44.5,,,,-4.5,4.5,44.5,,,,2.5,-2.5,45.0,,,
2025,1,9,SEA,SF,HOME,,-0.046,0.1369999999999999,0.031,-0.075,0.151,-0.003,,,,,,,-0.183,,,,,,,,,,,,,1:05 PM PT,5105.0,,,,4.5,,4.5,4:05 PM,,6,6,0,,,4.5,-4.5,,,,,0.031,0.151,-0.075,-0.003,,,,,,,,-4.5,4.5,44.5,,,,,2.5,-2.5,45.0,,,,-4.5,4.5,44.5,,,,-4.5,4.5,44.5,,,,-4.5,4.5,44.5,,,
2025,1,9,SEA,SF,HOME,,-0.046,0.1369999999999999,0.031,-0.075,0.151,-0.003,,,,,,,-0.183,,,,,,,,,,,,,1:05 PM PT,5105.0,,,,4.5,,4.5,4:05 PM,,6,6,0,,,4.5,-4.5,,,,,0.031,0.151,-0.075,-0.003,,,,,,,,-4.5,4.5,44.5,,,,,-4.5,4.5,44.5,,,,2.5,-2.5,45.0,,,,2.5,-2.5,45.0,,,,2.5,-2.5,45.0,,,
2025,1,9,SEA,SF,HOME,,-0.046,0.1369999999999999,0.031,-0.075,0.151,-0.003,,,,,,,-0.183,,,,,,,,,,,,,1:05 PM PT,5105.0,,,,4.5,,4.5,4:05 PM,,6,6,0,,,4.5,-4.5,,,,,0.031,0.151,-0.075,-0.003,,,,,,,,-4.5,4.5,44.5,,,,,-4.5,4.5,44.5,,,,2.5,-2.5,45.0,,,,2.5,-2.5,45.0,,,,-4.5,4.5,44.5,,,
2025,1,9,SEA,SF,HOME,,-0.046,0.1369999999999999,0.031,-0.075,0.151,-0.003,,,,,,,-0.183,,,,,,,,,,,,,1:05 PM PT,5105.0,,,,4.5,,4.5,4:05 PM,,6,6,0,,,4.5,-4.5,,,,,0.031,0.151,-0.075,-0.003,,,,,,,,-4.5,4.5,44.5,,,,,-4.5,4.5,44.5,,,,2.5,-2.5,45.0,,,,-4.5,4.5,44.5,,,,2.5,-2.5,45.0,,,
2025,1,9,SEA,SF,HOME,,-0.046,0.1369999999999999,0.031,-0.075,0.151,-0.003,,,,,,,-0.183,,,,,,,,,,,,,1:05 PM PT,5105.0,,,,4.5,,4.5,4:05 PM,,6,6,0,,,4.5,-4.5,,,,,0.031,0.151,-0.075,-0.003,,,,,,,,-4.5,4.5,44.5,,,,,-4.5,4.5,44.5,,,,2.5,-2.5,45.0,,,,-4.5,4.5,44.5,,,,-4.5,4.5,44.5,,,
2025,1,9,SEA,SF,HOME,,-0.046,0.1369999999999999,0.031,-0.075,0.151,-0.003,,,,,,,-0.183,,,,,,,,,,,,,1:05 PM PT,5105.0,,,,4.5,,4.5,4:05 PM,,6,6,0,,,4.5,-4.5,,,,,0.031,0.151,-0.075,-0.003,,,,,,,,-4.5,4.5,44.5,,,,,-4.5,4.5,44.5,,,,-4.5,4.5,44.5,,,,2.5,-2.5,45.0,,,,2.5,-2.5,45.0,,,
2025,1,9,SEA,SF,HOME,,-0.046,0.1369999999999999,0.031,-0.075,0.151,-0.003,,,,,,,-0.183,,,,,,,,,,,,,1:05 PM PT,5105.0,,,,4.5,,4.5,4:05 PM,,6,6,0,,,4.5,-4.5,,,,,0.031,0.151,-0.075,-0.003,,,,,,,,-4.5,4.5,44.5,,,,,-4.5,4.5,44.5,,,,-4.5,4.5,44.5,,,,2.5,-2.5,45.0,,,,-4.5,4.5,44.5,,,
2025,1,9,SEA,SF,HOME,,-0.046,0.1369999999999999,0.031,-0.075,0.151,-0.003,,,,,,,-0.183,,,,,,,,,,,,,1:05 PM PT,5105.0,,,,4.5,,4.5,4:05 PM,,6,6,0,,,4.5,-4.5,,,,,0.031,0.151,-0.075,-0.003,,,,,,,,-4.5,4.5,44.5,,,,,-4.5,4.5,44.5,,,,-4.5,4.5,44.5,,,,-4.5,4.5,44.5,,,,2.5,-2.5,45.0,,,
2025,1,9,SEA,SF,HOME,,-0.046,0.1369999999999999,0.031,-0.075,0.151,-0.003,,,,,,,-0.183,,,,,,,,,,,,,1:05 PM PT,5105.0,,,,4.5,,4.5,4:05 PM,,6,6,0,,,4.5,-4.5,,,,,0.031,0.151,-0.075,-0.003,,,,,,,,-4.5,4.5,44.5,,,,,-4.5,4.5,44.5,,,,-4.5,4.5,44.5,,,,-4.5,4.5,44.5,,,,-4.5,4.5,44.5,,,
2025,1,10,DEN,TEN,HOME,,0.054,-0.174,-0.013,-0.07,-0.0409999999999999,-0.133,,,,,,,0.2279999999999999,,,,,,,,,,,,,1:05 PM PT,5105.0,,,,-7.5,,-7.5,4:05 PM,,6,6,0,,,-7.5,7.5,,,,,-0.013,-0.0409999999999999,-0.07,-0.133,,,,,,,,-7.5,7.5,41.5,,,,,-7.5,7.5,41.5,,,,-7.5,7.5,41.5,,,,-7.5,7.5,41.5,,,,-7.5,7.5,41.5,,,
2025,1,11,GB,DET,HOME,,0.063,0.204,0.045,0.0139999999999999,0.1939999999999999,0.0139999999999999,,,,,,,-0.141,,,,,,,,,,,,,1:25 PM PT,5125.0,,,,2.5,,2.5,4:25 PM,,6,6,0,,,2.5,-2.5,,,,,0.045,0.1939999999999999,0.0139999999999999,0.0139999999999999,,,,,,,,-1.5,1.5,49.5,,,,,-1.5,1.5,49.5,,,,-1.5,1.5,49.5,,,,-1.5,1.5,49.5,,,,-1.5,1.5,49.5,,,
2025,1,11,GB,DET,HOME,,0.063,0.204,0.045,0.0139999999999999,0.1939999999999999,0.0139999999999999,,,,,,,-0.141,,,,,,,,,,,,,1:25 PM PT,5125.0,,,,2.5,,2.5,4:25 PM,,6,6,0,,,2.5,-2.5,,,,,0.045,0.1939999999999999,0.0139999999999999,0.0139999999999999,,,,,,,,-1.5,1.5,49.5,,,,,-1.5,1.5,49.5,,,,-1.5,1.5,49.5,,,,-1.5,1.5,49.5,,,,-2.5,2.5,48.5,,,
2025,1,11,GB,DET,HOME,,0.063,0.204,0.045,0.0139999999999999,0.1939999999999999,0.0139999999999999,,,,,,,-0.141,,,,,,,,,,,,,1:25 PM PT,5125.0,,,,2.5,,2.5,4:25 PM,,6,6,0,,,2.5,-2.5,,,,,0.045,0.1939999999999999,0.0139999999999999,0.0139999999999999,,,,,,,,-1.5,1.5,49.5,,,,,-1.5,1.5,49.5,,,,-1.5,1.5,49.5,,,,-2.5,2.5,48.5,,,,-1.5,1.5,49.5,,,
2025,1,11,GB,DET,HOME,,0.063,0.204,0.045,0.0139999999999999,0.1939999999999999,0.0139999999999999,,,,,,,-0.141,,,,,,,,,,,,,1:25 PM PT,5125.0,,,,2.5,,2.5,4:25 PM,,6,6,0,,,2.5,-2.5,,,,,0.045,0.1939999999999999,0.0139999999999999,0.0139999999999999,,,,,,,,-1.5,1.5,49.5,,,,,-1.5,1.5,49.5,,,,-1.5,1.5,49.5,,,,-2.5,2.5,48.5,,,,-2.5,2.5,48.5,,,
2025,1,11,GB,DET,HOME,,0.063,0.204,0.045,0.0139999999999999,0.1939999999999999,0.0139999999999999,,,,,,,-0.141,,,,,,,,,,,,,1:25 PM PT,5125.0,,,,2.5,,2.5,4:25 PM,,6,6,0,,,2.5,-2.5,,,,,0.045,0.1939999999999999,0.0139999999999999,0.0139999999999999,,,,,,,,-1.5,1.5,49.5,,,,,-1.5,1.5,49.5,,,,-2.5,2.5,48.5,,,,-1.5,1.5,49.5,,,,-1.5,1.5,49.5,,,
2025,1,11,GB,DET,HOME,,0.063,0.204,0.045,0.0139999999999999,0.1939999999999999,0.0139999999999999,,,,,,,-0.141,,,,,,,,,,,,,1:25 PM PT,5125.0,,,,2.5,,2.5,4:25 PM,,6,6,0,,,2.5,-2.5,,,,,0.045,0.1939999999999999,0.0139999999999999,0.0139999999999999,,,,,,,,-1.5,1.5,49.5,,,,,-1.5,1.5,49.5,,,,-2.5,2.5,48.5,,,,-1.5,1.5,49.5,,,,-2.5,2.5,48.5,,,
2025,1,11,GB,DET,HOME,,0.063,0.204,0.045,0.0139999999999999,0.1939999999999999,0.0139999999999999,,,,,,,-0.141,,,,,,,,,,,,,1:25 PM PT,5125.0,,,,2.5,,2.5,4:25 PM,,6,6,0,,,2.5,-2.5,,,,,0.045,0.1939999999999999,0.0139999999999999,0.0139999999999999,,,,,,,,-1.5,1.5,49.5,,,,,-1.5,1.5,49.5,,,,-2.5,2.5,48.5,,,,-2.5,2.5,48.5,,,,-1.5,1.5,49.5,,,
2025,1,11,GB,DET,HOME,,0.063,0.204,0.045,0.0139999999999999,0.1939999999999999,0.0139999999999999,,,,,,,-0.141,,,,,,,,,,,,,1:25 PM PT,5125.0,,,,2.5,,2.5,4:25 PM,,6,6,0,,,2.5,-2.5,,,,,0.045,0.1939999999999999,0.0139999999999999,0.0139999999999999,,,,,,,,-1.5,1.5,49.5,,,,,-1.5,1.5,49.5,,,,-2.5,2.5,48.5,,,,-2.5,2.5,48.5,,,,-2.5,2.5,48.5,,,
2025,1,11,GB,DET,HOME,,0.063,0.204,0.045,0.0139999999999999,0.1939999999999999,0.0139999999999999,,,,,,,-0.141,,,,,,,,,,,,,1:25 PM PT,5125.0,,,,2.5,,2.5,4:25 PM,,6,6,0,,,2.5,-2.5,,,,,0.045,0.1939999999999999,0.0139999999999999,0.0139999999999999,,,,,,,,-1.5,1.5,49.5,,,,,-2.5,2.5,48.5,,,,-1.5,1.5,49.5,,,,-1.5,1.5,49.5,,,,-1.5,1.5,49.5,,,
2025,1,11,GB,DET,HOME,,0.063,0.204,0.045,0.0139999999999999,0.1939999999999999,0.0139999999999999,,,,,,,-0.141,,,,,,,,,,,,,1:25 PM PT,5125.0,,,,2.5,,2.5,4:25 PM,,6,6,0,,,2.5,-2.5,,,,,0.045,0.1939999999999999,0.0139999999999999,0.0139999999999999,,,,,,,,-1.5,1.5,49.5,,,,,-2.5,2.5,48.5,,,,-1.5,1.5,49.5,,,,-1.5,1.5,49.5,,,,-2.5,2.5,48.5,,,
2025,1,11,GB,DET,HOME,,0.063,0.204,0.045,0.0139999999999999,0.1939999999999999,0.0139999999999999,,,,,,,-0.141,,,,,,,,,,,,,1:25 PM PT,5125.0,,,,2.5,,2.5,4:25 PM,,6,6,0,,,2.5,-2.5,,,,,0.045,0.1939999999999999,0.0139999999999999,0.0139999999999999,,,,,,,,-1.5,1.5,49.5,,,,,-2.5,2.5,48.5,,,,-1.5,1.5,49.5,,,,-2.5,2.5,48.5,,,,-1.5,1.5,49.5,,,
2025,1,11,GB,DET,HOME,,0.063,0.204,0.045,0.0139999999999999,0.1939999999999999,0.0139999999999999,,,,,,,-0.141,,,,,,,,,,,,,1:25 PM PT,5125.0,,,,2.5,,2.5,4:25 PM,,6,6,0,,,2.5,-2.5,,,,,0.045,0.1939999999999999,0.0139999999999999,0.0139999999999999,,,,,,,,-1.5,1.5,49.5,,,,,-2.5,2.5,48.5,,,,-1.5,1.5,49.5,,,,-2.5,2.5,48.5,,,,-2.5,2.5,48.5,,,
2025,1,11,GB,DET,HOME,,0.063,0.204,0.045,0.0139999999999999,0.1939999999999999,0.0139999999999999,,,,,,,-0.141,,,,,,,,,,,,,1:25 PM PT,5125.0,,,,2.5,,2.5,4:25 PM,,6,6,0,,,2.5,-2.5,,,,,0.045,0.1939999999999999,0.0139999999999999,0.0139999999999999,,,,,,,,-1.5,1.5,49.5,,,,,-2.5,2.5,48.5,,,,-2.5,2.5,48.5,,,,-1.5,1.5,49.5,,,,-1.5,1.5,49.5,,,
2025,1,11,GB,DET,HOME,,0.063,0.204,0.045,0.0139999999999999,0.1939999999999999,0.0139999999999999,,,,,,,-0.141,,,,,,,,,,,,,1:25 PM PT,5125.0,,,,2.5,,2.5,4:25 PM,,6,6,0,,,2.5,-2.5,,,,,0.045,0.1939999999999999,0.0139999999999999,0.0139999999999999,,,,,,,,-1.5,1.5,49.5,,,,,-2.5,2.5,48.5,,,,-2.5,2.5,48.5,,,,-1.5,1.5,49.5,,,,-2.5,2.5,48.5,,,
2025,1,11,GB,DET,HOME,,0.063,0.204,0.045,0.0139999999999999,0.1939999999999999,0.0139999999999999,,,,,,,-0.141,,,,,,,,,,,,,1:25 PM PT,5125.0,,,,2.5,,2.5,4:25 PM,,6,6,0,,,2.5,-2.5,,,,,0.045,0.1939999999999999,0.0139999999999999,0.0139999999999999,,,,,,,,-1.5,1.5,49.5,,,,,-2.5,2.5,48.5,,,,-2.5,2.5,48.5,,,,-2.5,2.5,48.5,,,,-1.5,1.5,49.5,,,
2025,1,11,GB,DET,HOME,,0.063,0.204,0.045,0.0139999999999999,0.1939999999999999,0.0139999999999999,,,,,,,-0.141,,,,,,,,,,,,,1:25 PM PT,5125.0,,,,2.5,,2.5,4:25 PM,,6,6,0,,,2.5,-2.5,,,,,0.045,0.1939999999999999,0.0139999999999999,0.0139999999999999,,,,,,,,-1.5,1.5,49.5,,,,,-2.5,2.5,48.5,,,,-2.5,2.5,48.5,,,,-2.5,2.5,48.5,,,,-2.5,2.5,48.5,,,
2025,1,11,GB,DET,HOME,,0.063,0.204,0.045,0.0139999999999999,0.1939999999999999,0.0139999999999999,,,,,,,-0.141,,,,,,,,,,,,,1:25 PM PT,5125.0,,,,2.5,,2.5,4:25 PM,,6,6,0,,,2.5,-2.5,,,,,0.045,0.1939999999999999,0.0139999999999999,0.0139999999999999,,,,,,,,-2.5,2.5,48.5,,,,,-1.5,1.5,49.5,,,,-1.5,1.5,49.5,,,,-1.5,1.5,49.5,,,,-1.5,1.5,49.5,,,
2025,1,11,GB,DET,HOME,,0.063,0.204,0.045,0.0139999999999999,0.1939999999999999,0.0139999999999999,,,,,,,-0.141,,,,,,,,,,,,,1:25 PM PT,5125.0,,,,2.5,,2.5,4:25 PM,,6,6,0,,,2.5,-2.5,,,,,0.045,0.1939999999999999,0.0139999999999999,0.0139999999999999,,,,,,,,-2.5,2.5,48.5,,,,,-1.5,1.5,49.5,,,,-1.5,1.5,49.5,,,,-1.5,1.5,49.5,,,,-2.5,2.5,48.5,,,
2025,1,11,GB,DET,HOME,,0.063,0.204,0.045,0.0139999999999999,0.1939999999999999,0.0139999999999999,,,,,,,-0.141,,,,,,,,,,,,,1:25 PM PT,5125.0,,,,2.5,,2.5,4:25 PM,,6,6,0,,,2.5,-2.5,,,,,0.045,0.1939999999999999,0.0139999999999999,0.0139999999999999,,,,,,,,-2.5,2.5,48.5,,,,,-1.5,1.5,49.5,,,,-1.5,1.5,49.5,,,,-2.5,2.5,48.5,,,,-1.5,1.5,49.5,,,
2025,1,11,GB,DET,HOME,,0.063,0.204,0.045,0.0139999999999999,0.1939999999999999,0.0139999999999999,,,,,,,-0.141,,,,,,,,,,,,,1:25 PM PT,5125.0,,,,2.5,,2.5,4:25 PM,,6,6,0,,,2.5,-2.5,,,,,0.045,0.1939999999999999,0.0139999999999999,0.0139999999999999,,,,,,,,-2.5,2.5,48.5,,,,,-1.5,1.5,49.5,,,,-1.5,1.5,49.5,,,,-2.5,2.5,48.5,,,,-2.5,2.5,48.5,,,
2025,1,11,GB,DET,HOME,,0.063,0.204,0.045,0.0139999999999999,0.1939999999999999,0.0139999999999999,,,,,,,-0.141,,,,,,,,,,,,,1:25 PM PT,5125.0,,,,2.5,,2.5,4:25 PM,,6,6,0,,,2.5,-2.5,,,,,0.045,0.1939999999999999,0.0139999999999999,0.0139999999999999,,,,,,,,-2.5,2.5,48.5,,,,,-1.5,1.5,49.5,,,,-2.5,2.5,48.5,,,,-1.5,1.5,49.5,,,,-1.5,1.5,49.5,,,
2025,1,11,GB,DET,HOME,,0.063,0.204,0.045,0.0139999999999999,0.1939999999999999,0.0139999999999999,,,,,,,-0.141,,,,,,,,,,,,,1:25 PM PT,5125.0,,,,2.5,,2.5,4:25 PM,,6,6,0,,,2.5,-2.5,,,,,0.045,0.1939999999999999,0.0139999999999999,0.0139999999999999,,,,,,,,-2.5,2.5,48.5,,,,,-1.5,1.5,49.5,,,,-2.5,2.5,48.5,,,,-1.5,1.5,49.5,,,,-2.5,2.5,48.5,,,
2025,1,11,GB,DET,HOME,,0.063,0.204,0.045,0.0139999999999999,0.1939999999999999,0.0139999999999999,,,,,,,-0.141,,,,,,,,,,,,,1:25 PM PT,5125.0,,,,2.5,,2.5,4:25 PM,,6,6,0,,,2.5,-2.5,,,,,0.045,0.1939999999999999,0.0139999999999999,0.0139999999999999,,,,,,,,-2.5,2.5,48.5,,,,,-1.5,1.5,49.5,,,,-2.5,2.5,48.5,,,,-2.5,2.5,48.5,,,,-1.5,1.5,49.5,,,
2025,1,11,GB,DET,HOME,,0.063,0.204,0.045,0.0139999999999999,0.1939999999999999,0.0139999999999999,,,,,,,-0.141,,,,,,,,,,,,,1:25 PM PT,5125.0,,,,2.5,,2.5,4:25 PM,,6,6,0,,,2.5,-2.5,,,,,0.045,0.1939999999999999,0.0139999999999999,0.0139999999999999,,,,,,,,-2.5,2.5,48.5,,,,,-1.5,1.5,49.5,,,,-2.5,2.5,48.5,,,,-2.5,2.5,48.5,,,,-2.5,2.5,48.5,,,
2025,1,11,GB,DET,HOME,,0.063,0.204,0.045,0.0139999999999999,0.1939999999999999,0.0139999999999999,,,,,,,-0.141,,,,,,,,,,,,,1:25 PM PT,5125.0,,,,2.5,,2.5,4:25 PM,,6,6,0,,,2.5,-2.5,,,,,0.045,0.1939999999999999,0.0139999999999999,0.0139999999999999,,,,,,,,-2.5,2.5,48.5,,,,,-2.5,2.5,48.5,,,,-1.5,1.5,49.5,,,,-1.5,1.5,49.5,,,,-1.5,1.5,49.5,,,
2025,1,11,GB,DET,HOME,,0.063,0.204,0.045,0.0139999999999999,0.1939999999999999,0.0139999999999999,,,,,,,-0.141,,,,,,,,,,,,,1:25 PM PT,5125.0,,,,2.5,,2.5,4:25 PM,,6,6,0,,,2.5,-2.5,,,,,0.045,0.1939999999999999,0.0139999999999999,0.0139999999999999,,,,,,,,-2.5,2.5,48.5,,,,,-2.5,2.5,48.5,,,,-1.5,1.5,49.5,,,,-1.5,1.5,49.5,,,,-2.5,2.5,48.5,,,
2025,1,11,GB,DET,HOME,,0.063,0.204,0.045,0.0139999999999999,0.1939999999999999,0.0139999999999999,,,,,,,-0.141,,,,,,,,,,,,,1:25 PM PT,5125.0,,,,2.5,,2.5,4:25 PM,,6,6,0,,,2.5,-2.5,,,,,0.045,0.1939999999999999,0.0139999999999999,0.0139999999999999,,,,,,,,-2.5,2.5,48.5,,,,,-2.5,2.5,48.5,,,,-1.5,1.5,49.5,,,,-2.5,2.5,48.5,,,,-1.5,1.5,49.5,,,
2025,1,11,GB,DET,HOME,,0.063,0.204,0.045,0.0139999999999999,0.1939999999999999,0.0139999999999999,,,,,,,-0.141,,,,,,,,,,,,,1:25 PM PT,5125.0,,,,2.5,,2.5,4:25 PM,,6,6,0,,,2.5,-2.5,,,,,0.045,0.1939999999999999,0.0139999999999999,0.0139999999999999,,,,,,,,-2.5,2.5,48.5,,,,,-2.5,2.5,48.5,,,,-1.5,1.5,49.5,,,,-2.5,2.5,48.5,,,,-2.5,2.5,48.5,,,
2025,1,11,GB,DET,HOME,,0.063,0.204,0.045,0.0139999999999999,0.1939999999999999,0.0139999999999999,,,,,,,-0.141,,,,,,,,,,,,,1:25 PM PT,5125.0,,,,2.5,,2.5,4:25 PM,,6,6,0,,,2.5,-2.5,,,,,0.045,0.1939999999999999,0.0139999999999999,0.0139999999999999,,,,,,,,-2.5,2.5,48.5,,,,,-2.5,2.5,48.5,,,,-2.5,2.5,48.5,,,,-1.5,1.5,49.5,,,,-1.5,1.5,49.5,,,
2025,1,11,GB,DET,HOME,,0.063,0.204,0.045,0.0139999999999999,0.1939999999999999,0.0139999999999999,,,,,,,-0.141,,,,,,,,,,,,,1:25 PM PT,5125.0,,,,2.5,,2.5,4:25 PM,,6,6,0,,,2.5,-2.5,,,,,0.045,0.1939999999999999,0.0139999999999999,0.0139999999999999,,,,,,,,-2.5,2.5,48.5,,,,,-2.5,2.5,48.5,,,,-2.5,2.5,48.5,,,,-1.5,1.5,49.5,,,,-2.5,2.5,48.5,,,
2025,1,11,GB,DET,HOME,,0.063,0.204,0.045,0.0139999999999999,0.1939999999999999,0.0139999999999999,,,,,,,-0.141,,,,,,,,,,,,,1:25 PM PT,5125.0,,,,2.5,,2.5,4:25 PM,,6,6,0,,,2.5,-2.5,,,,,0.045,0.1939999999999999,0.0139999999999999,0.0139999999999999,,,,,,,,-2.5,2.5,48.5,,,,,-2.5,2.5,48.5,,,,-2.5,2.5,48.5,,,,-2.5,2.5,48.5,,,,-1.5,1.5,49.5,,,
2025,1,11,GB,DET,HOME,,0.063,0.204,0.045,0.0139999999999999,0.1939999999999999,0.0139999999999999,,,,,,,-0.141,,,,,,,,,,,,,1:25 PM PT,5125.0,,,,2.5,,2.5,4:25 PM,,6,6,0,,,2.5,-2.5,,,,,0.045,0.1939999999999999,0.0139999999999999,0.0139999999999999,,,,,,,,-2.5,2.5,48.5,,,,,-2.5,2.5,48.5,,,,-2.5,2.5,48.5,,,,-2.5,2.5,48.5,,,,-2.5,2.5,48.5,,,
2025,1,12,LAR,HOU,HOME,,0.048,0.005,0.065,-0.017,-0.043,-0.045,,,,,,,0.043,,,,,,,,,,,,,1:25 PM PT,5125.0,,,,-2.5,,-2.5,4:25 PM,,6,6,0,,,-2.5,2.5,,,,,0.065,-0.043,-0.017,-0.045,,,,,,,,-2.5,2.5,44.5,,,,,-2.5,2.5,44.5,,,,-2.5,2.5,44.5,,,,-2.5,2.5,44.5,,,,-2.5,2.5,44.5,,,
2025,1,13,LAC,KC,HOME,,-0.046,0.159,0.009,0.051,0.1159999999999999,-0.0289999999999999,,,,,,,-0.205,,,,,,,,,,,,,5:00 PM PT,2460.0,,,,4.5,,4.5,8:00 PM,,6,6,0,,,4.5,-4.5,,,,,0.009,0.1159999999999999,0.051,-0.0289999999999999,,,,,,,,3.0,-3.0,45.0,,,,,3.0,-3.0,45.0,,,,3.0,-3.0,45.0,,,,3.0,-3.0,45.0,,,,3.0,-3.0,45.0,,,
2025,1,13,LAC,KC,HOME,,-0.046,0.159,0.009,0.051,0.1159999999999999,-0.0289999999999999,,,,,,,-0.205,,,,,,,,,,,,,5:00 PM PT,2460.0,,,,4.5,,4.5,8:00 PM,,6,6,0,,,4.5,-4.5,,,,,0.009,0.1159999999999999,0.051,-0.0289999999999999,,,,,,,,3.0,-3.0,45.0,,,,,3.0,-3.0,45.0,,,,3.0,-3.0,45.0,,,,3.0,-3.0,45.0,,,,-4.5,4.5,45.5,,,
2025,1,13,LAC,KC,HOME,,-0.046,0.159,0.009,0.051,0.1159999999999999,-0.0289999999999999,,,,,,,-0.205,,,,,,,,,,,,,5:00 PM PT,2460.0,,,,4.5,,4.5,8:00 PM,,6,6,0,,,4.5,-4.5,,,,,0.009,0.1159999999999999,0.051,-0.0289999999999999,,,,,,,,3.0,-3.0,45.0,,,,,3.0,-3.0,45.0,,,,3.0,-3.0,45.0,,,,-4.5,4.5,45.5,,,,3.0,-3.0,45.0,,,
2025,1,13,LAC,KC,HOME,,-0.046,0.159,0.009,0.051,0.1159999999999999,-0.0289999999999999,,,,,,,-0.205,,,,,,,,,,,,,5:00 PM PT,2460.0,,,,4.5,,4.5,8:00 PM,,6,6,0,,,4.5,-4.5,,,,,0.009,0.1159999999999999,0.051,-0.0289999999999999,,,,,,,,3.0,-3.0,45.0,,,,,3.0,-3.0,45.0,,,,3.0,-3.0,45.0,,,,-4.5,4.5,45.5,,,,-4.5,4.5,45.5,,,
2025,1,13,LAC,KC,HOME,,-0.046,0.159,0.009,0.051,0.1159999999999999,-0.0289999999999999,,,,,,,-0.205,,,,,,,,,,,,,5:00 PM PT,2460.0,,,,4.5,,4.5,8:00 PM,,6,6,0,,,4.5,-4.5,,,,,0.009,0.1159999999999999,0.051,-0.0289999999999999,,,,,,,,3.0,-3.0,45.0,,,,,3.0,-3.0,45.0,,,,-4.5,4.5,45.5,,,,3.0,-3.0,45.0,,,,3.0,-3.0,45.0,,,
2025,1,13,LAC,KC,HOME,,-0.046,0.159,0.009,0.051,0.1159999999999999,-0.0289999999999999,,,,,,,-0.205,,,,,,,,,,,,,5:00 PM PT,2460.0,,,,4.5,,4.5,8:00 PM,,6,6,0,,,4.5,-4.5,,,,,0.009,0.1159999999999999,0.051,-0.0289999999999999,,,,,,,,3.0,-3.0,45.0,,,,,3.0,-3.0,45.0,,,,-4.5,4.5,45.5,,,,3.0,-3.0,45.0,,,,-4.5,4.5,45.5,,,
2025,1,13,LAC,KC,HOME,,-0.046,0.159,0.009,0.051,0.1159999999999999,-0.0289999999999999,,,,,,,-0.205,,,,,,,,,,,,,5:00 PM PT,2460.0,,,,4.5,,4.5,8:00 PM,,6,6,0,,,4.5,-4.5,,,,,0.009,0.1159999999999999,0.051,-0.0289999999999999,,,,,,,,3.0,-3.0,45.0,,,,,3.0,-3.0,45.0,,,,-4.5,4.5,45.5,,,,-4.5,4.5,45.5,,,,3.0,-3.0,45.0,,,
2025,1,13,LAC,KC,HOME,,-0.046,0.159,0.009,0.051,0.1159999999999999,-0.0289999999999999,,,,,,,-0.205,,,,,,,,,,,,,5:00 PM PT,2460.0,,,,4.5,,4.5,8:00 PM,,6,6,0,,,4.5,-4.5,,,,,0.009,0.1159999999999999,0.051,-0.0289999999999999,,,,,,,,3.0,-3.0,45.0,,,,,3.0,-3.0,45.0,,,,-4.5,4.5,45.5,,,,-4.5,4.5,45.5,,,,-4.5,4.5,45.5,,,
2025,1,13,LAC,KC,HOME,,-0.046,0.159,0.009,0.051,0.1159999999999999,-0.0289999999999999,,,,,,,-0.205,,,,,,,,,,,,,5:00 PM PT,2460.0,,,,4.5,,4.5,8:00 PM,,6,6,0,,,4.5,-4.5,,,,,0.009,0.1159999999999999,0.051,-0.0289999999999999,,,,,,,,3.0,-3.0,45.0,,,,,-4.5,4.5,45.5,,,,3.0,-3.0,45.0,,,,3.0,-3.0,45.0,,,,3.0,-3.0,45.0,,,
2025,1,13,LAC,KC,HOME,,-0.046,0.159,0.009,0.051,0.1159999999999999,-0.0289999999999999,,,,,,,-0.205,,,,,,,,,,,,,5:00 PM PT,2460.0,,,,4.5,,4.5,8:00 PM,,6,6,0,,,4.5,-4.5,,,,,0.009,0.1159999999999999,0.051,-0.0289999999999999,,,,,,,,3.0,-3.0,45.0,,,,,-4.5,4.5,45.5,,,,3.0,-3.0,45.0,,,,3.0,-3.0,45.0,,,,-4.5,4.5,45.5,,,
2025,1,13,LAC,KC,HOME,,-0.046,0.159,0.009,0.051,0.1159999999999999,-0.0289999999999999,,,,,,,-0.205,,,,,,,,,,,,,5:00 PM PT,2460.0,,,,4.5,,4.5,8:00 PM,,6,6,0,,,4.5,-4.5,,,,,0.009,0.1159999999999999,0.051,-0.0289999999999999,,,,,,,,3.0,-3.0,45.0,,,,,-4.5,4.5,45.5,,,,3.0,-3.0,45.0,,,,-4.5,4.5,45.5,,,,3.0,-3.0,45.0,,,
2025,1,13,LAC,KC,HOME,,-0.046,0.159,0.009,0.051,0.1159999999999999,-0.0289999999999999,,,,,,,-0.205,,,,,,,,,,,,,5:00 PM PT,2460.0,,,,4.5,,4.5,8:00 PM,,6,6,0,,,4.5,-4.5,,,,,0.009,0.1159999999999999,0.051,-0.0289999999999999,,,,,,,,3.0,-3.0,45.0,,,,,-4.5,4.5,45.5,,,,3.0,-3.0,45.0,,,,-4.5,4.5,45.5,,,,-4.5,4.5,45.5,,,
2025,1,13,LAC,KC,HOME,,-0.046,0.159,0.009,0.051,0.1159999999999999,-0.0289999999999999,,,,,,,-0.205,,,,,,,,,,,,,5:00 PM PT,2460.0,,,,4.5,,4.5,8:00 PM,,6,6,0,,,4.5,-4.5,,,,,0.009,0.1159999999999999,0.051,-0.0289999999999999,,,,,,,,3.0,-3.0,45.0,,,,,-4.5,4.5,45.5,,,,-4.5,4.5,45.5,,,,3.0,-3.0,45.0,,,,3.0,-3.0,45.0,,,
2025,1,13,LAC,KC,HOME,,-0.046,0.159,0.009,0.051,0.1159999999999999,-0.0289999999999999,,,,,,,-0.205,,,,,,,,,,,,,5:00 PM PT,2460.0,,,,4.5,,4.5,8:00 PM,,6,6,0,,,4.5,-4.5,,,,,0.009,0.1159999999999999,0.051,-0.0289999999999999,,,,,,,,3.0,-3.0,45.0,,,,,-4.5,4.5,45.5,,,,-4.5,4.5,45.5,,,,3.0,-3.0,45.0,,,,-4.5,4.5,45.5,,,
2025,1,13,LAC,KC,HOME,,-0.046,0.159,0.009,0.051,0.1159999999999999,-0.0289999999999999,,,,,,,-0.205,,,,,,,,,,,,,5:00 PM PT,2460.0,,,,4.5,,4.5,8:00 PM,,6,6,0,,,4.5,-4.5,,,,,0.009,0.1159999999999999,0.051,-0.0289999999999999,,,,,,,,3.0,-3.0,45.0,,,,,-4.5,4.5,45.5,,,,-4.5,4.5,45.5,,,,-4.5,4.5,45.5,,,,3.0,-3.0,45.0,,,
2025,1,13,LAC,KC,HOME,,-0.046,0.159,0.009,0.051,0.1159999999999999,-0.0289999999999999,,,,,,,-0.205,,,,,,,,,,,,,5:00 PM PT,2460.0,,,,4.5,,4.5,8:00 PM,,6,6,0,,,4.5,-4.5,,,,,0.009,0.1159999999999999,0.051,-0.0289999999999999,,,,,,,,3.0,-3.0,45.0,,,,,-4.5,4.5,45.5,,,,-4.5,4.5,45.5,,,,-4.5,4.5,45.5,,,,-4.5,4.5,45.5,,,
2025,1,13,LAC,KC,HOME,,-0.046,0.159,0.009,0.051,0.1159999999999999,-0.0289999999999999,,,,,,,-0.205,,,,,,,,,,,,,5:00 PM PT,2460.0,,,,4.5,,4.5,8:00 PM,,6,6,0,,,4.5,-4.5,,,,,0.009,0.1159999999999999,0.051,-0.0289999999999999,,,,,,,,-4.5,4.5,45.5,,,,,3.0,-3.0,45.0,,,,3.0,-3.0,45.0,,,,3.0,-3.0,45.0,,,,3.0,-3.0,45.0,,,
2025,1,13,LAC,KC,HOME,,-0.046,0.159,0.009,0.051,0.1159999999999999,-0.0289999999999999,,,,,,,-0.205,,,,,,,,,,,,,5:00 PM PT,2460.0,,,,4.5,,4.5,8:00 PM,,6,6,0,,,4.5,-4.5,,,,,0.009,0.1159999999999999,0.051,-0.0289999999999999,,,,,,,,-4.5,4.5,45.5,,,,,3.0,-3.0,45.0,,,,3.0,-3.0,45.0,,,,3.0,-3.0,45.0,,,,-4.5,4.5,45.5,,,
2025,1,13,LAC,KC,HOME,,-0.046,0.159,0.009,0.051,0.1159999999999999,-0.0289999999999999,,,,,,,-0.205,,,,,,,,,,,,,5:00 PM PT,2460.0,,,,4.5,,4.5,8:00 PM,,6,6,0,,,4.5,-4.5,,,,,0.009,0.1159999999999999,0.051,-0.0289999999999999,,,,,,,,-4.5,4.5,45.5,,,,,3.0,-3.0,45.0,,,,3.0,-3.0,45.0,,,,-4.5,4.5,45.5,,,,3.0,-3.0,45.0,,,
2025,1,13,LAC,KC,HOME,,-0.046,0.159,0.009,0.051,0.1159999999999999,-0.0289999999999999,,,,,,,-0.205,,,,,,,,,,,,,5:00 PM PT,2460.0,,,,4.5,,4.5,8:00 PM,,6,6,0,,,4.5,-4.5,,,,,0.009,0.1159999999999999,0.051,-0.0289999999999999,,,,,,,,-4.5,4.5,45.5,,,,,3.0,-3.0,45.0,,,,3.0,-3.0,45.0,,,,-4.5,4.5,45.5,,,,-4.5,4.5,45.5,,,
2025,1,13,LAC,KC,HOME,,-0.046,0.159,0.009,0.051,0.1159999999999999,-0.0289999999999999,,,,,,,-0.205,,,,,,,,,,,,,5:00 PM PT,2460.0,,,,4.5,,4.5,8:00 PM,,6,6,0,,,4.5,-4.5,,,,,0.009,0.1159999999999999,0.051,-0.0289999999999999,,,,,,,,-4.5,4.5,45.5,,,,,3.0,-3.0,45.0,,,,-4.5,4.5,45.5,,,,3.0,-3.0,45.0,,,,3.0,-3.0,45.0,,,
2025,1,13,LAC,KC,HOME,,-0.046,0.159,0.009,0.051,0.1159999999999999,-0.0289999999999999,,,,,,,-0.205,,,,,,,,,,,,,5:00 PM PT,2460.0,,,,4.5,,4.5,8:00 PM,,6,6,0,,,4.5,-4.5,,,,,0.009,0.1159999999999999,0.051,-0.0289999999999999,,,,,,,,-4.5,4.5,45.5,,,,,3.0,-3.0,45.0,,,,-4.5,4.5,45.5,,,,3.0,-3.0,45.0,,,,-4.5,4.5,45.5,,,
2025,1,13,LAC,KC,HOME,,-0.046,0.159,0.009,0.051,0.1159999999999999,-0.0289999999999999,,,,,,,-0.205,,,,,,,,,,,,,5:00 PM PT,2460.0,,,,4.5,,4.5,8:00 PM,,6,6,0,,,4.5,-4.5,,,,,0.009,0.1159999999999999,0.051,-0.0289999999999999,,,,,,,,-4.5,4.5,45.5,,,,,3.0,-3.0,45.0,,,,-4.5,4.5,45.5,,,,-4.5,4.5,45.5,,,,3.0,-3.0,45.0,,,
2025,1,13,LAC,KC,HOME,,-0.046,0.159,0.009,0.051,0.1159999999999999,-0.0289999999999999,,,,,,,-0.205,,,,,,,,,,,,,5:00 PM PT,2460.0,,,,4.5,,4.5,8:00 PM,,6,6,0,,,4.5,-4.5,,,,,0.009,0.1159999999999999,0.051,-0.0289999999999999,,,,,,,,-4.5,4.5,45.5,,,,,3.0,-3.0,45.0,,,,-4.5,4.5,45.5,,,,-4.5,4.5,45.5,,,,-4.5,4.5,45.5,,,
2025,1,13,LAC,KC,HOME,,-0.046,0.159,0.009,0.051,0.1159999999999999,-0.0289999999999999,,,,,,,-0.205,,,,,,,,,,,,,5:00 PM PT,2460.0,,,,4.5,,4.5,8:00 PM,,6,6,0,,,4.5,-4.5,,,,,0.009,0.1159999999999999,0.051,-0.0289999999999999,,,,,,,,-4.5,4.5,45.5,,,,,-4.5,4.5,45.5,,,,3.0,-3.0,45.0,,,,3.0,-3.0,45.0,,,,3.0,-3.0,45.0,,,
2025,1,13,LAC,KC,HOME,,-0.046,0.159,0.009,0.051,0.1159999999999999,-0.0289999999999999,,,,,,,-0.205,,,,,,,,,,,,,5:00 PM PT,2460.0,,,,4.5,,4.5,8:00 PM,,6,6,0,,,4.5,-4.5,,,,,0.009,0.1159999999999999,0.051,-0.0289999999999999,,,,,,,,-4.5,4.5,45.5,,,,,-4.5,4.5,45.5,,,,3.0,-3.0,45.0,,,,3.0,-3.0,45.0,,,,-4.5,4.5,45.5,,,
2025,1,13,LAC,KC,HOME,,-0.046,0.159,0.009,0.051,0.1159999999999999,-0.0289999999999999,,,,,,,-0.205,,,,,,,,,,,,,5:00 PM PT,2460.0,,,,4.5,,4.5,8:00 PM,,6,6,0,,,4.5,-4.5,,,,,0.009,0.1159999999999999,0.051,-0.0289999999999999,,,,,,,,-4.5,4.5,45.5,,,,,-4.5,4.5,45.5,,,,3.0,-3.0,45.0,,,,-4.5,4.5,45.5,,,,3.0,-3.0,45.0,,,
2025,1,13,LAC,KC,HOME,,-0.046,0.159,0.009,0.051,0.1159999999999999,-0.0289999999999999,,,,,,,-0.205,,,,,,,,,,,,,5:00 PM PT,2460.0,,,,4.5,,4.5,8:00 PM,,6,6,0,,,4.5,-4.5,,,,,0.009,0.1159999999999999,0.051,-0.0289999999999999,,,,,,,,-4.5,4.5,45.5,,,,,-4.5,4.5,45.5,,,,3.0,-3.0,45.0,,,,-4.5,4.5,45.5,,,,-4.5,4.5,45.5,,,
2025,1,13,LAC,KC,HOME,,-0.046,0.159,0.009,0.051,0.1159999999999999,-0.0289999999999999,,,,,,,-0.205,,,,,,,,,,,,,5:00 PM PT,2460.0,,,,4.5,,4.5,8:00 PM,,6,6,0,,,4.5,-4.5,,,,,0.009,0.1159999999999999,0.051,-0.0289999999999999,,,,,,,,-4.5,4.5,45.5,,,,,-4.5,4.5,45.5,,,,-4.5,4.5,45.5,,,,3.0,-3.0,45.0,,,,3.0,-3.0,45.0,,,
2025,1,13,LAC,KC,HOME,,-0.046,0.159,0.009,0.051,0.1159999999999999,-0.0289999999999999,,,,,,,-0.205,,,,,,,,,,,,,5:00 PM PT,2460.0,,,,4.5,,4.5,8:00 PM,,6,6,0,,,4.5,-4.5,,,,,0.009,0.1159999999999999,0.051,-0.0289999999999999,,,,,,,,-4.5,4.5,45.5,,,,,-4.5,4.5,45.5,,,,-4.5,4.5,45.5,,,,3.0,-3.0,45.0,,,,-4.5,4.5,45.5,,,
2025,1,13,LAC,KC,HOME,,-0.046,0.159,0.009,0.051,0.1159999999999999,-0.0289999999999999,,,,,,,-0.205,,,,,,,,,,,,,5:00 PM PT,2460.0,,,,4.5,,4.5,8:00 PM,,6,6,0,,,4.5,-4.5,,,,,0.009,0.1159999999999999,0.051,-0.0289999999999999,,,,,,,,-4.5,4.5,45.5,,,,,-4.5,4.5,45.5,,,,-4.5,4.5,45.5,,,,-4.5,4.5,45.5,,,,3.0,-3.0,45.0,,,
2025,1,13,LAC,KC,HOME,,-0.046,0.159,0.009,0.051,0.1159999999999999,-0.0289999999999999,,,,,,,-0.205,,,,,,,,,,,,,5:00 PM PT,2460.0,,,,4.5,,4.5,8:00 PM,,6,6,0,,,4.5,-4.5,,,,,0.009,0.1159999999999999,0.051,-0.0289999999999999,,,,,,,,-4.5,4.5,45.5,,,,,-4.5,4.5,45.5,,,,-4.5,4.5,45.5,,,,-4.5,4.5,45.5,,,,-4.5,4.5,45.5,,,
2025,1,14,CHI,MIN,HOME,,-0.042,0.0,-0.024,-0.02,-0.107,0.107,,,,,,,-0.042,,,,,,,,,,,,,5:15 PM PT,6795.0,,,,2.5,,2.5,8:15 PM,,6,6,0,,,2.5,-2.5,,,,,-0.024,-0.107,-0.02,0.107,,,,,,,,2.0,-2.0,43.5,,,,,2.0,-2.0,43.5,,,,2.0,-2.0,43.5,,,,2.0,-2.0,43.5,,,,2.0,-2.0,43.5,,,
2025,1,14,CHI,MIN,HOME,,-0.042,0.0,-0.024,-0.02,-0.107,0.107,,,,,,,-0.042,,,,,,,,,,,,,5:15 PM PT,6795.0,,,,2.5,,2.5,8:15 PM,,6,6,0,,,2.5,-2.5,,,,,-0.024,-0.107,-0.02,0.107,,,,,,,,2.0,-2.0,43.5,,,,,2.0,-2.0,43.5,,,,2.0,-2.0,43.5,,,,2.0,-2.0,43.5,,,,-2.5,2.5,45.5,,,
2025,1,14,CHI,MIN,HOME,,-0.042,0.0,-0.024,-0.02,-0.107,0.107,,,,,,,-0.042,,,,,,,,,,,,,5:15 PM PT,6795.0,,,,2.5,,2.5,8:15 PM,,6,6,0,,,2.5,-2.5,,,,,-0.024,-0.107,-0.02,0.107,,,,,,,,2.0,-2.0,43.5,,,,,2.0,-2.0,43.5,,,,2.0,-2.0,43.5,,,,-2.5,2.5,45.5,,,,2.0,-2.0,43.5,,,
2025,1,14,CHI,MIN,HOME,,-0.042,0.0,-0.024,-0.02,-0.107,0.107,,,,,,,-0.042,,,,,,,,,,,,,5:15 PM PT,6795.0,,,,2.5,,2.5,8:15 PM,,6,6,0,,,2.5,-2.5,,,,,-0.024,-0.107,-0.02,0.107,,,,,,,,2.0,-2.0,43.5,,,,,2.0,-2.0,43.5,,,,2.0,-2.0,43.5,,,,-2.5,2.5,45.5,,,,-2.5,2.5,45.5,,,
2025,1,14,CHI,MIN,HOME,,-0.042,0.0,-0.024,-0.02,-0.107,0.107,,,,,,,-0.042,,,,,,,,,,,,,5:15 PM PT,6795.0,,,,2.5,,2.5,8:15 PM,,6,6,0,,,2.5,-2.5,,,,,-0.024,-0.107,-0.02,0.107,,,,,,,,2.0,-2.0,43.5,,,,,2.0,-2.0,43.5,,,,-2.5,2.5,45.5,,,,2.0,-2.0,43.5,,,,2.0,-2.0,43.5,,,
2025,1,14,CHI,MIN,HOME,,-0.042,0.0,-0.024,-0.02,-0.107,0.107,,,,,,,-0.042,,,,,,,,,,,,,5:15 PM PT,6795.0,,,,2.5,,2.5,8:15 PM,,6,6,0,,,2.5,-2.5,,,,,-0.024,-0.107,-0.02,0.107,,,,,,,,2.0,-2.0,43.5,,,,,2.0,-2.0,43.5,,,,-2.5,2.5,45.5,,,,2.0,-2.0,43.5,,,,-2.5,2.5,45.5,,,
2025,1,14,CHI,MIN,HOME,,-0.042,0.0,-0.024,-0.02,-0.107,0.107,,,,,,,-0.042,,,,,,,,,,,,,5:15 PM PT,6795.0,,,,2.5,,2.5,8:15 PM,,6,6,0,,,2.5,-2.5,,,,,-0.024,-0.107,-0.02,0.107,,,,,,,,2.0,-2.0,43.5,,,,,2.0,-2.0,43.5,,,,-2.5,2.5,45.5,,,,-2.5,2.5,45.5,,,,2.0,-2.0,43.5,,,
2025,1,14,CHI,MIN,HOME,,-0.042,0.0,-0.024,-0.02,-0.107,0.107,,,,,,,-0.042,,,,,,,,,,,,,5:15 PM PT,6795.0,,,,2.5,,2.5,8:15 PM,,6,6,0,,,2.5,-2.5,,,,,-0.024,-0.107,-0.02,0.107,,,,,,,,2.0,-2.0,43.5,,,,,2.0,-2.0,43.5,,,,-2.5,2.5,45.5,,,,-2.5,2.5,45.5,,,,-2.5,2.5,45.5,,,
2025,1,14,CHI,MIN,HOME,,-0.042,0.0,-0.024,-0.02,-0.107,0.107,,,,,,,-0.042,,,,,,,,,,,,,5:15 PM PT,6795.0,,,,2.5,,2.5,8:15 PM,,6,6,0,,,2.5,-2.5,,,,,-0.024,-0.107,-0.02,0.107,,,,,,,,2.0,-2.0,43.5,,,,,-2.5,2.5,45.5,,,,2.0,-2.0,43.5,,,,2.0,-2.0,43.5,,,,2.0,-2.0,43.5,,,
2025,1,14,CHI,MIN,HOME,,-0.042,0.0,-0.024,-0.02,-0.107,0.107,,,,,,,-0.042,,,,,,,,,,,,,5:15 PM PT,6795.0,,,,2.5,,2.5,8:15 PM,,6,6,0,,,2.5,-2.5,,,,,-0.024,-0.107,-0.02,0.107,,,,,,,,2.0,-2.0,43.5,,,,,-2.5,2.5,45.5,,,,2.0,-2.0,43.5,,,,2.0,-2.0,43.5,,,,-2.5,2.5,45.5,,,
2025,1,14,CHI,MIN,HOME,,-0.042,0.0,-0.024,-0.02,-0.107,0.107,,,,,,,-0.042,,,,,,,,,,,,,5:15 PM PT,6795.0,,,,2.5,,2.5,8:15 PM,,6,6,0,,,2.5,-2.5,,,,,-0.024,-0.107,-0.02,0.107,,,,,,,,2.0,-2.0,43.5,,,,,-2.5,2.5,45.5,,,,2.0,-2.0,43.5,,,,-2.5,2.5,45.5,,,,2.0,-2.0,43.5,,,
2025,1,14,CHI,MIN,HOME,,-0.042,0.0,-0.024,-0.02,-0.107,0.107,,,,,,,-0.042,,,,,,,,,,,,,5:15 PM PT,6795.0,,,,2.5,,2.5,8:15 PM,,6,6,0,,,2.5,-2.5,,,,,-0.024,-0.107,-0.02,0.107,,,,,,,,2.0,-2.0,43.5,,,,,-2.5,2.5,45.5,,,,2.0,-2.0,43.5,,,,-2.5,2.5,45.5,,,,-2.5,2.5,45.5,,,
2025,1,14,CHI,MIN,HOME,,-0.042,0.0,-0.024,-0.02,-0.107,0.107,,,,,,,-0.042,,,,,,,,,,,,,5:15 PM PT,6795.0,,,,2.5,,2.5,8:15 PM,,6,6,0,,,2.5,-2.5,,,,,-0.024,-0.107,-0.02,0.107,,,,,,,,2.0,-2.0,43.5,,,,,-2.5,2.5,45.5,,,,-2.5,2.5,45.5,,,,2.0,-2.0,43.5,,,,2.0,-2.0,43.5,,,
2025,1,14,CHI,MIN,HOME,,-0.042,0.0,-0.024,-0.02,-0.107,0.107,,,,,,,-0.042,,,,,,,,,,,,,5:15 PM PT,6795.0,,,,2.5,,2.5,8:15 PM,,6,6,0,,,2.5,-2.5,,,,,-0.024,-0.107,-0.02,0.107,,,,,,,,2.0,-2.0,43.5,,,,,-2.5,2.5,45.5,,,,-2.5,2.5,45.5,,,,2.0,-2.0,43.5,,,,-2.5,2.5,45.5,,,
2025,1,14,CHI,MIN,HOME,,-0.042,0.0,-0.024,-0.02,-0.107,0.107,,,,,,,-0.042,,,,,,,,,,,,,5:15 PM PT,6795.0,,,,2.5,,2.5,8:15 PM,,6,6,0,,,2.5,-2.5,,,,,-0.024,-0.107,-0.02,0.107,,,,,,,,2.0,-2.0,43.5,,,,,-2.5,2.5,45.5,,,,-2.5,2.5,45.5,,,,-2.5,2.5,45.5,,,,2.0,-2.0,43.5,,,
2025,1,14,CHI,MIN,HOME,,-0.042,0.0,-0.024,-0.02,-0.107,0.107,,,,,,,-0.042,,,,,,,,,,,,,5:15 PM PT,6795.0,,,,2.5,,2.5,8:15 PM,,6,6,0,,,2.5,-2.5,,,,,-0.024,-0.107,-0.02,0.107,,,,,,,,2.0,-2.0,43.5,,,,,-2.5,2.5,45.5,,,,-2.5,2.5,45.5,,,,-2.5,2.5,45.5,,,,-2.5,2.5,45.5,,,
2025,1,14,CHI,MIN,HOME,,-0.042,0.0,-0.024,-0.02,-0.107,0.107,,,,,,,-0.042,,,,,,,,,,,,,5:15 PM PT,6795.0,,,,2.5,,2.5,8:15 PM,,6,6,0,,,2.5,-2.5,,,,,-0.024,-0.107,-0.02,0.107,,,,,,,,-2.5,2.5,45.5,,,,,2.0,-2.0,43.5,,,,2.0,-2.0,43.5,,,,2.0,-2.0,43.5,,,,2.0,-2.0,43.5,,,
2025,1,14,CHI,MIN,HOME,,-0.042,0.0,-0.024,-0.02,-0.107,0.107,,,,,,,-0.042,,,,,,,,,,,,,5:15 PM PT,6795.0,,,,2.5,,2.5,8:15 PM,,6,6,0,,,2.5,-2.5,,,,,-0.024,-0.107,-0.02,0.107,,,,,,,,-2.5,2.5,45.5,,,,,2.0,-2.0,43.5,,,,2.0,-2.0,43.5,,,,2.0,-2.0,43.5,,,,-2.5,2.5,45.5,,,
2025,1,14,CHI,MIN,HOME,,-0.042,0.0,-0.024,-0.02,-0.107,0.107,,,,,,,-0.042,,,,,,,,,,,,,5:15 PM PT,6795.0,,,,2.5,,2.5,8:15 PM,,6,6,0,,,2.5,-2.5,,,,,-0.024,-0.107,-0.02,0.107,,,,,,,,-2.5,2.5,45.5,,,,,2.0,-2.0,43.5,,,,2.0,-2.0,43.5,,,,-2.5,2.5,45.5,,,,2.0,-2.0,43.5,,,
2025,1,14,CHI,MIN,HOME,,-0.042,0.0,-0.024,-0.02,-0.107,0.107,,,,,,,-0.042,,,,,,,,,,,,,5:15 PM PT,6795.0,,,,2.5,,2.5,8:15 PM,,6,6,0,,,2.5,-2.5,,,,,-0.024,-0.107,-0.02,0.107,,,,,,,,-2.5,2.5,45.5,,,,,2.0,-2.0,43.5,,,,2.0,-2.0,43.5,,,,-2.5,2.5,45.5,,,,-2.5,2.5,45.5,,,
2025,1,14,CHI,MIN,HOME,,-0.042,0.0,-0.024,-0.02,-0.107,0.107,,,,,,,-0.042,,,,,,,,,,,,,5:15 PM PT,6795.0,,,,2.5,,2.5,8:15 PM,,6,6,0,,,2.5,-2.5,,,,,-0.024,-0.107,-0.02,0.107,,,,,,,,-2.5,2.5,45.5,,,,,2.0,-2.0,43.5,,,,-2.5,2.5,45.5,,,,2.0,-2.0,43.5,,,,2.0,-2.0,43.5,,,
2025,1,14,CHI,MIN,HOME,,-0.042,0.0,-0.024,-0.02,-0.107,0.107,,,,,,,-0.042,,,,,,,,,,,,,5:15 PM PT,6795.0,,,,2.5,,2.5,8:15 PM,,6,6,0,,,2.5,-2.5,,,,,-0.024,-0.107,-0.02,0.107,,,,,,,,-2.5,2.5,45.5,,,,,2.0,-2.0,43.5,,,,-2.5,2.5,45.5,,,,2.0,-2.0,43.5,,,,-2.5,2.5,45.5,,,
2025,1,14,CHI,MIN,HOME,,-0.042,0.0,-0.024,-0.02,-0.107,0.107,,,,,,,-0.042,,,,,,,,,,,,,5:15 PM PT,6795.0,,,,2.5,,2.5,8:15 PM,,6,6,0,,,2.5,-2.5,,,,,-0.024,-0.107,-0.02,0.107,,,,,,,,-2.5,2.5,45.5,,,,,2.0,-2.0,43.5,,,,-2.5,2.5,45.5,,,,-2.5,2.5,45.5,,,,2.0,-2.0,43.5,,,
2025,1,14,CHI,MIN,HOME,,-0.042,0.0,-0.024,-0.02,-0.107,0.107,,,,,,,-0.042,,,,,,,,,,,,,5:15 PM PT,6795.0,,,,2.5,,2.5,8:15 PM,,6,6,0,,,2.5,-2.5,,,,,-0.024,-0.107,-0.02,0.107,,,,,,,,-2.5,2.5,45.5,,,,,2.0,-2.0,43.5,,,,-2.5,2.5,45.5,,,,-2.5,2.5,45.5,,,,-2.5,2.5,45.5,,,
2025,1,14,CHI,MIN,HOME,,-0.042,0.0,-0.024,-0.02,-0.107,0.107,,,,,,,-0.042,,,,,,,,,,,,,5:15 PM PT,6795.0,,,,2.5,,2.5,8:15 PM,,6,6,0,,,2.5,-2.5,,,,,-0.024,-0.107,-0.02,0.107,,,,,,,,-2.5,2.5,45.5,,,,,-2.5,2.5,45.5,,,,2.0,-2.0,43.5,,,,2.0,-2.0,43.5,,,,2.0,-2.0,43.5,,,
2025,1,14,CHI,MIN,HOME,,-0.042,0.0,-0.024,-0.02,-0.107,0.107,,,,,,,-0.042,,,,,,,,,,,,,5:15 PM PT,6795.0,,,,2.5,,2.5,8:15 PM,,6,6,0,,,2.5,-2.5,,,,,-0.024,-0.107,-0.02,0.107,,,,,,,,-2.5,2.5,45.5,,,,,-2.5,2.5,45.5,,,,2.0,-2.0,43.5,,,,2.0,-2.0,43.5,,,,-2.5,2.5,45.5,,,
2025,1,14,CHI,MIN,HOME,,-0.042,0.0,-0.024,-0.02,-0.107,0.107,,,,,,,-0.042,,,,,,,,,,,,,5:15 PM PT,6795.0,,,,2.5,,2.5,8:15 PM,,6,6,0,,,2.5,-2.5,,,,,-0.024,-0.107,-0.02,0.107,,,,,,,,-2.5,2.5,45.5,,,,,-2.5,2.5,45.5,,,,2.0,-2.0,43.5,,,,-2.5,2.5,45.5,,,,2.0,-2.0,43.5,,,
2025,1,14,CHI,MIN,HOME,,-0.042,0.0,-0.024,-0.02,-0.107,0.107,,,,,,,-0.042,,,,,,,,,,,,,5:15 PM PT,6795.0,,,,2.5,,2.5,8:15 PM,,6,6,0,,,2.5,-2.5,,,,,-0.024,-0.107,-0.02,0.107,,,,,,,,-2.5,2.5,45.5,,,,,-2.5,2.5,45.5,,,,2.0,-2.0,43.5,,,,-2.5,2.5,45.5,,,,-2.5,2.5,45.5,,,
2025,1,14,CHI,MIN,HOME,,-0.042,0.0,-0.024,-0.02,-0.107,0.107,,,,,,,-0.042,,,,,,,,,,,,,5:15 PM PT,6795.0,,,,2.5,,2.5,8:15 PM,,6,6,0,,,2.5,-2.5,,,,,-0.024,-0.107,-0.02,0.107,,,,,,,,-2.5,2.5,45.5,,,,,-2.5,2.5,45.5,,,,-2.5,2.5,45.5,,,,2.0,-2.0,43.5,,,,2.0,-2.0,43.5,,,
2025,1,14,CHI,MIN,HOME,,-0.042,0.0,-0.024,-0.02,-0.107,0.107,,,,,,,-0.042,,,,,,,,,,,,,5:15 PM PT,6795.0,,,,2.5,,2.5,8:15 PM,,6,6,0,,,2.5,-2.5,,,,,-0.024,-0.107,-0.02,0.107,,,,,,,,-2.5,2.5,45.5,,,,,-2.5,2.5,45.5,,,,-2.5,2.5,45.5,,,,2.0,-2.0,43.5,,,,-2.5,2.5,45.5,,,
2025,1,14,CHI,MIN,HOME,,-0.042,0.0,-0.024,-0.02,-0.107,0.107,,,,,,,-0.042,,,,,,,,,,,,,5:15 PM PT,6795.0,,,,2.5,,2.5,8:15 PM,,6,6,0,,,2.5,-2.5,,,,,-0.024,-0.107,-0.02,0.107,,,,,,,,-2.5,2.5,45.5,,,,,-2.5,2.5,45.5,,,,-2.5,2.5,45.5,,,,-2.5,2.5,45.5,,,,2.0,-2.0,43.5,,,
2025,1,14,CHI,MIN,HOME,,-0.042,0.0,-0.024,-0.02,-0.107,0.107,,,,,,,-0.042,,,,,,,,,,,,,5:15 PM PT,6795.0,,,,2.5,,2.5,8:15 PM,,6,6,0,,,2.5,-2.5,,,,,-0.024,-0.107,-0.02,0.107,,,,,,,,-2.5,2.5,45.5,,,,,-2.5,2.5,45.5,,,,-2.5,2.5,45.5,,,,-2.5,2.5,45.5,,,,-2.5,2.5,45.5,,,
2025,1,15,BUF,BAL,HOME,,0.193,0.241,0.168,-0.0289999999999999,0.149,0.051,,,,,,,-0.048,,,,,,,,,,,,,5:20 PM PT,5360.0,,,,-1.5,,-1.5,8:20 PM,,6,6,0,,,-1.5,1.5,,,,,0.168,0.149,-0.0289999999999999,0.051,,,,,,,,-1.5,1.5,52.5,,,,,-1.5,1.5,52.5,,,,-1.5,1.5,52.5,,,,-1.5,1.5,52.5,,,,-1.5,1.5,52.5,,,
2025,1,16,PHI,DAL,HOME,,0.11,-0.048,0.063,0.018,-0.023,0.017,,,,,,,0.158,,,,,,,,,,,,,5:20 PM PT,1040.0,,,,-4.5,,-4.5,8:20 PM,,6,6,0,,,-4.5,4.5,,,,,0.063,-0.023,0.018,0.017,,,,,,,,-7.0,7.0,46.0,,,,,-7.0,7.0,46.0,,,,-7.0,7.0,46.0,,,,-7.0,7.0,46.0,,,,-7.0,7.0,46.0,,,
2025,1,16,PHI,DAL,HOME,,0.11,-0.048,0.063,0.018,-0.023,0.017,,,,,,,0.158,,,,,,,,,,,,,5:20 PM PT,1040.0,,,,-4.5,,-4.5,8:20 PM,,6,6,0,,,-4.5,4.5,,,,,0.063,-0.023,0.018,0.017,,,,,,,,-7.0,7.0,46.0,,,,,-7.0,7.0,46.0,,,,-7.0,7.0,46.0,,,,-7.0,7.0,46.0,,,,4.5,-4.5,46.5,,,
2025,1,16,PHI,DAL,HOME,,0.11,-0.048,0.063,0.018,-0.023,0.017,,,,,,,0.158,,,,,,,,,,,,,5:20 PM PT,1040.0,,,,-4.5,,-4.5,8:20 PM,,6,6,0,,,-4.5,4.5,,,,,0.063,-0.023,0.018,0.017,,,,,,,,-7.0,7.0,46.0,,,,,-7.0,7.0,46.0,,,,-7.0,7.0,46.0,,,,4.5,-4.5,46.5,,,,-7.0,7.0,46.0,,,
2025,1,16,PHI,DAL,HOME,,0.11,-0.048,0.063,0.018,-0.023,0.017,,,,,,,0.158,,,,,,,,,,,,,5:20 PM PT,1040.0,,,,-4.5,,-4.5,8:20 PM,,6,6,0,,,-4.5,4.5,,,,,0.063,-0.023,0.018,0.017,,,,,,,,-7.0,7.0,46.0,,,,,-7.0,7.0,46.0,,,,-7.0,7.0,46.0,,,,4.5,-4.5,46.5,,,,4.5,-4.5,46.5,,,
2025,1,16,PHI,DAL,HOME,,0.11,-0.048,0.063,0.018,-0.023,0.017,,,,,,,0.158,,,,,,,,,,,,,5:20 PM PT,1040.0,,,,-4.5,,-4.5,8:20 PM,,6,6,0,,,-4.5,4.5,,,,,0.063,-0.023,0.018,0.017,,,,,,,,-7.0,7.0,46.0,,,,,-7.0,7.0,46.0,,,,4.5,-4.5,46.5,,,,-7.0,7.0,46.0,,,,-7.0,7.0,46.0,,,
2025,1,16,PHI,DAL,HOME,,0.11,-0.048,0.063,0.018,-0.023,0.017,,,,,,,0.158,,,,,,,,,,,,,5:20 PM PT,1040.0,,,,-4.5,,-4.5,8:20 PM,,6,6,0,,,-4.5,4.5,,,,,0.063,-0.023,0.018,0.017,,,,,,,,-7.0,7.0,46.0,,,,,-7.0,7.0,46.0,,,,4.5,-4.5,46.5,,,,-7.0,7.0,46.0,,,,4.5,-4.5,46.5,,,
2025,1,16,PHI,DAL,HOME,,0.11,-0.048,0.063,0.018,-0.023,0.017,,,,,,,0.158,,,,,,,,,,,,,5:20 PM PT,1040.0,,,,-4.5,,-4.5,8:20 PM,,6,6,0,,,-4.5,4.5,,,,,0.063,-0.023,0.018,0.017,,,,,,,,-7.0,7.0,46.0,,,,,-7.0,7.0,46.0,,,,4.5,-4.5,46.5,,,,4.5,-4.5,46.5,,,,-7.0,7.0,46.0,,,
2025,1,16,PHI,DAL,HOME,,0.11,-0.048,0.063,0.018,-0.023,0.017,,,,,,,0.158,,,,,,,,,,,,,5:20 PM PT,1040.0,,,,-4.5,,-4.5,8:20 PM,,6,6,0,,,-4.5,4.5,,,,,0.063,-0.023,0.018,0.017,,,,,,,,-7.0,7.0,46.0,,,,,-7.0,7.0,46.0,,,,4.5,-4.5,46.5,,,,4.5,-4.5,46.5,,,,4.5,-4.5,46.5,,,
2025,1,16,PHI,DAL,HOME,,0.11,-0.048,0.063,0.018,-0.023,0.017,,,,,,,0.158,,,,,,,,,,,,,5:20 PM PT,1040.0,,,,-4.5,,-4.5,8:20 PM,,6,6,0,,,-4.5,4.5,,,,,0.063,-0.023,0.018,0.017,,,,,,,,-7.0,7.0,46.0,,,,,4.5,-4.5,46.5,,,,-7.0,7.0,46.0,,,,-7.0,7.0,46.0,,,,-7.0,7.0,46.0,,,
2025,1,16,PHI,DAL,HOME,,0.11,-0.048,0.063,0.018,-0.023,0.017,,,,,,,0.158,,,,,,,,,,,,,5:20 PM PT,1040.0,,,,-4.5,,-4.5,8:20 PM,,6,6,0,,,-4.5,4.5,,,,,0.063,-0.023,0.018,0.017,,,,,,,,-7.0,7.0,46.0,,,,,4.5,-4.5,46.5,,,,-7.0,7.0,46.0,,,,-7.0,7.0,46.0,,,,4.5,-4.5,46.5,,,
2025,1,16,PHI,DAL,HOME,,0.11,-0.048,0.063,0.018,-0.023,0.017,,,,,,,0.158,,,,,,,,,,,,,5:20 PM PT,1040.0,,,,-4.5,,-4.5,8:20 PM,,6,6,0,,,-4.5,4.5,,,,,0.063,-0.023,0.018,0.017,,,,,,,,-7.0,7.0,46.0,,,,,4.5,-4.5,46.5,,,,-7.0,7.0,46.0,,,,4.5,-4.5,46.5,,,,-7.0,7.0,46.0,,,
2025,1,16,PHI,DAL,HOME,,0.11,-0.048,0.063,0.018,-0.023,0.017,,,,,,,0.158,,,,,,,,,,,,,5:20 PM PT,1040.0,,,,-4.5,,-4.5,8:20 PM,,6,6,0,,,-4.5,4.5,,,,,0.063,-0.023,0.018,0.017,,,,,,,,-7.0,7.0,46.0,,,,,4.5,-4.5,46.5,,,,-7.0,7.0,46.0,,,,4.5,-4.5,46.5,,,,4.5,-4.5,46.5,,,
2025,1,16,PHI,DAL,HOME,,0.11,-0.048,0.063,0.018,-0.023,0.017,,,,,,,0.158,,,,,,,,,,,,,5:20 PM PT,1040.0,,,,-4.5,,-4.5,8:20 PM,,6,6,0,,,-4.5,4.5,,,,,0.063,-0.023,0.018,0.017,,,,,,,,-7.0,7.0,46.0,,,,,4.5,-4.5,46.5,,,,4.5,-4.5,46.5,,,,-7.0,7.0,46.0,,,,-7.0,7.0,46.0,,,
2025,1,16,PHI,DAL,HOME,,0.11,-0.048,0.063,0.018,-0.023,0.017,,,,,,,0.158,,,,,,,,,,,,,5:20 PM PT,1040.0,,,,-4.5,,-4.5,8:20 PM,,6,6,0,,,-4.5,4.5,,,,,0.063,-0.023,0.018,0.017,,,,,,,,-7.0,7.0,46.0,,,,,4.5,-4.5,46.5,,,,4.5,-4.5,46.5,,,,-7.0,7.0,46.0,,,,4.5,-4.5,46.5,,,
2025,1,16,PHI,DAL,HOME,,0.11,-0.048,0.063,0.018,-0.023,0.017,,,,,,,0.158,,,,,,,,,,,,,5:20 PM PT,1040.0,,,,-4.5,,-4.5,8:20 PM,,6,6,0,,,-4.5,4.5,,,,,0.063,-0.023,0.018,0.017,,,,,,,,-7.0,7.0,46.0,,,,,4.5,-4.5,46.5,,,,4.5,-4.5,46.5,,,,4.5,-4.5,46.5,,,,-7.0,7.0,46.0,,,
2025,1,16,PHI,DAL,HOME,,0.11,-0.048,0.063,0.018,-0.023,0.017,,,,,,,0.158,,,,,,,,,,,,,5:20 PM PT,1040.0,,,,-4.5,,-4.5,8:20 PM,,6,6,0,,,-4.5,4.5,,,,,0.063,-0.023,0.018,0.017,,,,,,,,-7.0,7.0,46.0,,,,,4.5,-4.5,46.5,,,,4.5,-4.5,46.5,,,,4.5,-4.5,46.5,,,,4.5,-4.5,46.5,,,
2025,1,16,PHI,DAL,HOME,,0.11,-0.048,0.063,0.018,-0.023,0.017,,,,,,,0.158,,,,,,,,,,,,,5:20 PM PT,1040.0,,,,-4.5,,-4.5,8:20 PM,,6,6,0,,,-4.5,4.5,,,,,0.063,-0.023,0.018,0.017,,,,,,,,4.5,-4.5,46.5,,,,,-7.0,7.0,46.0,,,,-7.0,7.0,46.0,,,,-7.0,7.0,46.0,,,,-7.0,7.0,46.0,,,
2025,1,16,PHI,DAL,HOME,,0.11,-0.048,0.063,0.018,-0.023,0.017,,,,,,,0.158,,,,,,,,,,,,,5:20 PM PT,1040.0,,,,-4.5,,-4.5,8:20 PM,,6,6,0,,,-4.5,4.5,,,,,0.063,-0.023,0.018,0.017,,,,,,,,4.5,-4.5,46.5,,,,,-7.0,7.0,46.0,,,,-7.0,7.0,46.0,,,,-7.0,7.0,46.0,,,,4.5,-4.5,46.5,,,
2025,1,16,PHI,DAL,HOME,,0.11,-0.048,0.063,0.018,-0.023,0.017,,,,,,,0.158,,,,,,,,,,,,,5:20 PM PT,1040.0,,,,-4.5,,-4.5,8:20 PM,,6,6,0,,,-4.5,4.5,,,,,0.063,-0.023,0.018,0.017,,,,,,,,4.5,-4.5,46.5,,,,,-7.0,7.0,46.0,,,,-7.0,7.0,46.0,,,,4.5,-4.5,46.5,,,,-7.0,7.0,46.0,,,
2025,1,16,PHI,DAL,HOME,,0.11,-0.048,0.063,0.018,-0.023,0.017,,,,,,,0.158,,,,,,,,,,,,,5:20 PM PT,1040.0,,,,-4.5,,-4.5,8:20 PM,,6,6,0,,,-4.5,4.5,,,,,0.063,-0.023,0.018,0.017,,,,,,,,4.5,-4.5,46.5,,,,,-7.0,7.0,46.0,,,,-7.0,7.0,46.0,,,,4.5,-4.5,46.5,,,,4.5,-4.5,46.5,,,
2025,1,16,PHI,DAL,HOME,,0.11,-0.048,0.063,0.018,-0.023,0.017,,,,,,,0.158,,,,,,,,,,,,,5:20 PM PT,1040.0,,,,-4.5,,-4.5,8:20 PM,,6,6,0,,,-4.5,4.5,,,,,0.063,-0.023,0.018,0.017,,,,,,,,4.5,-4.5,46.5,,,,,-7.0,7.0,46.0,,,,4.5,-4.5,46.5,,,,-7.0,7.0,46.0,,,,-7.0,7.0,46.0,,,
2025,1,16,PHI,DAL,HOME,,0.11,-0.048,0.063,0.018,-0.023,0.017,,,,,,,0.158,,,,,,,,,,,,,5:20 PM PT,1040.0,,,,-4.5,,-4.5,8:20 PM,,6,6,0,,,-4.5,4.5,,,,,0.063,-0.023,0.018,0.017,,,,,,,,4.5,-4.5,46.5,,,,,-7.0,7.0,46.0,,,,4.5,-4.5,46.5,,,,-7.0,7.0,46.0,,,,4.5,-4.5,46.5,,,
2025,1,16,PHI,DAL,HOME,,0.11,-0.048,0.063,0.018,-0.023,0.017,,,,,,,0.158,,,,,,,,,,,,,5:20 PM PT,1040.0,,,,-4.5,,-4.5,8:20 PM,,6,6,0,,,-4.5,4.5,,,,,0.063,-0.023,0.018,0.017,,,,,,,,4.5,-4.5,46.5,,,,,-7.0,7.0,46.0,,,,4.5,-4.5,46.5,,,,4.5,-4.5,46.5,,,,-7.0,7.0,46.0,,,
2025,1,16,PHI,DAL,HOME,,0.11,-0.048,0.063,0.018,-0.023,0.017,,,,,,,0.158,,,,,,,,,,,,,5:20 PM PT,1040.0,,,,-4.5,,-4.5,8:20 PM,,6,6,0,,,-4.5,4.5,,,,,0.063,-0.023,0.018,0.017,,,,,,,,4.5,-4.5,46.5,,,,,-7.0,7.0,46.0,,,,4.5,-4.5,46.5,,,,4.5,-4.5,46.5,,,,4.5,-4.5,46.5,,,
2025,1,16,PHI,DAL,HOME,,0.11,-0.048,0.063,0.018,-0.023,0.017,,,,,,,0.158,,,,,,,,,,,,,5:20 PM PT,1040.0,,,,-4.5,,-4.5,8:20 PM,,6,6,0,,,-4.5,4.5,,,,,0.063,-0.023,0.018,0.017,,,,,,,,4.5,-4.5,46.5,,,,,4.5,-4.5,46.5,,,,-7.0,7.0,46.0,,,,-7.0,7.0,46.0,,,,-7.0,7.0,46.0,,,
2025,1,16,PHI,DAL,HOME,,0.11,-0.048,0.063,0.018,-0.023,0.017,,,,,,,0.158,,,,,,,,,,,,,5:20 PM PT,1040.0,,,,-4.5,,-4.5,8:20 PM,,6,6,0,,,-4.5,4.5,,,,,0.063,-0.023,0.018,0.017,,,,,,,,4.5,-4.5,46.5,,,,,4.5,-4.5,46.5,,,,-7.0,7.0,46.0,,,,-7.0,7.0,46.0,,,,4.5,-4.5,46.5,,,
2025,1,16,PHI,DAL,HOME,,0.11,-0.048,0.063,0.018,-0.023,0.017,,,,,,,0.158,,,,,,,,,,,,,5:20 PM PT,1040.0,,,,-4.5,,-4.5,8:20 PM,,6,6,0,,,-4.5,4.5,,,,,0.063,-0.023,0.018,0.017,,,,,,,,4.5,-4.5,46.5,,,,,4.5,-4.5,46.5,,,,-7.0,7.0,46.0,,,,4.5,-4.5,46.5,,,,-7.0,7.0,46.0,,,
2025,1,16,PHI,DAL,HOME,,0.11,-0.048,0.063,0.018,-0.023,0.017,,,,,,,0.158,,,,,,,,,,,,,5:20 PM PT,1040.0,,,,-4.5,,-4.5,8:20 PM,,6,6,0,,,-4.5,4.5,,,,,0.063,-0.023,0.018,0.017,,,,,,,,4.5,-4.5,46.5,,,,,4.5,-4.5,46.5,,,,-7.0,7.0,46.0,,,,4.5,-4.5,46.5,,,,4.5,-4.5,46.5,,,
2025,1,16,PHI,DAL,HOME,,0.11,-0.048,0.063,0.018,-0.023,0.017,,,,,,,0.158,,,,,,,,,,,,,5:20 PM PT,1040.0,,,,-4.5,,-4.5,8:20 PM,,6,6,0,,,-4.5,4.5,,,,,0.063,-0.023,0.018,0.017,,,,,,,,4.5,-4.5,46.5,,,,,4.5,-4.5,46.5,,,,4.5,-4.5,46.5,,,,-7.0,7.0,46.0,,,,-7.0,7.0,46.0,,,
2025,1,16,PHI,DAL,HOME,,0.11,-0.048,0.063,0.018,-0.023,0.017,,,,,,,0.158,,,,,,,,,,,,,5:20 PM PT,1040.0,,,,-4.5,,-4.5,8:20 PM,,6,6,0,,,-4.5,4.5,,,,,0.063,-0.023,0.018,0.017,,,,,,,,4.5,-4.5,46.5,,,,,4.5,-4.5,46.5,,,,4.5,-4.5,46.5,,,,-7.0,7.0,46.0,,,,4.5,-4.5,46.5,,,
2025,1,16,PHI,DAL,HOME,,0.11,-0.048,0.063,0.018,-0.023,0.017,,,,,,,0.158,,,,,,,,,,,,,5:20 PM PT,1040.0,,,,-4.5,,-4.5,8:20 PM,,6,6,0,,,-4.5,4.5,,,,,0.063,-0.023,0.018,0.017,,,,,,,,4.5,-4.5,46.5,,,,,4.5,-4.5,46.5,,,,4.5,-4.5,46.5,,,,4.5,-4.5,46.5,,,,-7.0,7.0,46.0,,,
2025,1,16,PHI,DAL,HOME,,0.11,-0.048,0.063,0.018,-0.023,0.017,,,,,,,0.158,,,,,,,,,,,,,5:20 PM PT,1040.0,,,,-4.5,,-4.5,8:20 PM,,6,6,0,,,-4.5,4.5,,,,,0.063,-0.023,0.018,0.017,,,,,,,,4.5,-4.5,46.5,,,,,4.5,-4.5,46.5,,,,4.5,-4.5,46.5,,,,4.5,-4.5,46.5,,,,4.5,-4.5,46.5,,,
