week,team,opponent,home_or_away_sch,date_sch,time_sch,vistm,hometm,date,time,home_or_away,projected_win_prob,team_tot_dvoa,opp_tot_dvoa,dvoa_gap,rating_gap,injury_adjustment,future_scarcity_bonus,moneyline,opp_moneyline,implied_wp,spread,consensus_spread,circa_spread,circa_spread_price,is_thanksgiving,is_black_friday,is_christmas,plays_both_tg_xmas,team_dvoa,opp_dvoa,team_off_dvoa,opp_off_dvoa,team_def_dvoa,opp_def_dvoa,rest_days,reserved,expected_avail,preferred,must_use,save_for_later,notes,spot_quality,team_total_dvoa,opp_total_dvoa
1,IND,MIA,Home,2025-09-07 00:00:00,1:00 PM,MIA,IND,,,Home,0.5089094796863863,,,,,,,-112.0,-104.0,0.5089094796863863,-1.5,-1.5,,,0,0,0,0,,,,,,,6,False,True,False,False,False,,,,
1,JAX,CAR,Home,2025-09-07 00:00:00,1:00 PM,CAR,JAX,,,Home,0.5863427445830597,,,,,,,-152.0,135.0,0.5863427445830597,-2.5,-2.5,,,0,0,0,0,,,,,,,6,False,True,False,False,False,,,,
1,NO,ARI,Home,2025-09-07 00:00:00,1:00 PM,ARI,NO,,,Home,0.3107474487450583,,,,,,,215.0,-238.0,0.3107474487450583,5.5,5.5,,,0,0,0,0,,,,,,,6,False,True,False,False,False,,,,
1,NE,LV,Home,2025-09-07 00:00:00,1:00 PM,LV,NE,,,Home,0.5946894746920278,,,,,,,-154.0,142.0,0.5946894746920278,-3.0,-3.0,,,0,0,0,0,,,,,,,6,False,True,False,False,False,,,,
1,NYJ,PIT,Home,2025-09-07 00:00:00,1:00 PM,PIT,NYJ,,,Home,0.4131680661068906,,,,,,,138.0,-148.0,0.4131680661068906,3.0,3.0,,,0,0,0,0,,,,,,,6,False,True,False,False,False,,,,
1,WSH,NYG,Home,2025-09-07 00:00:00,1:00 PM,NYG,WSH,,,Home,0.5,,,,,,,,,,,,,,0,0,0,0,,,,,,,6,,,,,,,,,
1,DEN,TEN,Home,2025-09-07 00:00:00,4:05 PM,TEN,DEN,,,Home,0.7639751552795031,,,,,,,-375.0,310.0,0.7639751552795031,-7.5,-7.5,,,0,0,0,0,,,,,,,6,False,True,False,False,False,,,,
1,SEA,SF,Home,2025-09-07 00:00:00,4:05 PM,SF,SEA,,,Home,0.355270821199767,,,,,,,170.0,-205.0,0.355270821199767,4.5,4.5,,,0,0,0,0,,,,,,,6,False,True,False,False,False,,,,
1,GB,DET,Home,2025-09-07 00:00:00,4:25 PM,DET,GB,,,Home,0.4170073589533933,,,,,,,130.0,-155.0,0.4170073589533933,2.5,2.5,,,0,0,0,0,,,,,,,6,False,True,False,False,False,,,,
1,LAR,HOU,Home,2025-09-07 00:00:00,4:25 PM,HOU,LAR,,,Home,0.5574886535552194,,,,,,,-134.0,120.0,0.5574886535552194,-2.5,-2.5,,,0,0,0,0,,,,,,,6,False,True,False,False,False,,,,
1,BUF,BAL,Home,2025-09-07 00:00:00,8:20 PM,BAL,BUF,,,Home,0.5240193918025562,,,,,,,-116.0,105.0,0.5240193918025562,-1.5,-1.5,,,0,0,0,0,,,,,,,6,False,True,False,False,False,,,,
1,CHI,MIN,Home,2025-09-08 00:00:00,8:15 PM,MIN,CHI,,,Home,0.4365079365079364,,,,,,,120.0,-142.0,0.4365079365079364,2.5,2.5,,,0,0,0,0,,,,,,,6,False,True,False,False,False,,,,
2,GB,WSH,Home,2025-09-11 00:00:00,8:15 PM,WSH,GB,,,Home,0.5,,,,,,,,,,,,,,0,0,0,0,,,,,,,6,,,,,,,,,
2,CIN,JAX,Home,2025-09-14 00:00:00,1:00 PM,JAX,CIN,,,Home,0.6750312469954812,,,,,,,-238.0,195.0,0.6750312469954812,-5.5,-5.5,,,0,0,0,0,,,,,,,6,False,True,False,False,False,,,,
2,DAL,NYG,Home,2025-09-14 00:00:00,1:00 PM,NYG,DAL,,,Home,0.5324675324675325,,,,,,,-125.0,105.0,0.5324675324675325,-1.5,-1.5,,,0,0,0,1,,,,,,,6,False,True,False,False,False,,,,
2,DET,CHI,Home,2025-09-14 00:00:00,1:00 PM,CHI,DET,,,Home,0.5324675324675325,,,,,,,-125.0,105.0,0.5324675324675325,-1.5,-1.5,,,0,0,0,1,,,,,,,6,False,True,False,False,False,,,,
2,MIA,NE,Home,2025-09-14 00:00:00,1:00 PM,NE,MIA,,,Home,0.448558885283451,,,,,,,114.0,-135.0,0.448558885283451,2.5,2.5,,,0,0,0,0,,,,,,,6,False,True,False,False,False,,,,
2,NO,SF,Home,2025-09-14 00:00:00,1:00 PM,SF,NO,,,Home,0.2664576802507837,,,,,,,260.0,-325.0,0.2664576802507837,7.0,7.0,,,0,0,0,0,,,,,,,6,False,True,False,False,False,,,,
2,NYJ,BUF,Home,2025-09-14 00:00:00,1:00 PM,BUF,NYJ,,,Home,0.2340978954835658,,,,,,,310.0,-395.0,0.2340978954835658,9.5,9.5,,,0,0,0,0,,,,,,,6,False,True,False,False,False,,,,
2,TEN,LAR,Home,2025-09-14 00:00:00,1:00 PM,LAR,TEN,,,Home,0.3249687530045188,,,,,,,195.0,-238.0,0.3249687530045188,5.5,5.5,,,0,0,0,0,,,,,,,6,False,True,False,False,False,,,,
2,PIT,SEA,Home,2025-09-14 00:00:00,1:00 PM,SEA,PIT,,,Home,0.551441114716549,,,,,,,-135.0,114.0,0.551441114716549,-2.5,-2.5,,,0,0,0,0,,,,,,,6,False,True,False,False,False,,,,
2,BAL,CLE,Home,2025-09-14 00:00:00,1:00 PM,CLE,BAL,,,Home,0.7600000000000001,,,,,,,-380.0,300.0,0.7600000000000001,-8.5,-8.5,,,0,0,0,0,,,,,,,6,False,True,False,False,False,,,,
2,IND,DEN,Home,2025-09-14 00:00:00,4:05 PM,DEN,IND,,,Home,0.3775334481388264,,,,,,,154.0,-185.0,0.3775334481388264,3.5,3.5,,,0,0,0,0,,,,,,,6,False,True,False,False,False,,,,
2,ARI,CAR,Home,2025-09-14 00:00:00,4:05 PM,CAR,ARI,,,Home,0.6574752261956054,,,,,,,-218.0,180.0,0.6574752261956054,-4.5,-4.5,,,0,0,0,0,,,,,,,6,False,True,False,False,False,,,,
2,KC,PHI,Home,2025-09-14 00:00:00,4:25 PM,PHI,KC,,,Home,0.5156031672100606,,,,,,,-108.0,105.0,0.5156031672100606,-1.5,-1.5,,,0,0,0,1,,,,,,,6,False,True,False,False,False,,,,
2,MIN,ATL,Home,2025-09-14 00:00:00,8:20 PM,ATL,MIN,,,Home,0.6636481241914618,,,,,,,-225.0,185.0,0.6636481241914618,-4.5,-4.5,,,0,0,0,0,,,,,,,6,False,True,False,False,False,,,,
2,HOU,TB,Home,2025-09-15 00:00:00,7:00 PM,TB,HOU,,,Home,0.5427435387673957,,,,,,,-130.0,110.0,0.5427435387673957,-1.5,-1.5,,,0,0,0,0,,,,,,,6,False,True,False,False,False,,,,
2,LV,LAC,Home,2025-09-15 00:00:00,10:00 PM,LAC,LV,,,Home,0.299837925445705,,,,,,,220.0,-270.0,0.299837925445705,6.5,6.5,,,0,0,0,0,,,,,,,6,False,True,False,False,False,,,,
3,BUF,MIA,Home,2025-09-18 00:00:00,8:15 PM,MIA,BUF,,,Home,0.6805555555555556,,,,,,,-245.0,200.0,0.6805555555555556,-5.5,-5.5,,,0,0,0,0,,,,,,,6,False,True,False,False,False,,,,
3,CAR,ATL,Home,2025-09-21 00:00:00,1:00 PM,ATL,CAR,,,Home,0.4003612281757977,,,,,,,140.0,-166.0,0.4003612281757977,3.0,3.0,,,0,0,0,0,,,,,,,6,False,True,False,False,False,,,,
3,CLE,GB,Home,2025-09-21 00:00:00,1:00 PM,GB,CLE,,,Home,0.3042300479266513,,,,,,,215.0,-265.0,0.3042300479266513,5.5,5.5,,,0,0,0,0,,,,,,,6,False,True,False,False,False,,,,
3,JAX,HOU,Home,2025-09-21 00:00:00,1:00 PM,HOU,JAX,,,Home,0.3775334481388264,,,,,,,154.0,-185.0,0.3775334481388264,3.5,3.5,,,0,0,0,0,,,,,,,6,False,True,False,False,False,,,,
3,MIN,CIN,Home,2025-09-21 00:00:00,1:00 PM,CIN,MIN,,,Home,0.5324675324675325,,,,,,,-125.0,105.0,0.5324675324675325,-1.5,-1.5,,,0,0,0,0,,,,,,,6,False,True,False,False,False,,,,
3,NE,PIT,Home,2025-09-21 00:00:00,1:00 PM,PIT,NE,,,Home,0.5324675324675325,,,,,,,-125.0,105.0,0.5324675324675325,-1.5,-1.5,,,0,0,0,0,,,,,,,6,False,True,False,False,False,,,,
3,TEN,IND,Home,2025-09-21 00:00:00,1:00 PM,IND,TEN,,,Home,0.3775334481388264,,,,,,,154.0,-185.0,0.3775334481388264,3.5,3.5,,,0,0,0,0,,,,,,,6,False,True,False,False,False,,,,
3,PHI,LAR,Home,2025-09-21 00:00:00,1:00 PM,LAR,PHI,,,Home,0.6636481241914618,,,,,,,-225.0,185.0,0.6636481241914618,-4.5,-4.5,,,0,0,0,0,,,,,,,6,False,True,False,False,False,,,,
3,TB,NYJ,Home,2025-09-21 00:00:00,1:00 PM,NYJ,TB,,,Home,0.740871613663133,,,,,,,-340.0,270.0,0.740871613663133,-7.5,-7.5,,,0,0,0,0,,,,,,,6,False,True,False,False,False,,,,
3,WSH,LV,Home,2025-09-21 00:00:00,1:00 PM,LV,WSH,,,Home,0.5,,,,,,,,,,,,,,0,0,0,0,,,,,,,6,,,,,,,,,
3,LAC,DEN,Home,2025-09-21 00:00:00,4:05 PM,DEN,LAC,,,Home,0.448558885283451,,,,,,,114.0,-135.0,0.448558885283451,2.5,2.5,,,0,0,0,0,,,,,,,6,False,True,False,False,False,,,,
3,SEA,NO,Home,2025-09-21 00:00:00,4:05 PM,NO,SEA,,,Home,0.705033164260632,,,,,,,-278.0,225.0,0.705033164260632,-6.5,-6.5,,,0,0,0,0,,,,,,,6,False,True,False,False,False,,,,
3,CHI,DAL,Home,2025-09-21 00:00:00,4:25 PM,DAL,CHI,,,Home,0.5996387718242023,,,,,,,-166.0,140.0,0.5996387718242023,-3.0,-3.0,,,0,0,0,0,,,,,,,6,False,True,False,False,False,,,,
3,SF,ARI,Home,2025-09-21 00:00:00,4:25 PM,ARI,SF,,,Home,0.5324675324675325,,,,,,,-125.0,105.0,0.5324675324675325,-1.5,-1.5,,,0,0,0,0,,,,,,,6,False,True,False,False,False,,,,
3,NYG,KC,Home,2025-09-21 00:00:00,8:20 PM,KC,NYG,,,Home,0.2864487697392581,,,,,,,235.0,-290.0,0.2864487697392581,6.5,6.5,,,0,0,0,0,,,,,,,6,False,True,False,False,False,,,,
3,BAL,DET,Home,2025-09-22 00:00:00,8:15 PM,DET,BAL,,,Home,0.6309403437815976,,,,,,,-192.0,160.0,0.6309403437815976,-3.5,-3.5,,,0,0,0,0,,,,,,,6,False,True,False,False,False,,,,
4,ARI,SEA,Home,2025-09-25 00:00:00,8:15 PM,SEA,ARI,,,Home,0.4739134147382802,,,,,,,102.0,-122.0,0.4739134147382802,1.5,1.5,,,0,0,0,0,,,,,,,6,False,True,False,False,False,,,,
4,PIT,MIN,Home,2025-09-28 00:00:00,9:30 AM,MIN,PIT,,,Home,0.4721030042918455,,,,,,,105.0,-120.0,0.4721030042918455,1.5,1.5,,,0,0,0,0,,,,,,,6,False,True,False,False,False,,,,
4,ATL,WSH,Home,2025-09-28 00:00:00,1:00 PM,WSH,ATL,,,Home,0.5,,,,,,,,,,,,,,0,0,0,0,,,,,,,6,,,,,,,,,
4,BUF,NO,Home,2025-09-28 00:00:00,1:00 PM,NO,BUF,,,Home,0.8370993168681029,,,,,,,-675.0,490.0,0.8370993168681029,-12.5,-12.5,,,0,0,0,0,,,,,,,6,False,True,False,False,False,,,,
4,DET,CLE,Home,2025-09-28 00:00:00,1:00 PM,CLE,DET,,,Home,0.8042929292929294,,,,,,,-520.0,390.0,0.8042929292929294,-10.5,-10.5,,,0,0,0,1,,,,,,,6,False,True,False,False,False,,,,
4,HOU,TEN,Home,2025-09-28 00:00:00,1:00 PM,TEN,HOU,,,Home,0.593369754159424,,,,,,,-162.0,136.0,0.593369754159424,-3.0,-3.0,,,0,0,0,0,,,,,,,6,False,True,False,False,False,,,,
4,NE,CAR,Home,2025-09-28 00:00:00,1:00 PM,CAR,NE,,,Home,0.6224665518611737,,,,,,,-185.0,154.0,0.6224665518611737,-3.5,-3.5,,,0,0,0,0,,,,,,,6,False,True,False,False,False,,,,
4,NYG,LAC,Home,2025-09-28 00:00:00,1:00 PM,LAC,NYG,,,Home,0.3775334481388264,,,,,,,154.0,-185.0,0.3775334481388264,3.5,3.5,,,0,0,0,0,,,,,,,6,False,True,False,False,False,,,,
4,TB,PHI,Home,2025-09-28 00:00:00,1:00 PM,PHI,TB,,,Home,0.4365079365079364,,,,,,,120.0,-142.0,0.4365079365079364,2.5,2.5,,,0,0,0,0,,,,,,,6,False,True,False,False,False,,,,
4,LAR,IND,Home,2025-09-28 00:00:00,4:05 PM,IND,LAR,,,Home,0.7220792588780237,,,,,,,-305.0,245.0,0.7220792588780237,-6.5,-6.5,,,0,0,0,0,,,,,,,6,False,True,False,False,False,,,,
4,SF,JAX,Home,2025-09-28 00:00:00,4:05 PM,JAX,SF,,,Home,0.6750312469954812,,,,,,,-238.0,195.0,0.6750312469954812,-5.5,-5.5,,,0,0,0,0,,,,,,,6,False,True,False,False,False,,,,
4,KC,BAL,Home,2025-09-28 00:00:00,4:25 PM,BAL,KC,,,Home,0.5278969957081545,,,,,,,-120.0,105.0,0.5278969957081545,-1.5,-1.5,,,0,0,0,1,,,,,,,6,False,True,False,False,False,,,,
4,LV,CHI,Home,2025-09-28 00:00:00,4:25 PM,CHI,LV,,,Home,0.4739134147382802,,,,,,,102.0,-122.0,0.4739134147382802,1.5,1.5,,,0,0,0,0,,,,,,,6,False,True,False,False,False,,,,
4,DAL,GB,Home,2025-09-28 00:00:00,8:20 PM,GB,DAL,,,Home,0.4675324675324675,,,,,,,105.0,-125.0,0.4675324675324675,1.5,1.5,,,0,0,0,1,,,,,,,6,False,True,False,False,False,,,,
4,MIA,NYJ,Home,2025-09-29 00:00:00,7:15 PM,NYJ,MIA,,,Home,0.5324675324675325,,,,,,,-125.0,105.0,0.5324675324675325,-1.5,-1.5,,,0,0,0,0,,,,,,,6,False,True,False,False,False,,,,
4,DEN,CIN,Home,2025-09-29 00:00:00,8:15 PM,CIN,DEN,,,Home,0.5634920634920635,,,,,,,-142.0,120.0,0.5634920634920635,-2.5,-2.5,,,0,0,0,0,,,,,,,6,False,True,False,False,False,,,,
5,LAR,SF,Home,2025-10-02 00:00:00,8:15 PM,SF,LAR,,,Home,0.4675324675324675,,,,,,,105.0,-125.0,0.4675324675324675,1.5,1.5,,,0,0,0,0,,,,,,,6,False,True,False,False,False,,,,
5,CLE,MIN,Home,2025-10-05 00:00:00,9:30 AM,MIN,CLE,,,Home,0.261136712749616,,,,,,,270.0,-325.0,0.261136712749616,6.75,6.75,,,0,0,0,0,,,,,,,6,False,True,False,False,False,,,,
5,CAR,MIA,Home,2025-10-05 00:00:00,1:00 PM,MIA,CAR,,,Home,0.4675324675324675,,,,,,,105.0,-125.0,0.4675324675324675,1.5,1.5,,,0,0,0,0,,,,,,,6,False,True,False,False,False,,,,
5,IND,LV,Home,2025-10-05 00:00:00,1:00 PM,LV,IND,,,Home,0.5324675324675325,,,,,,,-125.0,105.0,0.5324675324675325,-1.5,-1.5,,,0,0,0,0,,,,,,,6,False,True,False,False,False,,,,
5,NO,NYG,Home,2025-10-05 00:00:00,1:00 PM,NYG,NO,,,Home,0.4675324675324675,,,,,,,105.0,-125.0,0.4675324675324675,1.5,1.5,,,0,0,0,0,,,,,,,6,False,True,False,False,False,,,,
5,NYJ,DAL,Home,2025-10-05 00:00:00,1:00 PM,DAL,NYJ,,,Home,0.448558885283451,,,,,,,114.0,-135.0,0.448558885283451,2.5,2.5,,,0,0,0,0,,,,,,,6,False,True,False,False,False,,,,
5,PHI,DEN,Home,2025-10-05 00:00:00,1:00 PM,DEN,PHI,,,Home,0.6574752261956054,,,,,,,-218.0,180.0,0.6574752261956054,-4.5,-4.5,,,0,0,0,0,,,,,,,6,False,True,False,False,False,,,,
5,BAL,HOU,Home,2025-10-05 00:00:00,1:00 PM,HOU,BAL,,,Home,0.7508125677139762,,,,,,,-360.0,285.0,0.7508125677139762,-7.5,-7.5,,,0,0,0,0,,,,,,,6,False,True,False,False,False,,,,
5,ARI,TEN,Home,2025-10-05 00:00:00,4:05 PM,TEN,ARI,,,Home,0.6750312469954812,,,,,,,-238.0,195.0,0.6750312469954812,-5.5,-5.5,,,0,0,0,0,,,,,,,6,False,True,False,False,False,,,,
5,SEA,TB,Home,2025-10-05 00:00:00,4:05 PM,TB,SEA,,,Home,0.4675324675324675,,,,,,,105.0,-125.0,0.4675324675324675,1.5,1.5,,,0,0,0,0,,,,,,,6,False,True,False,False,False,,,,
5,CIN,DET,Home,2025-10-05 00:00:00,4:25 PM,DET,CIN,,,Home,0.4739134147382802,,,,,,,102.0,-122.0,0.4739134147382802,1.5,1.5,,,0,0,0,0,,,,,,,6,False,True,False,False,False,,,,
5,LAC,WSH,Home,2025-10-05 00:00:00,4:25 PM,WSH,LAC,,,Home,0.5,,,,,,,,,,,,,,0,0,0,0,,,,,,,6,,,,,,,,,
5,BUF,NE,Home,2025-10-05 00:00:00,8:20 PM,NE,BUF,,,Home,0.6574752261956054,,,,,,,-218.0,180.0,0.6574752261956054,-4.5,-4.5,,,0,0,0,0,,,,,,,6,False,True,False,False,False,,,,
5,JAX,KC,Home,2025-10-06 00:00:00,8:15 PM,KC,JAX,,,Home,0.355270821199767,,,,,,,170.0,-205.0,0.355270821199767,4.5,4.5,,,0,0,0,0,,,,,,,6,False,True,False,False,False,,,,
6,NYG,PHI,Home,2025-10-09 00:00:00,8:15 PM,PHI,NYG,,,Home,0.1918429003021148,,,,,,,400.0,-535.0,0.1918429003021148,10.5,10.5,,,0,0,0,0,,,,,,,6,False,True,False,False,False,,,,
6,NYJ,DEN,Home,2025-10-12 00:00:00,9:30 AM,DEN,NYJ,,,Home,0.2701280477109278,,,,,,,265.0,-285.0,0.2701280477109278,6.5,6.5,,,0,0,0,0,,,,,,,6,False,True,False,False,False,,,,
6,CAR,DAL,Home,2025-10-12 00:00:00,1:00 PM,DAL,CAR,,,Home,0.4675324675324675,,,,,,,105.0,-125.0,0.4675324675324675,1.5,1.5,,,0,0,0,0,,,,,,,6,False,True,False,False,False,,,,
6,IND,ARI,Home,2025-10-12 00:00:00,1:00 PM,ARI,IND,,,Home,0.4675324675324675,,,,,,,105.0,-125.0,0.4675324675324675,1.5,1.5,,,0,0,0,0,,,,,,,6,False,True,False,False,False,,,,
6,JAX,SEA,Home,2025-10-12 00:00:00,1:00 PM,SEA,JAX,,,Home,0.5324675324675325,,,,,,,-125.0,105.0,0.5324675324675325,-1.5,-1.5,,,0,0,0,0,,,,,,,6,False,True,False,False,False,,,,
6,MIA,LAC,Home,2025-10-12 00:00:00,1:00 PM,LAC,MIA,,,Home,0.4365079365079364,,,,,,,120.0,-142.0,0.4365079365079364,2.5,2.5,,,0,0,0,0,,,,,,,6,False,True,False,False,False,,,,
6,PIT,CLE,Home,2025-10-12 00:00:00,1:00 PM,CLE,PIT,,,Home,0.551441114716549,,,,,,,-135.0,114.0,0.551441114716549,-2.5,-2.5,,,0,0,0,0,,,,,,,6,False,True,False,False,False,,,,
6,BAL,LAR,Home,2025-10-12 00:00:00,1:00 PM,LAR,BAL,,,Home,0.6805555555555556,,,,,,,-245.0,200.0,0.6805555555555556,-5.5,-5.5,,,0,0,0,0,,,,,,,6,False,True,False,False,False,,,,
6,TB,SF,Home,2025-10-12 00:00:00,1:00 PM,SF,TB,,,Home,0.5427435387673957,,,,,,,-130.0,110.0,0.5427435387673957,-1.5,-1.5,,,0,0,0,0,,,,,,,6,False,True,False,False,False,,,,
6,LV,TEN,Home,2025-10-12 00:00:00,4:05 PM,TEN,LV,,,Home,0.6092362344582594,,,,,,,-175.0,145.0,0.6092362344582594,-3.0,-3.0,,,0,0,0,0,,,,,,,6,False,True,False,False,False,,,,
6,GB,CIN,Home,2025-10-12 00:00:00,4:25 PM,CIN,GB,,,Home,0.593369754159424,,,,,,,-162.0,136.0,0.593369754159424,-3.0,-3.0,,,0,0,0,0,,,,,,,6,False,True,False,False,False,,,,
6,NO,NE,Home,2025-10-12 00:00:00,4:25 PM,NE,NO,,,Home,0.4003612281757977,,,,,,,140.0,-166.0,0.4003612281757977,3.0,3.0,,,0,0,0,0,,,,,,,6,False,True,False,False,False,,,,
6,KC,DET,Home,2025-10-12 00:00:00,8:20 PM,DET,KC,,,Home,0.5829926410466066,,,,,,,-155.0,130.0,0.5829926410466066,-2.75,-2.75,,,0,0,0,1,,,,,,,6,False,True,False,False,False,,,,
6,ATL,BUF,Home,2025-10-13 00:00:00,7:15 PM,BUF,ATL,,,Home,0.3249687530045188,,,,,,,195.0,-238.0,0.3249687530045188,5.5,5.5,,,0,0,0,0,,,,,,,6,False,True,False,False,False,,,,
6,WSH,CHI,Home,2025-10-13 00:00:00,8:15 PM,CHI,WSH,,,Home,0.5,,,,,,,,,,,,,,0,0,0,0,,,,,,,6,,,,,,,,,
7,CIN,PIT,Home,2025-10-16 00:00:00,8:15 PM,PIT,CIN,,,Home,0.5324675324675325,,,,,,,-125.0,105.0,0.5324675324675325,-1.5,-1.5,,,0,0,0,0,,,,,,,6,False,True,False,False,False,,,,
7,JAX,LAR,Home,2025-10-19 00:00:00,9:30 AM,LAR,JAX,,,Home,0.3650102459016394,,,,,,,168.0,-185.0,0.3650102459016394,3.5,3.5,,,0,0,0,0,,,,,,,6,False,True,False,False,False,,,,
7,CHI,NO,Home,2025-10-19 00:00:00,1:00 PM,NO,CHI,,,Home,0.7440690150970525,,,,,,,-345.0,275.0,0.7440690150970525,-7.5,-7.5,,,0,0,0,0,,,,,,,6,False,True,False,False,False,,,,
7,CLE,MIA,Home,2025-10-19 00:00:00,1:00 PM,MIA,CLE,,,Home,0.4675324675324675,,,,,,,105.0,-125.0,0.4675324675324675,1.5,1.5,,,0,0,0,0,,,,,,,6,False,True,False,False,False,,,,
7,KC,LV,Home,2025-10-19 00:00:00,1:00 PM,LV,KC,,,Home,0.690792883054068,,,,,,,-258.0,210.0,0.690792883054068,-6.0,-6.0,,,0,0,0,1,,,,,,,6,False,True,False,False,False,,,,
7,MIN,PHI,Home,2025-10-19 00:00:00,1:00 PM,PHI,MIN,,,Home,0.4003612281757977,,,,,,,140.0,-166.0,0.4003612281757977,3.0,3.0,,,0,0,0,0,,,,,,,6,False,True,False,False,False,,,,
7,NYJ,CAR,Home,2025-10-19 00:00:00,1:00 PM,CAR,NYJ,,,Home,0.5324675324675325,,,,,,,-125.0,105.0,0.5324675324675325,-1.5,-1.5,,,0,0,0,0,,,,,,,6,False,True,False,False,False,,,,
7,TEN,NE,Home,2025-10-19 00:00:00,1:00 PM,NE,TEN,,,Home,0.4675324675324675,,,,,,,105.0,-125.0,0.4675324675324675,1.5,1.5,,,0,0,0,0,,,,,,,6,False,True,False,False,False,,,,
7,DEN,NYG,Home,2025-10-19 00:00:00,4:05 PM,NYG,DEN,,,Home,0.7477827050997783,,,,,,,-355.0,280.0,0.7477827050997783,-7.5,-7.5,,,0,0,0,0,,,,,,,6,False,True,False,False,False,,,,
7,LAC,IND,Home,2025-10-19 00:00:00,4:05 PM,IND,LAC,,,Home,0.690792883054068,,,,,,,-258.0,210.0,0.690792883054068,-6.0,-6.0,,,0,0,0,0,,,,,,,6,False,True,False,False,False,,,,
7,ARI,GB,Home,2025-10-19 00:00:00,4:25 PM,GB,ARI,,,Home,0.4739134147382802,,,,,,,102.0,-122.0,0.4739134147382802,1.5,1.5,,,0,0,0,0,,,,,,,6,False,True,False,False,False,,,,
7,DAL,WSH,Home,2025-10-19 00:00:00,4:25 PM,WSH,DAL,,,Home,0.5,,,,,,,,,,,,,,0,0,0,1,,,,,,,6,,,,,,,,,
7,SF,ATL,Home,2025-10-19 00:00:00,8:20 PM,ATL,SF,,,Home,0.7095435684647302,,,,,,,-285.0,230.0,0.7095435684647302,-6.5,-6.5,,,0,0,0,0,,,,,,,6,False,True,False,False,False,,,,
7,DET,TB,Home,2025-10-20 00:00:00,7:00 PM,TB,DET,,,Home,0.6369041816941223,,,,,,,-198.0,164.0,0.6369041816941223,-3.5,-3.5,,,0,0,0,1,,,,,,,6,False,True,False,False,False,,,,
7,SEA,HOU,Home,2025-10-20 00:00:00,10:00 PM,HOU,SEA,,,Home,0.5324675324675325,,,,,,,-125.0,105.0,0.5324675324675325,-1.5,-1.5,,,0,0,0,0,,,,,,,6,False,True,False,False,False,,,,
8,LAC,MIN,Home,2025-10-23 00:00:00,8:15 PM,MIN,LAC,,,Home,0.5829926410466066,,,,,,,-155.0,130.0,0.5829926410466066,-3.0,-3.0,,,0,0,0,0,,,,,,,6,False,True,False,False,False,,,,
8,ATL,MIA,Home,2025-10-26 00:00:00,1:00 PM,MIA,ATL,,,Home,0.5324675324675325,,,,,,,-125.0,105.0,0.5324675324675325,-1.5,-1.5,,,0,0,0,0,,,,,,,6,False,True,False,False,False,,,,
8,CAR,BUF,Home,2025-10-26 00:00:00,1:00 PM,BUF,CAR,,,Home,0.2664576802507837,,,,,,,260.0,-325.0,0.2664576802507837,7.0,7.0,,,0,0,0,0,,,,,,,6,False,True,False,False,False,,,,
8,CIN,NYJ,Home,2025-10-26 00:00:00,1:00 PM,NYJ,CIN,,,Home,0.7477827050997783,,,,,,,-355.0,280.0,0.7477827050997783,-7.5,-7.5,,,0,0,0,0,,,,,,,6,False,True,False,False,False,,,,
8,HOU,SF,Home,2025-10-26 00:00:00,1:00 PM,SF,HOU,,,Home,0.4675324675324675,,,,,,,105.0,-125.0,0.4675324675324675,1.5,1.5,,,0,0,0,0,,,,,,,6,False,True,False,False,False,,,,
8,NE,CLE,Home,2025-10-26 00:00:00,1:00 PM,CLE,NE,,,Home,0.6750312469954812,,,,,,,-238.0,195.0,0.6750312469954812,-5.5,-5.5,,,0,0,0,0,,,,,,,6,False,True,False,False,False,,,,
8,PHI,NYG,Home,2025-10-26 00:00:00,1:00 PM,NYG,PHI,,,Home,0.8081570996978852,,,,,,,-535.0,400.0,0.8081570996978852,-10.5,-10.5,,,0,0,0,0,,,,,,,6,False,True,False,False,False,,,,
8,BAL,CHI,Home,2025-10-26 00:00:00,1:00 PM,CHI,BAL,,,Home,0.7335423197492164,,,,,,,-325.0,260.0,0.7335423197492164,-7.0,-7.0,,,0,0,0,0,,,,,,,6,False,True,False,False,False,,,,
8,NO,TB,Home,2025-10-26 00:00:00,4:05 PM,TB,NO,,,Home,0.2231668437832093,,,,,,,330.0,-425.0,0.2231668437832093,9.5,9.5,,,0,0,0,0,,,,,,,6,False,True,False,False,False,,,,
8,IND,TEN,Home,2025-10-26 00:00:00,4:25 PM,TEN,IND,,,Home,0.6224665518611737,,,,,,,-185.0,154.0,0.6224665518611737,-3.5,-3.5,,,0,0,0,0,,,,,,,6,False,True,False,False,False,,,,
8,DEN,DAL,Home,2025-10-26 00:00:00,4:25 PM,DAL,DEN,,,Home,0.6574752261956054,,,,,,,-218.0,180.0,0.6574752261956054,-4.5,-4.5,,,0,0,0,0,,,,,,,6,False,True,False,False,False,,,,
8,PIT,GB,Home,2025-10-26 00:00:00,8:20 PM,GB,PIT,,,Home,0.4675324675324675,,,,,,,105.0,-125.0,0.4675324675324675,1.5,1.5,,,0,0,0,0,,,,,,,6,False,True,False,False,False,,,,
8,KC,WSH,Home,2025-10-27 00:00:00,8:15 PM,WSH,KC,,,Home,0.5,,,,,,,,,,,,,,0,0,0,1,,,,,,,6,,,,,,,,,
9,MIA,BAL,Home,2025-10-30 00:00:00,8:15 PM,BAL,MIA,,,Home,0.3194444444444444,,,,,,,200.0,-245.0,0.3194444444444444,5.5,5.5,,,0,0,0,0,,,,,,,6,False,True,False,False,False,,,,
9,CIN,CHI,Home,2025-11-02 00:00:00,1:00 PM,CHI,CIN,,,Home,0.6037569709421778,,,,,,,-170.0,142.0,0.6037569709421778,-3.0,-3.0,,,0,0,0,0,,,,,,,6,False,True,False,False,False,,,,
9,DET,MIN,Home,2025-11-02 00:00:00,1:00 PM,MIN,DET,,,Home,0.5553281914056352,,,,,,,-126.0,124.0,0.5553281914056352,-2.0,-2.0,,,0,0,0,1,,,,,,,6,False,True,False,False,False,,,,
9,GB,CAR,Home,2025-11-02 00:00:00,1:00 PM,CAR,GB,,,Home,0.7508125677139762,,,,,,,-360.0,285.0,0.7508125677139762,-7.5,-7.5,,,0,0,0,0,,,,,,,6,False,True,False,False,False,,,,
9,HOU,DEN,Home,2025-11-02 00:00:00,1:00 PM,DEN,HOU,,,Home,0.4782608695652174,,,,,,,100.0,-120.0,0.4782608695652174,1.5,1.5,,,0,0,0,0,,,,,,,6,False,True,False,False,False,,,,
9,NE,ATL,Home,2025-11-02 00:00:00,1:00 PM,ATL,NE,,,Home,0.5996387718242023,,,,,,,-166.0,140.0,0.5996387718242023,-3.0,-3.0,,,0,0,0,0,,,,,,,6,False,True,False,False,False,,,,
9,NYG,SF,Home,2025-11-02 00:00:00,1:00 PM,SF,NYG,,,Home,0.3690596562184025,,,,,,,160.0,-192.0,0.3690596562184025,3.5,3.5,,,0,0,0,0,,,,,,,6,False,True,False,False,False,,,,
9,TEN,LAC,Home,2025-11-02 00:00:00,1:00 PM,LAC,TEN,,,Home,0.3425247738043946,,,,,,,180.0,-218.0,0.3425247738043946,4.5,4.5,,,0,0,0,0,,,,,,,6,False,True,False,False,False,,,,
9,PIT,IND,Home,2025-11-02 00:00:00,1:00 PM,IND,PIT,,,Home,0.6224665518611737,,,,,,,-185.0,154.0,0.6224665518611737,-3.5,-3.5,,,0,0,0,0,,,,,,,6,False,True,False,False,False,,,,
9,LV,JAX,Home,2025-11-02 00:00:00,4:05 PM,JAX,LV,,,Home,0.5324675324675325,,,,,,,-125.0,105.0,0.5324675324675325,-1.5,-1.5,,,0,0,0,0,,,,,,,6,False,True,False,False,False,,,,
9,LAR,NO,Home,2025-11-02 00:00:00,4:05 PM,NO,LAR,,,Home,0.7819063004846527,,,,,,,-440.0,340.0,0.7819063004846527,-9.5,-9.5,,,0,0,0,0,,,,,,,6,False,True,False,False,False,,,,
9,BUF,KC,Home,2025-11-02 00:00:00,4:25 PM,KC,BUF,,,Home,0.5720596355604638,,,,,,,-148.0,124.0,0.5720596355604638,-2.5,-2.5,,,0,0,0,0,,,,,,,6,False,True,False,False,False,,,,
9,WSH,SEA,Home,2025-11-02 00:00:00,8:20 PM,SEA,WSH,,,Home,0.5,,,,,,,,,,,,,,0,0,0,0,,,,,,,6,,,,,,,,,
9,DAL,ARI,Home,2025-11-03 00:00:00,8:15 PM,ARI,DAL,,,Home,0.5324675324675325,,,,,,,-125.0,105.0,0.5324675324675325,-1.5,-1.5,,,0,0,0,1,,,,,,,6,False,True,False,False,False,,,,
10,DEN,LV,Home,2025-11-06 00:00:00,8:15 PM,LV,DEN,,,Home,0.6164383561643836,,,,,,,-180.0,150.0,0.6164383561643836,-3.5,-3.5,,,0,0,0,0,,,,,,,6,False,True,False,False,False,,,,
10,IND,ATL,Home,2025-11-09 00:00:00,9:30 AM,ATL,IND,,,Home,0.4831460674157303,,,,,,,100.0,-115.0,0.4831460674157303,1.5,1.5,,,0,0,0,0,,,,,,,6,False,True,False,False,False,,,,
10,CAR,NO,Home,2025-11-09 00:00:00,1:00 PM,NO,CAR,,,Home,0.5260865852617197,,,,,,,-122.0,102.0,0.5260865852617197,-1.5,-1.5,,,0,0,0,0,,,,,,,6,False,True,False,False,False,,,,
10,CHI,NYG,Home,2025-11-09 00:00:00,1:00 PM,NYG,CHI,,,Home,0.6690070210631895,,,,,,,-230.0,190.0,0.6690070210631895,-5.5,-5.5,,,0,0,0,0,,,,,,,6,False,True,False,False,False,,,,
10,HOU,JAX,Home,2025-11-09 00:00:00,1:00 PM,JAX,HOU,,,Home,0.6224665518611737,,,,,,,-185.0,154.0,0.6224665518611737,-3.5,-3.5,,,0,0,0,0,,,,,,,6,False,True,False,False,False,,,,
10,MIA,BUF,Home,2025-11-09 00:00:00,1:00 PM,BUF,MIA,,,Home,0.3194444444444444,,,,,,,200.0,-245.0,0.3194444444444444,5.5,5.5,,,0,0,0,0,,,,,,,6,False,True,False,False,False,,,,
10,MIN,BAL,Home,2025-11-09 00:00:00,1:00 PM,BAL,MIN,,,Home,0.3775334481388264,,,,,,,154.0,-185.0,0.3775334481388264,3.5,3.5,,,0,0,0,0,,,,,,,6,False,True,False,False,False,,,,
10,NYJ,CLE,Home,2025-11-09 00:00:00,1:00 PM,CLE,NYJ,,,Home,0.5634920634920635,,,,,,,-142.0,120.0,0.5634920634920635,-2.5,-2.5,,,0,0,0,0,,,,,,,6,False,True,False,False,False,,,,
10,TB,NE,Home,2025-11-09 00:00:00,1:00 PM,NE,TB,,,Home,0.6636481241914618,,,,,,,-225.0,185.0,0.6636481241914618,-4.5,-4.5,,,0,0,0,0,,,,,,,6,False,True,False,False,False,,,,
10,SEA,ARI,Home,2025-11-09 00:00:00,4:05 PM,ARI,SEA,,,Home,0.5260865852617197,,,,,,,-122.0,102.0,0.5260865852617197,-1.5,-1.5,,,0,0,0,0,,,,,,,6,False,True,False,False,False,,,,
10,SF,LAR,Home,2025-11-09 00:00:00,4:25 PM,LAR,SF,,,Home,0.5324675324675325,,,,,,,-125.0,105.0,0.5324675324675325,-1.5,-1.5,,,0,0,0,0,,,,,,,6,False,True,False,False,False,,,,
10,WSH,DET,Home,2025-11-09 00:00:00,4:25 PM,DET,WSH,,,Home,0.5,,,,,,,,,,,,,,0,0,0,0,,,,,,,6,,,,,,,,,
10,LAC,PIT,Home,2025-11-09 00:00:00,8:20 PM,PIT,LAC,,,Home,0.6574752261956054,,,,,,,-218.0,180.0,0.6574752261956054,-4.5,-4.5,,,0,0,0,0,,,,,,,6,False,True,False,False,False,,,,
10,GB,PHI,Home,2025-11-10 00:00:00,8:15 PM,PHI,GB,,,Home,0.4675324675324675,,,,,,,105.0,-125.0,0.4675324675324675,1.5,1.5,,,0,0,0,0,,,,,,,6,False,True,False,False,False,,,,
11,NE,NYJ,Home,2025-11-13 00:00:00,8:15 PM,NYJ,NE,,,Home,0.5260865852617197,,,,,,,-122.0,102.0,0.5260865852617197,-1.5,-1.5,,,0,0,0,0,,,,,,,6,False,True,False,False,False,,,,
11,MIA,WSH,Home,2025-11-16 00:00:00,9:30 AM,WSH,MIA,,,Home,0.5,,,,,,,,,,,,,,0,0,0,0,,,,,,,6,,,,,,,,,
11,ATL,CAR,Home,2025-11-16 00:00:00,1:00 PM,CAR,ATL,,,Home,0.5996387718242023,,,,,,,-166.0,140.0,0.5996387718242023,-3.0,-3.0,,,0,0,0,0,,,,,,,6,False,True,False,False,False,,,,
11,BUF,TB,Home,2025-11-16 00:00:00,1:00 PM,TB,BUF,,,Home,0.6750312469954812,,,,,,,-238.0,195.0,0.6750312469954812,-5.5,-5.5,,,0,0,0,0,,,,,,,6,False,True,False,False,False,,,,
11,JAX,LAC,Home,2025-11-16 00:00:00,1:00 PM,LAC,JAX,,,Home,0.4675324675324675,,,,,,,105.0,-125.0,0.4675324675324675,1.5,1.5,,,0,0,0,0,,,,,,,6,False,True,False,False,False,,,,
11,MIN,CHI,Home,2025-11-16 00:00:00,1:00 PM,CHI,MIN,,,Home,0.5634920634920635,,,,,,,-142.0,120.0,0.5634920634920635,-2.5,-2.5,,,0,0,0,0,,,,,,,6,False,True,False,False,False,,,,
11,NYG,GB,Home,2025-11-16 00:00:00,1:00 PM,GB,NYG,,,Home,0.355270821199767,,,,,,,170.0,-205.0,0.355270821199767,4.5,4.5,,,0,0,0,0,,,,,,,6,False,True,False,False,False,,,,
11,TEN,HOU,Home,2025-11-16 00:00:00,1:00 PM,HOU,TEN,,,Home,0.4066302458405761,,,,,,,136.0,-162.0,0.4066302458405761,3.0,3.0,,,0,0,0,0,,,,,,,6,False,True,False,False,False,,,,
11,PIT,CIN,Home,2025-11-16 00:00:00,1:00 PM,CIN,PIT,,,Home,0.4675324675324675,,,,,,,105.0,-125.0,0.4675324675324675,1.5,1.5,,,0,0,0,0,,,,,,,6,False,True,False,False,False,,,,
11,ARI,SF,Home,2025-11-16 00:00:00,4:05 PM,SF,ARI,,,Home,0.4675324675324675,,,,,,,105.0,-125.0,0.4675324675324675,1.5,1.5,,,0,0,0,0,,,,,,,6,False,True,False,False,False,,,,
11,LAR,SEA,Home,2025-11-16 00:00:00,4:05 PM,SEA,LAR,,,Home,0.5324675324675325,,,,,,,-125.0,105.0,0.5324675324675325,-1.5,-1.5,,,0,0,0,0,,,,,,,6,False,True,False,False,False,,,,
11,CLE,BAL,Home,2025-11-16 00:00:00,4:25 PM,BAL,CLE,,,Home,0.24,,,,,,,300.0,-380.0,0.24,8.5,8.5,,,0,0,0,0,,,,,,,6,False,True,False,False,False,,,,
11,DEN,KC,Home,2025-11-16 00:00:00,4:25 PM,KC,DEN,,,Home,0.3425247738043946,,,,,,,180.0,-218.0,0.3425247738043946,4.5,4.5,,,0,0,0,0,,,,,,,6,False,True,False,False,False,,,,
11,PHI,DET,Home,2025-11-16 00:00:00,8:20 PM,DET,PHI,,,Home,0.6309403437815976,,,,,,,-192.0,160.0,0.6309403437815976,-3.5,-3.5,,,0,0,0,0,,,,,,,6,False,True,False,False,False,,,,
11,LV,DAL,Home,2025-11-17 00:00:00,8:15 PM,DAL,LV,,,Home,0.4675324675324675,,,,,,,105.0,-125.0,0.4675324675324675,1.5,1.5,,,0,0,0,0,,,,,,,6,False,True,False,False,False,,,,
12,HOU,BUF,Home,2025-11-20 00:00:00,8:15 PM,BUF,HOU,,,Home,0.3775334481388264,,,,,,,154.0,-185.0,0.3775334481388264,3.5,3.5,,,0,0,0,0,,,,,,,6,False,True,False,False,False,,,,
12,CHI,PIT,Home,2025-11-23 00:00:00,1:00 PM,PIT,CHI,,,Home,0.551441114716549,,,,,,,-135.0,114.0,0.551441114716549,-2.5,-2.5,,,0,0,0,0,,,,,,,6,False,True,False,False,False,,,,
12,CIN,NE,Home,2025-11-23 00:00:00,1:00 PM,NE,CIN,,,Home,0.6636481241914618,,,,,,,-225.0,185.0,0.6636481241914618,-4.5,-4.5,,,0,0,0,0,,,,,,,6,False,True,False,False,False,,,,
12,DET,NYG,Home,2025-11-23 00:00:00,1:00 PM,NYG,DET,,,Home,0.771505376344086,,,,,,,-410.0,320.0,0.771505376344086,-8.5,-8.5,,,0,0,0,1,,,,,,,6,False,True,False,False,False,,,,
12,GB,MIN,Home,2025-11-23 00:00:00,1:00 PM,MIN,GB,,,Home,0.5324675324675325,,,,,,,-125.0,105.0,0.5324675324675325,-1.5,-1.5,,,0,0,0,0,,,,,,,6,False,True,False,False,False,,,,
12,KC,IND,Home,2025-11-23 00:00:00,1:00 PM,IND,KC,,,Home,0.7819063004846527,,,,,,,-440.0,340.0,0.7819063004846527,-9.5,-9.5,,,0,0,0,1,,,,,,,6,False,True,False,False,False,,,,
12,TEN,SEA,Home,2025-11-23 00:00:00,1:00 PM,SEA,TEN,,,Home,0.4675324675324675,,,,,,,105.0,-125.0,0.4675324675324675,1.5,1.5,,,0,0,0,0,,,,,,,6,False,True,False,False,False,,,,
12,BAL,NYJ,Home,2025-11-23 00:00:00,1:00 PM,NYJ,BAL,,,Home,0.8223350253807106,,,,,,,-600.0,440.0,0.8223350253807106,-11.5,-11.5,,,0,0,0,0,,,,,,,6,False,True,False,False,False,,,,
12,ARI,JAX,Home,2025-11-23 00:00:00,4:05 PM,JAX,ARI,,,Home,0.593369754159424,,,,,,,-162.0,136.0,0.593369754159424,-3.0,-3.0,,,0,0,0,0,,,,,,,6,False,True,False,False,False,,,,
12,LV,CLE,Home,2025-11-23 00:00:00,4:05 PM,CLE,LV,,,Home,0.6224665518611737,,,,,,,-185.0,154.0,0.6224665518611737,-3.5,-3.5,,,0,0,0,0,,,,,,,6,False,True,False,False,False,,,,
12,DAL,PHI,Home,2025-11-23 00:00:00,4:25 PM,PHI,DAL,,,Home,0.3425247738043946,,,,,,,180.0,-218.0,0.3425247738043946,4.5,4.5,,,0,0,0,1,,,,,,,6,False,True,False,False,False,,,,
12,NO,ATL,Home,2025-11-23 00:00:00,4:25 PM,ATL,NO,,,Home,0.3363518758085381,,,,,,,185.0,-225.0,0.3363518758085381,4.5,4.5,,,0,0,0,0,,,,,,,6,False,True,False,False,False,,,,
12,LAR,TB,Home,2025-11-23 00:00:00,8:20 PM,TB,LAR,,,Home,0.5720596355604638,,,,,,,-148.0,124.0,0.5720596355604638,-2.5,-2.5,,,0,0,0,0,,,,,,,6,False,True,False,False,False,,,,
12,SF,CAR,Home,2025-11-24 00:00:00,8:15 PM,CAR,SF,,,Home,0.725752508361204,,,,,,,-310.0,250.0,0.725752508361204,-7.0,-7.0,,,0,0,0,0,,,,,,,6,False,True,False,False,False,,,,
13,DET,GB,Home,2025-11-27 00:00:00,1:00 PM,GB,DET,,,Home,0.5829926410466066,,,,,,,-155.0,130.0,0.5829926410466066,-2.5,-2.5,,,1,0,0,1,,,,,,,6,False,True,False,False,False,,,,
13,DAL,KC,Home,2025-11-27 00:00:00,4:30 PM,KC,DAL,,,Home,0.3194444444444444,,,,,,,200.0,-245.0,0.3194444444444444,5.5,5.5,,,1,0,0,1,,,,,,,6,False,True,False,False,False,,,,
13,BAL,CIN,Home,2025-11-27 00:00:00,8:20 PM,CIN,BAL,,,Home,0.551441114716549,,,,,,,-135.0,114.0,0.551441114716549,-2.5,-2.5,,,1,0,0,0,,,,,,,6,False,True,False,False,False,,,,
13,PHI,CHI,Home,2025-11-28 00:00:00,3:00 PM,CHI,PHI,,,Home,0.7335423197492164,,,,,,,-325.0,260.0,0.7335423197492164,-7.0,-7.0,,,0,1,0,0,,,,,,,6,False,True,False,False,False,,,,
13,CAR,LAR,Home,2025-11-30 00:00:00,1:00 PM,LAR,CAR,,,Home,0.3775334481388264,,,,,,,154.0,-185.0,0.3775334481388264,3.5,3.5,,,0,0,0,0,,,,,,,6,False,True,False,False,False,,,,
13,CLE,SF,Home,2025-11-30 00:00:00,1:00 PM,SF,CLE,,,Home,0.3092071169459319,,,,,,,210.0,-258.0,0.3092071169459319,6.0,6.0,,,0,0,0,0,,,,,,,6,False,True,False,False,False,,,,
13,IND,HOU,Home,2025-11-30 00:00:00,1:00 PM,HOU,IND,,,Home,0.3425247738043946,,,,,,,180.0,-218.0,0.3425247738043946,4.5,4.5,,,0,0,0,0,,,,,,,6,False,True,False,False,False,,,,
13,MIA,NO,Home,2025-11-30 00:00:00,1:00 PM,NO,MIA,,,Home,0.690792883054068,,,,,,,-258.0,210.0,0.690792883054068,-6.0,-6.0,,,0,0,0,0,,,,,,,6,False,True,False,False,False,,,,
13,NYJ,ATL,Home,2025-11-30 00:00:00,1:00 PM,ATL,NYJ,,,Home,0.4675324675324675,,,,,,,105.0,-125.0,0.4675324675324675,1.5,1.5,,,0,0,0,0,,,,,,,6,False,True,False,False,False,,,,
13,TEN,JAX,Home,2025-11-30 00:00:00,1:00 PM,JAX,TEN,,,Home,0.355270821199767,,,,,,,170.0,-205.0,0.355270821199767,4.5,4.5,,,0,0,0,0,,,,,,,6,False,True,False,False,False,,,,
13,TB,ARI,Home,2025-11-30 00:00:00,1:00 PM,ARI,TB,,,Home,0.6224665518611737,,,,,,,-185.0,154.0,0.6224665518611737,-3.5,-3.5,,,0,0,0,0,,,,,,,6,False,True,False,False,False,,,,
13,SEA,MIN,Home,2025-11-30 00:00:00,4:05 PM,MIN,SEA,,,Home,0.5260865852617197,,,,,,,-122.0,102.0,0.5260865852617197,-1.5,-1.5,,,0,0,0,0,,,,,,,6,False,True,False,False,False,,,,
13,PIT,BUF,Home,2025-11-30 00:00:00,4:25 PM,BUF,PIT,,,Home,0.3425247738043946,,,,,,,180.0,-218.0,0.3425247738043946,4.5,4.5,,,0,0,0,0,,,,,,,6,False,True,False,False,False,,,,
13,LAC,LV,Home,2025-11-30 00:00:00,4:25 PM,LV,LAC,,,Home,0.7001620745542949,,,,,,,-270.0,220.0,0.7001620745542949,-6.5,-6.5,,,0,0,0,0,,,,,,,6,False,True,False,False,False,,,,
13,WSH,DEN,Home,2025-11-30 00:00:00,8:20 PM,DEN,WSH,,,Home,0.5,,,,,,,,,,,,,,0,0,0,0,,,,,,,6,,,,,,,,,
13,NE,NYG,Home,2025-12-01 00:00:00,8:15 PM,NYG,NE,,,Home,0.5996387718242023,,,,,,,-166.0,140.0,0.5996387718242023,-3.0,-3.0,,,0,0,0,0,,,,,,,6,False,True,False,False,False,,,,
14,DET,DAL,Home,2025-12-04 00:00:00,8:15 PM,DAL,DET,,,Home,0.6957699520733487,,,,,,,-265.0,215.0,0.6957699520733487,-6.0,-6.0,,,0,0,0,1,,,,,,,6,False,True,False,False,False,,,,
14,ATL,SEA,Home,2025-12-07 00:00:00,1:00 PM,SEA,ATL,,,Home,0.5324675324675325,,,,,,,-125.0,105.0,0.5324675324675325,-1.5,-1.5,,,0,0,0,0,,,,,,,6,False,True,False,False,False,,,,
14,CLE,TEN,Home,2025-12-07 00:00:00,1:00 PM,TEN,CLE,,,Home,0.5324675324675325,,,,,,,-125.0,105.0,0.5324675324675325,-1.5,-1.5,,,0,0,0,0,,,,,,,6,False,True,False,False,False,,,,
14,GB,CHI,Home,2025-12-07 00:00:00,1:00 PM,CHI,GB,,,Home,0.5324675324675325,,,,,,,-125.0,105.0,0.5324675324675325,-1.5,-1.5,,,0,0,0,0,,,,,,,6,False,True,False,False,False,,,,
14,JAX,IND,Home,2025-12-07 00:00:00,1:00 PM,IND,JAX,,,Home,0.4739134147382802,,,,,,,102.0,-122.0,0.4739134147382802,1.5,1.5,,,0,0,0,0,,,,,,,6,False,True,False,False,False,,,,
14,MIN,WSH,Home,2025-12-07 00:00:00,1:00 PM,WSH,MIN,,,Home,0.5,,,,,,,,,,,,,,0,0,0,0,,,,,,,6,,,,,,,,,
14,NYJ,MIA,Home,2025-12-07 00:00:00,1:00 PM,MIA,NYJ,,,Home,0.4675324675324675,,,,,,,105.0,-125.0,0.4675324675324675,1.5,1.5,,,0,0,0,0,,,,,,,6,False,True,False,False,False,,,,
14,BAL,PIT,Home,2025-12-07 00:00:00,1:00 PM,PIT,BAL,,,Home,0.644729178800233,,,,,,,-205.0,170.0,0.644729178800233,-4.5,-4.5,,,0,0,0,0,,,,,,,6,False,True,False,False,False,,,,
14,TB,NO,Home,2025-12-07 00:00:00,1:00 PM,NO,TB,,,Home,0.7768331562167907,,,,,,,-425.0,330.0,0.7768331562167907,-9.5,-9.5,,,0,0,0,0,,,,,,,6,False,True,False,False,False,,,,
14,LV,DEN,Home,2025-12-07 00:00:00,4:05 PM,DEN,LV,,,Home,0.3835616438356164,,,,,,,150.0,-180.0,0.3835616438356164,3.5,3.5,,,0,0,0,0,,,,,,,6,False,True,False,False,False,,,,
14,BUF,CIN,Home,2025-12-07 00:00:00,4:25 PM,CIN,BUF,,,Home,0.6750312469954812,,,,,,,-238.0,195.0,0.6750312469954812,-5.5,-5.5,,,0,0,0,0,,,,,,,6,False,True,False,False,False,,,,
14,ARI,LAR,Home,2025-12-07 00:00:00,4:25 PM,LAR,ARI,,,Home,0.3363518758085381,,,,,,,185.0,-225.0,0.3363518758085381,4.5,4.5,,,0,0,0,0,,,,,,,6,False,True,False,False,False,,,,
14,KC,HOU,Home,2025-12-07 00:00:00,8:20 PM,HOU,KC,,,Home,0.705033164260632,,,,,,,-278.0,225.0,0.705033164260632,-6.5,-6.5,,,0,0,0,1,,,,,,,6,False,True,False,False,False,,,,
14,LAC,PHI,Home,2025-12-08 00:00:00,8:15 PM,PHI,LAC,,,Home,0.448558885283451,,,,,,,114.0,-135.0,0.448558885283451,2.5,2.5,,,0,0,0,0,,,,,,,6,False,True,False,False,False,,,,
15,TB,ATL,Home,2025-12-11 00:00:00,8:15 PM,ATL,TB,,,Home,0.6750312469954812,,,,,,,-238.0,195.0,0.6750312469954812,-5.5,-5.5,,,0,0,0,0,,,,,,,6,False,True,False,False,False,,,,
15,CHI,CLE,Home,2025-12-14 00:00:00,1:00 PM,CLE,CHI,,,Home,0.725752508361204,,,,,,,-310.0,250.0,0.725752508361204,-7.0,-7.0,,,0,0,0,0,,,,,,,6,False,True,False,False,False,,,,
15,CIN,BAL,Home,2025-12-14 00:00:00,1:00 PM,BAL,CIN,,,Home,0.448558885283451,,,,,,,114.0,-135.0,0.448558885283451,2.5,2.5,,,0,0,0,0,,,,,,,6,False,True,False,False,False,,,,
15,HOU,ARI,Home,2025-12-14 00:00:00,1:00 PM,ARI,HOU,,,Home,0.551441114716549,,,,,,,-135.0,114.0,0.551441114716549,-2.5,-2.5,,,0,0,0,0,,,,,,,6,False,True,False,False,False,,,,
15,JAX,NYJ,Home,2025-12-14 00:00:00,1:00 PM,NYJ,JAX,,,Home,0.644729178800233,,,,,,,-205.0,170.0,0.644729178800233,-4.5,-4.5,,,0,0,0,0,,,,,,,6,False,True,False,False,False,,,,
15,KC,LAC,Home,2025-12-14 00:00:00,1:00 PM,LAC,KC,,,Home,0.6574752261956054,,,,,,,-218.0,180.0,0.6574752261956054,-4.5,-4.5,,,0,0,0,1,,,,,,,6,False,True,False,False,False,,,,
15,NE,BUF,Home,2025-12-14 00:00:00,1:00 PM,BUF,NE,,,Home,0.3425247738043946,,,,,,,180.0,-218.0,0.3425247738043946,4.5,4.5,,,0,0,0,0,,,,,,,6,False,True,False,False,False,,,,
15,NYG,WSH,Home,2025-12-14 00:00:00,1:00 PM,WSH,NYG,,,Home,0.5,,,,,,,,,,,,,,0,0,0,0,,,,,,,6,,,,,,,,,
15,PHI,LV,Home,2025-12-14 00:00:00,1:00 PM,LV,PHI,,,Home,0.8081570996978852,,,,,,,-535.0,400.0,0.8081570996978852,-10.5,-10.5,,,0,0,0,0,,,,,,,6,False,True,False,False,False,,,,
15,DEN,GB,Home,2025-12-14 00:00:00,4:25 PM,GB,DEN,,,Home,0.5324675324675325,,,,,,,-125.0,105.0,0.5324675324675325,-1.5,-1.5,,,0,0,0,0,,,,,,,6,False,True,False,False,False,,,,
15,NO,CAR,Home,2025-12-14 00:00:00,4:25 PM,CAR,NO,,,Home,0.4739134147382802,,,,,,,102.0,-122.0,0.4739134147382802,1.5,1.5,,,0,0,0,0,,,,,,,6,False,True,False,False,False,,,,
15,LAR,DET,Home,2025-12-14 00:00:00,4:25 PM,DET,LAR,,,Home,0.4739134147382802,,,,,,,102.0,-122.0,0.4739134147382802,1.5,1.5,,,0,0,0,0,,,,,,,6,False,True,False,False,False,,,,
15,SEA,IND,Home,2025-12-14 00:00:00,4:25 PM,IND,SEA,,,Home,0.6224665518611737,,,,,,,-185.0,154.0,0.6224665518611737,-3.5,-3.5,,,0,0,0,0,,,,,,,6,False,True,False,False,False,,,,
15,SF,TEN,Home,2025-12-14 00:00:00,4:25 PM,TEN,SF,,,Home,0.7477827050997783,,,,,,,-355.0,280.0,0.7477827050997783,-7.5,-7.5,,,0,0,0,0,,,,,,,6,False,True,False,False,False,,,,
15,DAL,MIN,Home,2025-12-14 00:00:00,8:20 PM,MIN,DAL,,,Home,0.4739134147382802,,,,,,,102.0,-122.0,0.4739134147382802,1.5,1.5,,,0,0,0,1,,,,,,,6,False,True,False,False,False,,,,
15,PIT,MIA,Home,2025-12-15 00:00:00,8:15 PM,MIA,PIT,,,Home,0.593369754159424,,,,,,,-162.0,136.0,0.593369754159424,-3.0,-3.0,,,0,0,0,0,,,,,,,6,False,True,False,False,False,,,,
16,SEA,LAR,Home,2025-12-18 00:00:00,8:15 PM,LAR,SEA,,,Home,0.4675324675324675,,,,,,,105.0,-125.0,0.4675324675324675,1.5,1.5,,,0,0,0,0,,,,,,,6,False,True,False,False,False,,,,
16,CHI,GB,Home,2025-12-20 00:00:00,1:00 PM,GB,CHI,,,Home,0.4675324675324675,,,,,,,105.0,-125.0,0.4675324675324675,1.5,1.5,,,0,0,0,0,,,,,,,6,False,True,False,False,False,,,,
16,WSH,PHI,Home,2025-12-20 00:00:00,1:00 PM,PHI,WSH,,,Home,0.5,,,,,,,,,,,,,,0,0,0,0,,,,,,,6,,,,,,,,,
16,CAR,TB,Home,2025-12-21 00:00:00,1:00 PM,TB,CAR,,,Home,0.2664576802507837,,,,,,,260.0,-325.0,0.2664576802507837,7.0,7.0,,,0,0,0,0,,,,,,,6,False,True,False,False,False,,,,
16,CLE,BUF,Home,2025-12-21 00:00:00,1:00 PM,BUF,CLE,,,Home,0.2340978954835658,,,,,,,310.0,-395.0,0.2340978954835658,8.5,8.5,,,0,0,0,0,,,,,,,6,False,True,False,False,False,,,,
16,DAL,LAC,Home,2025-12-21 00:00:00,1:00 PM,LAC,DAL,,,Home,0.4739134147382802,,,,,,,102.0,-122.0,0.4739134147382802,1.5,1.5,,,0,0,0,1,,,,,,,6,False,True,False,False,False,,,,
16,NO,NYJ,Home,2025-12-21 00:00:00,1:00 PM,NYJ,NO,,,Home,0.5324675324675325,,,,,,,-125.0,105.0,0.5324675324675325,-1.5,-1.5,,,0,0,0,0,,,,,,,6,False,True,False,False,False,,,,
16,NYG,MIN,Home,2025-12-21 00:00:00,1:00 PM,MIN,NYG,,,Home,0.448558885283451,,,,,,,114.0,-135.0,0.448558885283451,2.5,2.5,,,0,0,0,0,,,,,,,6,False,True,False,False,False,,,,
16,TEN,KC,Home,2025-12-21 00:00:00,1:00 PM,KC,TEN,,,Home,0.2742474916387959,,,,,,,250.0,-310.0,0.2742474916387959,7.0,7.0,,,0,0,0,0,,,,,,,6,False,True,False,False,False,,,,
16,BAL,NE,Home,2025-12-21 00:00:00,1:00 PM,NE,BAL,,,Home,0.7659021045164341,,,,,,,-395.0,310.0,0.7659021045164341,-8.5,-8.5,,,0,0,0,0,,,,,,,6,False,True,False,False,False,,,,
16,ARI,ATL,Home,2025-12-21 00:00:00,4:05 PM,ATL,ARI,,,Home,0.6224665518611737,,,,,,,-185.0,154.0,0.6224665518611737,-3.5,-3.5,,,0,0,0,0,,,,,,,6,False,True,False,False,False,,,,
16,DEN,JAX,Home,2025-12-21 00:00:00,4:05 PM,JAX,DEN,,,Home,0.6750312469954812,,,,,,,-238.0,195.0,0.6750312469954812,-5.5,-5.5,,,0,0,0,0,,,,,,,6,False,True,False,False,False,,,,
16,DET,PIT,Home,2025-12-21 00:00:00,4:25 PM,PIT,DET,,,Home,0.690792883054068,,,,,,,-258.0,210.0,0.690792883054068,-6.0,-6.0,,,0,0,0,1,,,,,,,6,False,True,False,False,False,,,,
16,HOU,LV,Home,2025-12-21 00:00:00,4:25 PM,LV,HOU,,,Home,0.6574752261956054,,,,,,,-218.0,180.0,0.6574752261956054,-4.5,-4.5,,,0,0,0,0,,,,,,,6,False,True,False,False,False,,,,
16,MIA,CIN,Home,2025-12-21 00:00:00,8:20 PM,CIN,MIA,,,Home,0.4739134147382802,,,,,,,102.0,-122.0,0.4739134147382802,1.5,1.5,,,0,0,0,0,,,,,,,6,False,True,False,False,False,,,,
16,IND,SF,Home,2025-12-22 00:00:00,8:15 PM,SF,IND,,,Home,0.4003612281757977,,,,,,,140.0,-166.0,0.4003612281757977,3.0,3.0,,,0,0,0,0,,,,,,,6,False,True,False,False,False,,,,
17,WSH,DAL,Home,2025-12-25 00:00:00,1:00 PM,DAL,WSH,,,Home,0.5,,,,,,,,,,,,,,0,0,1,0,,,,,,,6,,,,,,,,,
17,MIN,DET,Home,2025-12-25 00:00:00,4:30 PM,DET,MIN,,,Home,0.4446718085943649,,,,,,,124.0,-126.0,0.4446718085943649,2.0,2.0,,,0,0,1,0,,,,,,,6,False,True,False,False,False,,,,
17,KC,DEN,Home,2025-12-25 00:00:00,8:15 PM,DEN,KC,,,Home,0.6574752261956054,,,,,,,-218.0,180.0,0.6574752261956054,-4.5,-4.5,,,0,0,1,1,,,,,,,6,False,True,False,False,False,,,,
17,CAR,SEA,Home,2025-12-28 00:00:00,1:00 PM,SEA,CAR,,,Home,0.4675324675324675,,,,,,,105.0,-125.0,0.4675324675324675,1.5,1.5,,,0,0,0,0,,,,,,,6,False,True,False,False,False,,,,
17,CIN,ARI,Home,2025-12-28 00:00:00,1:00 PM,ARI,CIN,,,Home,0.6224665518611737,,,,,,,-185.0,154.0,0.6224665518611737,-3.5,-3.5,,,0,0,0,0,,,,,,,6,False,True,False,False,False,,,,
17,CLE,PIT,Home,2025-12-28 00:00:00,1:00 PM,PIT,CLE,,,Home,0.448558885283451,,,,,,,114.0,-135.0,0.448558885283451,2.5,2.5,,,0,0,0,0,,,,,,,6,False,True,False,False,False,,,,
17,IND,JAX,Home,2025-12-28 00:00:00,1:00 PM,JAX,IND,,,Home,0.5260865852617197,,,,,,,-122.0,102.0,0.5260865852617197,-1.5,-1.5,,,0,0,0,0,,,,,,,6,False,True,False,False,False,,,,
17,GB,BAL,Home,2025-12-28 00:00:00,1:00 PM,BAL,GB,,,Home,0.4675324675324675,,,,,,,105.0,-125.0,0.4675324675324675,1.5,1.5,,,0,0,0,0,,,,,,,6,False,True,False,False,False,,,,
17,MIA,TB,Home,2025-12-28 00:00:00,1:00 PM,TB,MIA,,,Home,0.4739134147382802,,,,,,,102.0,-122.0,0.4739134147382802,1.5,1.5,,,0,0,0,0,,,,,,,6,False,True,False,False,False,,,,
17,NYJ,NE,Home,2025-12-28 00:00:00,1:00 PM,NE,NYJ,,,Home,0.4739134147382802,,,,,,,102.0,-122.0,0.4739134147382802,1.5,1.5,,,0,0,0,0,,,,,,,6,False,True,False,False,False,,,,
17,TEN,NO,Home,2025-12-28 00:00:00,1:00 PM,NO,TEN,,,Home,0.6092362344582594,,,,,,,-175.0,145.0,0.6092362344582594,-3.5,-3.5,,,0,0,0,0,,,,,,,6,False,True,False,False,False,,,,
17,LV,NYG,Home,2025-12-28 00:00:00,1:00 PM,NYG,LV,,,Home,0.551441114716549,,,,,,,-135.0,114.0,0.551441114716549,-2.5,-2.5,,,0,0,0,0,,,,,,,6,False,True,False,False,False,,,,
17,LAC,HOU,Home,2025-12-28 00:00:00,1:00 PM,HOU,LAC,,,Home,0.6224665518611737,,,,,,,-185.0,154.0,0.6224665518611737,-3.5,-3.5,,,0,0,0,0,,,,,,,6,False,True,False,False,False,,,,
17,BUF,PHI,Home,2025-12-28 00:00:00,4:25 PM,PHI,BUF,,,Home,0.5260865852617197,,,,,,,-122.0,102.0,0.5260865852617197,-1.5,-1.5,,,0,0,0,0,,,,,,,6,False,True,False,False,False,,,,
17,SF,CHI,Home,2025-12-28 00:00:00,8:20 PM,CHI,SF,,,Home,0.6309403437815976,,,,,,,-192.0,160.0,0.6309403437815976,-3.5,-3.5,,,0,0,0,0,,,,,,,6,False,True,False,False,False,,,,
17,ATL,LAR,Home,2025-12-29 00:00:00,8:15 PM,LAR,ATL,,,Home,0.4003612281757977,,,,,,,140.0,-166.0,0.4003612281757977,3.0,3.0,,,0,0,0,0,,,,,,,6,False,True,False,False,False,,,,
18,ATL,NO,Home,2026-01-04 00:00:00,1:00 PM,NO,ATL,,,Home,0.6636481241914618,,,,,,,-225.0,185.0,0.6636481241914618,-4.5,-4.5,,,0,0,0,0,,,,,,,6,False,True,False,False,False,,,,
18,BUF,NYJ,Home,2026-01-04 00:00:00,1:00 PM,NYJ,BUF,,,Home,0.7659021045164341,,,,,,,-395.0,310.0,0.7659021045164341,-9.5,-9.5,,,0,0,0,0,,,,,,,6,False,True,False,False,False,,,,
18,CHI,DET,Home,2026-01-04 00:00:00,1:00 PM,DET,CHI,,,Home,0.4675324675324675,,,,,,,105.0,-125.0,0.4675324675324675,1.5,1.5,,,0,0,0,0,,,,,,,6,False,True,False,False,False,,,,
18,CIN,CLE,Home,2026-01-04 00:00:00,1:00 PM,CLE,CIN,,,Home,0.771505376344086,,,,,,,-410.0,320.0,0.771505376344086,-8.5,-8.5,,,0,0,0,0,,,,,,,6,False,True,False,False,False,,,,
18,DEN,LAC,Home,2026-01-04 00:00:00,1:00 PM,LAC,DEN,,,Home,0.551441114716549,,,,,,,-135.0,114.0,0.551441114716549,-2.5,-2.5,,,0,0,0,0,,,,,,,6,False,True,False,False,False,,,,
18,HOU,IND,Home,2026-01-04 00:00:00,1:00 PM,IND,HOU,,,Home,0.6574752261956054,,,,,,,-218.0,180.0,0.6574752261956054,-4.5,-4.5,,,0,0,0,0,,,,,,,6,False,True,False,False,False,,,,
18,JAX,TEN,Home,2026-01-04 00:00:00,1:00 PM,TEN,JAX,,,Home,0.644729178800233,,,,,,,-205.0,170.0,0.644729178800233,-4.5,-4.5,,,0,0,0,0,,,,,,,6,False,True,False,False,False,,,,
18,MIN,GB,Home,2026-01-04 00:00:00,1:00 PM,GB,MIN,,,Home,0.4675324675324675,,,,,,,105.0,-125.0,0.4675324675324675,1.5,1.5,,,0,0,0,0,,,,,,,6,False,True,False,False,False,,,,
18,NE,MIA,Home,2026-01-04 00:00:00,1:00 PM,MIA,NE,,,Home,0.551441114716549,,,,,,,-135.0,114.0,0.551441114716549,-2.5,-2.5,,,0,0,0,0,,,,,,,6,False,True,False,False,False,,,,
18,NYG,DAL,Home,2026-01-04 00:00:00,1:00 PM,DAL,NYG,,,Home,0.4675324675324675,,,,,,,105.0,-125.0,0.4675324675324675,1.5,1.5,,,0,0,0,0,,,,,,,6,False,True,False,False,False,,,,
18,PHI,WSH,Home,2026-01-04 00:00:00,1:00 PM,WSH,PHI,,,Home,0.5,,,,,,,,,,,,,,0,0,0,0,,,,,,,6,,,,,,,,,
18,PIT,BAL,Home,2026-01-04 00:00:00,1:00 PM,BAL,PIT,,,Home,0.355270821199767,,,,,,,170.0,-205.0,0.355270821199767,4.5,4.5,,,0,0,0,0,,,,,,,6,False,True,False,False,False,,,,
18,LV,KC,Home,2026-01-04 00:00:00,1:00 PM,KC,LV,,,Home,0.3092071169459319,,,,,,,210.0,-258.0,0.3092071169459319,6.0,6.0,,,0,0,0,0,,,,,,,6,False,True,False,False,False,,,,
18,LAR,ARI,Home,2026-01-04 00:00:00,1:00 PM,ARI,LAR,,,Home,0.6636481241914618,,,,,,,-225.0,185.0,0.6636481241914618,-4.5,-4.5,,,0,0,0,0,,,,,,,6,False,True,False,False,False,,,,
18,SF,SEA,Home,2026-01-04 00:00:00,1:00 PM,SEA,SF,,,Home,0.644729178800233,,,,,,,-205.0,170.0,0.644729178800233,-4.5,-4.5,,,0,0,0,0,,,,,,,6,False,True,False,False,False,,,,
18,TB,CAR,Home,2026-01-04 00:00:00,1:00 PM,CAR,TB,,,Home,0.7335423197492164,,,,,,,-325.0,260.0,0.7335423197492164,-7.0,-7.0,,,0,0,0,0,,,,,,,6,False,True,False,False,False,,,,
1,DAL,PHI,Away,2025-09-04 00:00:00,8:20 PM,DAL,PHI,,,Away,0.5,,,,,,,,,,,,,,0,0,0,1,,,,,,,6,False,True,False,False,False,,,,
1,KC,LAC,Away,2025-09-05 00:00:00,8:00 PM,KC,LAC,,,Away,0.5,,,,,,,,,,,,,,0,0,0,1,,,,,,,6,False,True,False,False,False,,,,
1,TB,ATL,Away,2025-09-07 00:00:00,1:00 PM,TB,ATL,,,Away,0.5,,,,,,,,,,,,,,0,0,0,0,,,,,,,6,False,True,False,False,False,,,,
1,CIN,CLE,Away,2025-09-07 00:00:00,1:00 PM,CIN,CLE,,,Away,0.5,,,,,,,,,,,,,,0,0,0,0,,,,,,,6,False,True,False,False,False,,,,
1,MIA,IND,Away,2025-09-07 00:00:00,1:00 PM,MIA,IND,,,Away,0.4910905203136137,,,,,,,-104.0,-112.0,0.4910905203136137,1.5,1.5,,,0,0,0,0,,,,,,,6,False,True,False,False,False,,,,
1,CAR,JAX,Away,2025-09-07 00:00:00,1:00 PM,CAR,JAX,,,Away,0.4136572554169402,,,,,,,135.0,-152.0,0.4136572554169402,2.5,2.5,,,0,0,0,0,,,,,,,6,False,True,False,False,False,,,,
1,ARI,NO,Away,2025-09-07 00:00:00,1:00 PM,ARI,NO,,,Away,0.6892525512549417,,,,,,,-238.0,215.0,0.6892525512549417,-5.5,-5.5,,,0,0,0,0,,,,,,,6,False,True,False,False,False,,,,
1,LV,NE,Away,2025-09-07 00:00:00,1:00 PM,LV,NE,,,Away,0.4053105253079722,,,,,,,142.0,-154.0,0.4053105253079722,3.0,3.0,,,0,0,0,0,,,,,,,6,False,True,False,False,False,,,,
1,PIT,NYJ,Away,2025-09-07 00:00:00,1:00 PM,PIT,NYJ,,,Away,0.5868319338931095,,,,,,,-148.0,138.0,0.5868319338931095,-3.0,-3.0,,,0,0,0,0,,,,,,,6,False,True,False,False,False,,,,
1,NYG,WSH,Away,2025-09-07 00:00:00,1:00 PM,NYG,WSH,,,Away,0.5,,,,,,,,,,,,,,0,0,0,0,,,,,,,6,,,,,,,,,
1,TEN,DEN,Away,2025-09-07 00:00:00,4:05 PM,TEN,DEN,,,Away,0.2360248447204969,,,,,,,310.0,-375.0,0.2360248447204969,7.5,7.5,,,0,0,0,0,,,,,,,6,False,True,False,False,False,,,,
1,SF,SEA,Away,2025-09-07 00:00:00,4:05 PM,SF,SEA,,,Away,0.5,,,,,,,,,,,,,,0,0,0,0,,,,,,,6,False,True,False,False,False,,,,
1,DET,GB,Away,2025-09-07 00:00:00,4:25 PM,DET,GB,,,Away,0.5,,,,,,,,,,,,,,0,0,0,1,,,,,,,6,False,True,False,False,False,,,,
1,HOU,LAR,Away,2025-09-07 00:00:00,4:25 PM,HOU,LAR,,,Away,0.4425113464447806,,,,,,,120.0,-134.0,0.4425113464447806,2.5,2.5,,,0,0,0,0,,,,,,,6,False,True,False,False,False,,,,
1,BAL,BUF,Away,2025-09-07 00:00:00,8:20 PM,BAL,BUF,,,Away,0.4759806081974437,,,,,,,105.0,-116.0,0.4759806081974437,1.5,1.5,,,0,0,0,0,,,,,,,6,False,True,False,False,False,,,,
1,MIN,CHI,Away,2025-09-08 00:00:00,8:15 PM,MIN,CHI,,,Away,0.5,,,,,,,,,,,,,,0,0,0,0,,,,,,,6,False,True,False,False,False,,,,
2,WSH,GB,Away,2025-09-11 00:00:00,8:15 PM,WSH,GB,,,Away,0.5,,,,,,,,,,,,,,0,0,0,0,,,,,,,6,,,,,,,,,
2,JAX,CIN,Away,2025-09-14 00:00:00,1:00 PM,JAX,CIN,,,Away,0.3249687530045188,,,,,,,195.0,-238.0,0.3249687530045188,5.5,5.5,,,0,0,0,0,,,,,,,6,False,True,False,False,False,,,,
2,NYG,DAL,Away,2025-09-14 00:00:00,1:00 PM,NYG,DAL,,,Away,0.5,,,,,,,,,,,,,,0,0,0,0,,,,,,,6,False,True,False,False,False,,,,
2,CHI,DET,Away,2025-09-14 00:00:00,1:00 PM,CHI,DET,,,Away,0.5,,,,,,,,,,,,,,0,0,0,0,,,,,,,6,False,True,False,False,False,,,,
2,NE,MIA,Away,2025-09-14 00:00:00,1:00 PM,NE,MIA,,,Away,0.5,,,,,,,,,,,,,,0,0,0,0,,,,,,,6,False,True,False,False,False,,,,
2,SF,NO,Away,2025-09-14 00:00:00,1:00 PM,SF,NO,,,Away,0.7335423197492164,,,,,,,-325.0,260.0,0.7335423197492164,-7.0,-7.0,,,0,0,0,0,,,,,,,6,False,True,False,False,False,,,,
2,BUF,NYJ,Away,2025-09-14 00:00:00,1:00 PM,BUF,NYJ,,,Away,0.5,,,,,,,,,,,,,,0,0,0,0,,,,,,,6,False,True,False,False,False,,,,
2,LAR,TEN,Away,2025-09-14 00:00:00,1:00 PM,LAR,TEN,,,Away,0.6750312469954812,,,,,,,-238.0,195.0,0.6750312469954812,-5.5,-5.5,,,0,0,0,0,,,,,,,6,False,True,False,False,False,,,,
2,SEA,PIT,Away,2025-09-14 00:00:00,1:00 PM,SEA,PIT,,,Away,0.448558885283451,,,,,,,114.0,-135.0,0.448558885283451,2.5,2.5,,,0,0,0,0,,,,,,,6,False,True,False,False,False,,,,
2,CLE,BAL,Away,2025-09-14 00:00:00,1:00 PM,CLE,BAL,,,Away,0.5,,,,,,,,,,,,,,0,0,0,0,,,,,,,6,False,True,False,False,False,,,,
2,DEN,IND,Away,2025-09-14 00:00:00,4:05 PM,DEN,IND,,,Away,0.6224665518611737,,,,,,,-185.0,154.0,0.6224665518611737,-3.5,-3.5,,,0,0,0,0,,,,,,,6,False,True,False,False,False,,,,
2,CAR,ARI,Away,2025-09-14 00:00:00,4:05 PM,CAR,ARI,,,Away,0.3425247738043946,,,,,,,180.0,-218.0,0.3425247738043946,4.5,4.5,,,0,0,0,0,,,,,,,6,False,True,False,False,False,,,,
2,PHI,KC,Away,2025-09-14 00:00:00,4:25 PM,PHI,KC,,,Away,0.4843968327899395,,,,,,,105.0,-108.0,0.4843968327899395,1.5,1.5,,,0,0,0,0,,,,,,,6,False,True,False,False,False,,,,
2,ATL,MIN,Away,2025-09-14 00:00:00,8:20 PM,ATL,MIN,,,Away,0.3363518758085381,,,,,,,185.0,-225.0,0.3363518758085381,4.5,4.5,,,0,0,0,0,,,,,,,6,False,True,False,False,False,,,,
2,TB,HOU,Away,2025-09-15 00:00:00,7:00 PM,TB,HOU,,,Away,0.4572564612326044,,,,,,,110.0,-130.0,0.4572564612326044,1.5,1.5,,,0,0,0,0,,,,,,,6,False,True,False,False,False,,,,
2,LAC,LV,Away,2025-09-15 00:00:00,10:00 PM,LAC,LV,09/14/2025,13:05:00,Away,0.49,3.5,-6.0,9.5,-1.0,0.0,0.01,,,,,,,,0,0,0,0,3.5,-6.0,,,,,6,False,True,False,False,False,,,3.5,-6.0
3,MIA,BUF,Away,2025-09-18 00:00:00,8:15 PM,MIA,BUF,,,Away,0.5,,,,,,,,,,,,,,0,0,0,0,,,,,,,6,False,True,False,False,False,,,,
3,ATL,CAR,Away,2025-09-21 00:00:00,1:00 PM,ATL,CAR,,,Away,0.5,,,,,,,,,,,,,,0,0,0,0,,,,,,,6,False,True,False,False,False,,,,
3,GB,CLE,Away,2025-09-21 00:00:00,1:00 PM,GB,CLE,,,Away,0.6957699520733487,,,,,,,-265.0,215.0,0.6957699520733487,-5.5,-5.5,,,0,0,0,0,,,,,,,6,False,True,False,False,False,,,,
3,HOU,JAX,Away,2025-09-21 00:00:00,1:00 PM,HOU,JAX,,,Away,0.5,,,,,,,,,,,,,,0,0,0,0,,,,,,,6,False,True,False,False,False,,,,
3,CIN,MIN,Away,2025-09-21 00:00:00,1:00 PM,CIN,MIN,,,Away,0.4675324675324675,,,,,,,105.0,-125.0,0.4675324675324675,1.5,1.5,,,0,0,0,0,,,,,,,6,False,True,False,False,False,,,,
3,PIT,NE,Away,2025-09-21 00:00:00,1:00 PM,PIT,NE,,,Away,0.4675324675324675,,,,,,,105.0,-125.0,0.4675324675324675,1.5,1.5,,,0,0,0,0,,,,,,,6,False,True,False,False,False,,,,
3,IND,TEN,Away,2025-09-21 00:00:00,1:00 PM,IND,TEN,,,Away,0.5,,,,,,,,,,,,,,0,0,0,0,,,,,,,6,False,True,False,False,False,,,,
3,LAR,PHI,Away,2025-09-21 00:00:00,1:00 PM,LAR,PHI,,,Away,0.3363518758085381,,,,,,,185.0,-225.0,0.3363518758085381,4.5,4.5,,,0,0,0,0,,,,,,,6,False,True,False,False,False,,,,
3,NYJ,TB,Away,2025-09-21 00:00:00,1:00 PM,NYJ,TB,,,Away,0.2591283863368669,,,,,,,270.0,-340.0,0.2591283863368669,7.5,7.5,,,0,0,0,0,,,,,,,6,False,True,False,False,False,,,,
3,LV,WSH,Away,2025-09-21 00:00:00,1:00 PM,LV,WSH,,,Away,0.5,,,,,,,,,,,,,,0,0,0,0,,,,,,,6,,,,,,,,,
3,DEN,LAC,Away,2025-09-21 00:00:00,4:05 PM,DEN,LAC,,,Away,0.5,,,,,,,,,,,,,,0,0,0,0,,,,,,,6,False,True,False,False,False,,,,
3,NO,SEA,Away,2025-09-21 00:00:00,4:05 PM,NO,SEA,,,Away,0.2949668357393679,,,,,,,225.0,-278.0,0.2949668357393679,6.5,6.5,,,0,0,0,0,,,,,,,6,False,True,False,False,False,,,,
3,DAL,CHI,Away,2025-09-21 00:00:00,4:25 PM,DAL,CHI,,,Away,0.4003612281757977,,,,,,,140.0,-166.0,0.4003612281757977,3.0,3.0,,,0,0,0,1,,,,,,,6,False,True,False,False,False,,,,
3,ARI,SF,Away,2025-09-21 00:00:00,4:25 PM,ARI,SF,,,Away,0.5,,,,,,,,,,,,,,0,0,0,0,,,,,,,6,False,True,False,False,False,,,,
3,KC,NYG,Away,2025-09-21 00:00:00,8:20 PM,KC,NYG,,,Away,0.7135512302607419,,,,,,,-290.0,235.0,0.7135512302607419,-6.5,-6.5,,,0,0,0,1,,,,,,,6,False,True,False,False,False,,,,
3,DET,BAL,Away,2025-09-22 00:00:00,8:15 PM,DET,BAL,,,Away,0.3690596562184025,,,,,,,160.0,-192.0,0.3690596562184025,3.5,3.5,,,0,0,0,1,,,,,,,6,False,True,False,False,False,,,,
4,SEA,ARI,Away,2025-09-25 00:00:00,8:15 PM,SEA,ARI,,,Away,0.5,,,,,,,,,,,,,,0,0,0,0,,,,,,,6,False,True,False,False,False,,,,
4,MIN,PIT,Away,2025-09-28 00:00:00,9:30 AM,MIN,PIT,,,Away,0.5278969957081545,,,,,,,-120.0,105.0,0.5278969957081545,-1.5,-1.5,,,0,0,0,0,,,,,,,6,False,True,False,False,False,,,,
4,WSH,ATL,Away,2025-09-28 00:00:00,1:00 PM,WSH,ATL,,,Away,0.5,,,,,,,,,,,,,,0,0,0,0,,,,,,,6,,,,,,,,,
4,NO,BUF,Away,2025-09-28 00:00:00,1:00 PM,NO,BUF,,,Away,0.1629006831318969,,,,,,,490.0,-675.0,0.1629006831318969,12.5,12.5,,,0,0,0,0,,,,,,,6,False,True,False,False,False,,,,
4,CLE,DET,Away,2025-09-28 00:00:00,1:00 PM,CLE,DET,,,Away,0.1957070707070707,,,,,,,390.0,-520.0,0.1957070707070707,10.5,10.5,,,0,0,0,0,,,,,,,6,False,True,False,False,False,,,,
4,TEN,HOU,Away,2025-09-28 00:00:00,1:00 PM,TEN,HOU,,,Away,0.5,,,,,,,,,,,,,,0,0,0,0,,,,,,,6,False,True,False,False,False,,,,
4,CAR,NE,Away,2025-09-28 00:00:00,1:00 PM,CAR,NE,,,Away,0.3775334481388264,,,,,,,154.0,-185.0,0.3775334481388264,3.5,3.5,,,0,0,0,0,,,,,,,6,False,True,False,False,False,,,,
4,LAC,NYG,Away,2025-09-28 00:00:00,1:00 PM,LAC,NYG,,,Away,0.6224665518611737,,,,,,,-185.0,154.0,0.6224665518611737,-3.5,-3.5,,,0,0,0,0,,,,,,,6,False,True,False,False,False,,,,
4,PHI,TB,Away,2025-09-28 00:00:00,1:00 PM,PHI,TB,,,Away,0.5634920634920635,,,,,,,-142.0,120.0,0.5634920634920635,-2.5,-2.5,,,0,0,0,0,,,,,,,6,False,True,False,False,False,,,,
4,IND,LAR,Away,2025-09-28 00:00:00,4:05 PM,IND,LAR,,,Away,0.2779207411219763,,,,,,,245.0,-305.0,0.2779207411219763,6.5,6.5,,,0,0,0,0,,,,,,,6,False,True,False,False,False,,,,
4,JAX,SF,Away,2025-09-28 00:00:00,4:05 PM,JAX,SF,,,Away,0.3249687530045188,,,,,,,195.0,-238.0,0.3249687530045188,5.5,5.5,,,0,0,0,0,,,,,,,6,False,True,False,False,False,,,,
4,BAL,KC,Away,2025-09-28 00:00:00,4:25 PM,BAL,KC,,,Away,0.4721030042918455,,,,,,,105.0,-120.0,0.4721030042918455,1.5,1.5,,,0,0,0,0,,,,,,,6,False,True,False,False,False,,,,
4,CHI,LV,Away,2025-09-28 00:00:00,4:25 PM,CHI,LV,,,Away,0.5260865852617197,,,,,,,-122.0,102.0,0.5260865852617197,-1.5,-1.5,,,0,0,0,0,,,,,,,6,False,True,False,False,False,,,,
4,GB,DAL,Away,2025-09-28 00:00:00,8:20 PM,GB,DAL,,,Away,0.5324675324675325,,,,,,,-125.0,105.0,0.5324675324675325,-1.5,-1.5,,,0,0,0,0,,,,,,,6,False,True,False,False,False,,,,
4,NYJ,MIA,Away,2025-09-29 00:00:00,7:15 PM,NYJ,MIA,,,Away,0.5,,,,,,,,,,,,,,0,0,0,0,,,,,,,6,False,True,False,False,False,,,,
4,CIN,DEN,Away,2025-09-29 00:00:00,8:15 PM,CIN,DEN,,,Away,0.4365079365079364,,,,,,,120.0,-142.0,0.4365079365079364,2.5,2.5,,,0,0,0,0,,,,,,,6,False,True,False,False,False,,,,
5,SF,LAR,Away,2025-10-02 00:00:00,8:15 PM,SF,LAR,,,Away,0.5,,,,,,,,,,,,,,0,0,0,0,,,,,,,6,False,True,False,False,False,,,,
5,MIN,CLE,Away,2025-10-05 00:00:00,9:30 AM,MIN,CLE,,,Away,0.7388632872503841,,,,,,,-325.0,270.0,0.7388632872503841,-6.75,-6.75,,,0,0,0,0,,,,,,,6,False,True,False,False,False,,,,
5,MIA,CAR,Away,2025-10-05 00:00:00,1:00 PM,MIA,CAR,,,Away,0.5324675324675325,,,,,,,-125.0,105.0,0.5324675324675325,-1.5,-1.5,,,0,0,0,0,,,,,,,6,False,True,False,False,False,,,,
5,LV,IND,Away,2025-10-05 00:00:00,1:00 PM,LV,IND,,,Away,0.4675324675324675,,,,,,,105.0,-125.0,0.4675324675324675,1.5,1.5,,,0,0,0,0,,,,,,,6,False,True,False,False,False,,,,
5,NYG,NO,Away,2025-10-05 00:00:00,1:00 PM,NYG,NO,,,Away,0.5324675324675325,,,,,,,-125.0,105.0,0.5324675324675325,-1.5,-1.5,,,0,0,0,0,,,,,,,6,False,True,False,False,False,,,,
5,DAL,NYJ,Away,2025-10-05 00:00:00,1:00 PM,DAL,NYJ,,,Away,0.551441114716549,,,,,,,-135.0,114.0,0.551441114716549,-2.5,-2.5,,,0,0,0,1,,,,,,,6,False,True,False,False,False,,,,
5,DEN,PHI,Away,2025-10-05 00:00:00,1:00 PM,DEN,PHI,,,Away,0.3425247738043946,,,,,,,180.0,-218.0,0.3425247738043946,4.5,4.5,,,0,0,0,0,,,,,,,6,False,True,False,False,False,,,,
5,HOU,BAL,Away,2025-10-05 00:00:00,1:00 PM,HOU,BAL,,,Away,0.2491874322860238,,,,,,,285.0,-360.0,0.2491874322860238,7.5,7.5,,,0,0,0,0,,,,,,,6,False,True,False,False,False,,,,
5,TEN,ARI,Away,2025-10-05 00:00:00,4:05 PM,TEN,ARI,,,Away,0.3249687530045188,,,,,,,195.0,-238.0,0.3249687530045188,5.5,5.5,,,0,0,0,0,,,,,,,6,False,True,False,False,False,,,,
5,TB,SEA,Away,2025-10-05 00:00:00,4:05 PM,TB,SEA,,,Away,0.5324675324675325,,,,,,,-125.0,105.0,0.5324675324675325,-1.5,-1.5,,,0,0,0,0,,,,,,,6,False,True,False,False,False,,,,
5,DET,CIN,Away,2025-10-05 00:00:00,4:25 PM,DET,CIN,,,Away,0.5260865852617197,,,,,,,-122.0,102.0,0.5260865852617197,-1.5,-1.5,,,0,0,0,1,,,,,,,6,False,True,False,False,False,,,,
5,WSH,LAC,Away,2025-10-05 00:00:00,4:25 PM,WSH,LAC,,,Away,0.5,,,,,,,,,,,,,,0,0,0,0,,,,,,,6,,,,,,,,,
5,NE,BUF,Away,2025-10-05 00:00:00,8:20 PM,NE,BUF,,,Away,0.5,,,,,,,,,,,,,,0,0,0,0,,,,,,,6,False,True,False,False,False,,,,
5,KC,JAX,Away,2025-10-06 00:00:00,8:15 PM,KC,JAX,,,Away,0.644729178800233,,,,,,,-205.0,170.0,0.644729178800233,-4.5,-4.5,,,0,0,0,1,,,,,,,6,False,True,False,False,False,,,,
6,PHI,NYG,Away,2025-10-09 00:00:00,8:15 PM,PHI,NYG,,,Away,0.5,,,,,,,,,,,,,,0,0,0,0,,,,,,,6,False,True,False,False,False,,,,
6,DEN,NYJ,Away,2025-10-12 00:00:00,9:30 AM,DEN,NYJ,,,Away,0.729871952289072,,,,,,,-285.0,265.0,0.729871952289072,-6.5,-6.5,,,0,0,0,0,,,,,,,6,False,True,False,False,False,,,,
6,DAL,CAR,Away,2025-10-12 00:00:00,1:00 PM,DAL,CAR,,,Away,0.5324675324675325,,,,,,,-125.0,105.0,0.5324675324675325,-1.5,-1.5,,,0,0,0,1,,,,,,,6,False,True,False,False,False,,,,
6,ARI,IND,Away,2025-10-12 00:00:00,1:00 PM,ARI,IND,,,Away,0.5324675324675325,,,,,,,-125.0,105.0,0.5324675324675325,-1.5,-1.5,,,0,0,0,0,,,,,,,6,False,True,False,False,False,,,,
6,SEA,JAX,Away,2025-10-12 00:00:00,1:00 PM,SEA,JAX,,,Away,0.4675324675324675,,,,,,,105.0,-125.0,0.4675324675324675,1.5,1.5,,,0,0,0,0,,,,,,,6,False,True,False,False,False,,,,
6,LAC,MIA,Away,2025-10-12 00:00:00,1:00 PM,LAC,MIA,,,Away,0.5634920634920635,,,,,,,-142.0,120.0,0.5634920634920635,-2.5,-2.5,,,0,0,0,0,,,,,,,6,False,True,False,False,False,,,,
6,CLE,PIT,Away,2025-10-12 00:00:00,1:00 PM,CLE,PIT,,,Away,0.5,,,,,,,,,,,,,,0,0,0,0,,,,,,,6,False,True,False,False,False,,,,
6,LAR,BAL,Away,2025-10-12 00:00:00,1:00 PM,LAR,BAL,,,Away,0.3194444444444444,,,,,,,200.0,-245.0,0.3194444444444444,5.5,5.5,,,0,0,0,0,,,,,,,6,False,True,False,False,False,,,,
6,SF,TB,Away,2025-10-12 00:00:00,1:00 PM,SF,TB,,,Away,0.4572564612326044,,,,,,,110.0,-130.0,0.4572564612326044,1.5,1.5,,,0,0,0,0,,,,,,,6,False,True,False,False,False,,,,
6,TEN,LV,Away,2025-10-12 00:00:00,4:05 PM,TEN,LV,,,Away,0.3907637655417407,,,,,,,145.0,-175.0,0.3907637655417407,3.0,3.0,,,0,0,0,0,,,,,,,6,False,True,False,False,False,,,,
6,CIN,GB,Away,2025-10-12 00:00:00,4:25 PM,CIN,GB,,,Away,0.4066302458405761,,,,,,,136.0,-162.0,0.4066302458405761,3.0,3.0,,,0,0,0,0,,,,,,,6,False,True,False,False,False,,,,
6,NE,NO,Away,2025-10-12 00:00:00,4:25 PM,NE,NO,,,Away,0.5996387718242023,,,,,,,-166.0,140.0,0.5996387718242023,-3.0,-3.0,,,0,0,0,0,,,,,,,6,False,True,False,False,False,,,,
6,DET,KC,Away,2025-10-12 00:00:00,8:20 PM,DET,KC,,,Away,0.4170073589533933,,,,,,,130.0,-155.0,0.4170073589533933,2.75,2.75,,,0,0,0,1,,,,,,,6,False,True,False,False,False,,,,
6,BUF,ATL,Away,2025-10-13 00:00:00,7:15 PM,BUF,ATL,,,Away,0.6750312469954812,,,,,,,-238.0,195.0,0.6750312469954812,-5.5,-5.5,,,0,0,0,0,,,,,,,6,False,True,False,False,False,,,,
6,CHI,WSH,Away,2025-10-13 00:00:00,8:15 PM,CHI,WSH,,,Away,0.5,,,,,,,,,,,,,,0,0,0,0,,,,,,,6,,,,,,,,,
7,PIT,CIN,Away,2025-10-16 00:00:00,8:15 PM,PIT,CIN,,,Away,0.5,,,,,,,,,,,,,,0,0,0,0,,,,,,,6,False,True,False,False,False,,,,
7,LAR,JAX,Away,2025-10-19 00:00:00,9:30 AM,LAR,JAX,,,Away,0.6349897540983607,,,,,,,-185.0,168.0,0.6349897540983607,-3.5,-3.5,,,0,0,0,0,,,,,,,6,False,True,False,False,False,,,,
7,NO,CHI,Away,2025-10-19 00:00:00,1:00 PM,NO,CHI,,,Away,0.2559309849029475,,,,,,,275.0,-345.0,0.2559309849029475,7.5,7.5,,,0,0,0,0,,,,,,,6,False,True,False,False,False,,,,
7,MIA,CLE,Away,2025-10-19 00:00:00,1:00 PM,MIA,CLE,,,Away,0.5324675324675325,,,,,,,-125.0,105.0,0.5324675324675325,-1.5,-1.5,,,0,0,0,0,,,,,,,6,False,True,False,False,False,,,,
7,LV,KC,Away,2025-10-19 00:00:00,1:00 PM,LV,KC,,,Away,0.5,,,,,,,,,,,,,,0,0,0,0,,,,,,,6,False,True,False,False,False,,,,
7,PHI,MIN,Away,2025-10-19 00:00:00,1:00 PM,PHI,MIN,,,Away,0.5996387718242023,,,,,,,-166.0,140.0,0.5996387718242023,-3.0,-3.0,,,0,0,0,0,,,,,,,6,False,True,False,False,False,,,,
7,CAR,NYJ,Away,2025-10-19 00:00:00,1:00 PM,CAR,NYJ,,,Away,0.4675324675324675,,,,,,,105.0,-125.0,0.4675324675324675,1.5,1.5,,,0,0,0,0,,,,,,,6,False,True,False,False,False,,,,
7,NE,TEN,Away,2025-10-19 00:00:00,1:00 PM,NE,TEN,,,Away,0.5324675324675325,,,,,,,-125.0,105.0,0.5324675324675325,-1.5,-1.5,,,0,0,0,0,,,,,,,6,False,True,False,False,False,,,,
7,NYG,DEN,Away,2025-10-19 00:00:00,4:05 PM,NYG,DEN,,,Away,0.2522172949002217,,,,,,,280.0,-355.0,0.2522172949002217,7.5,7.5,,,0,0,0,0,,,,,,,6,False,True,False,False,False,,,,
7,IND,LAC,Away,2025-10-19 00:00:00,4:05 PM,IND,LAC,,,Away,0.3092071169459319,,,,,,,210.0,-258.0,0.3092071169459319,6.0,6.0,,,0,0,0,0,,,,,,,6,False,True,False,False,False,,,,
7,GB,ARI,Away,2025-10-19 00:00:00,4:25 PM,GB,ARI,,,Away,0.5260865852617197,,,,,,,-122.0,102.0,0.5260865852617197,-1.5,-1.5,,,0,0,0,0,,,,,,,6,False,True,False,False,False,,,,
7,WSH,DAL,Away,2025-10-19 00:00:00,4:25 PM,WSH,DAL,,,Away,0.5,,,,,,,,,,,,,,0,0,0,0,,,,,,,6,,,,,,,,,
7,ATL,SF,Away,2025-10-19 00:00:00,8:20 PM,ATL,SF,,,Away,0.2904564315352697,,,,,,,230.0,-285.0,0.2904564315352697,6.5,6.5,,,0,0,0,0,,,,,,,6,False,True,False,False,False,,,,
7,TB,DET,Away,2025-10-20 00:00:00,7:00 PM,TB,DET,,,Away,0.3630958183058778,,,,,,,164.0,-198.0,0.3630958183058778,3.5,3.5,,,0,0,0,0,,,,,,,6,False,True,False,False,False,,,,
7,HOU,SEA,Away,2025-10-20 00:00:00,10:00 PM,HOU,SEA,,,Away,0.4675324675324675,,,,,,,105.0,-125.0,0.4675324675324675,1.5,1.5,,,0,0,0,0,,,,,,,6,False,True,False,False,False,,,,
8,MIN,LAC,Away,2025-10-23 00:00:00,8:15 PM,MIN,LAC,,,Away,0.4170073589533933,,,,,,,130.0,-155.0,0.4170073589533933,3.0,3.0,,,0,0,0,0,,,,,,,6,False,True,False,False,False,,,,
8,MIA,ATL,Away,2025-10-26 00:00:00,1:00 PM,MIA,ATL,,,Away,0.4675324675324675,,,,,,,105.0,-125.0,0.4675324675324675,1.5,1.5,,,0,0,0,0,,,,,,,6,False,True,False,False,False,,,,
8,BUF,CAR,Away,2025-10-26 00:00:00,1:00 PM,BUF,CAR,,,Away,0.7335423197492164,,,,,,,-325.0,260.0,0.7335423197492164,-7.0,-7.0,,,0,0,0,0,,,,,,,6,False,True,False,False,False,,,,
8,NYJ,CIN,Away,2025-10-26 00:00:00,1:00 PM,NYJ,CIN,,,Away,0.2522172949002217,,,,,,,280.0,-355.0,0.2522172949002217,7.5,7.5,,,0,0,0,0,,,,,,,6,False,True,False,False,False,,,,
8,SF,HOU,Away,2025-10-26 00:00:00,1:00 PM,SF,HOU,,,Away,0.5324675324675325,,,,,,,-125.0,105.0,0.5324675324675325,-1.5,-1.5,,,0,0,0,0,,,,,,,6,False,True,False,False,False,,,,
8,CLE,NE,Away,2025-10-26 00:00:00,1:00 PM,CLE,NE,,,Away,0.3249687530045188,,,,,,,195.0,-238.0,0.3249687530045188,5.5,5.5,,,0,0,0,0,,,,,,,6,False,True,False,False,False,,,,
8,NYG,PHI,Away,2025-10-26 00:00:00,1:00 PM,NYG,PHI,,,Away,0.5,,,,,,,,,,,,,,0,0,0,0,,,,,,,6,False,True,False,False,False,,,,
8,CHI,BAL,Away,2025-10-26 00:00:00,1:00 PM,CHI,BAL,,,Away,0.2664576802507837,,,,,,,260.0,-325.0,0.2664576802507837,7.0,7.0,,,0,0,0,0,,,,,,,6,False,True,False,False,False,,,,
8,TB,NO,Away,2025-10-26 00:00:00,4:05 PM,TB,NO,,,Away,0.5,,,,,,,,,,,,,,0,0,0,0,,,,,,,6,False,True,False,False,False,,,,
8,TEN,IND,Away,2025-10-26 00:00:00,4:25 PM,TEN,IND,,,Away,0.5,,,,,,,,,,,,,,0,0,0,0,,,,,,,6,False,True,False,False,False,,,,
8,DAL,DEN,Away,2025-10-26 00:00:00,4:25 PM,DAL,DEN,,,Away,0.3425247738043946,,,,,,,180.0,-218.0,0.3425247738043946,4.5,4.5,,,0,0,0,1,,,,,,,6,False,True,False,False,False,,,,
8,GB,PIT,Away,2025-10-26 00:00:00,8:20 PM,GB,PIT,,,Away,0.5324675324675325,,,,,,,-125.0,105.0,0.5324675324675325,-1.5,-1.5,,,0,0,0,0,,,,,,,6,False,True,False,False,False,,,,
8,WSH,KC,Away,2025-10-27 00:00:00,8:15 PM,WSH,KC,,,Away,0.5,,,,,,,,,,,,,,0,0,0,0,,,,,,,6,,,,,,,,,
9,BAL,MIA,Away,2025-10-30 00:00:00,8:15 PM,BAL,MIA,,,Away,0.6805555555555556,,,,,,,-245.0,200.0,0.6805555555555556,-5.5,-5.5,,,0,0,0,0,,,,,,,6,False,True,False,False,False,,,,
9,CHI,CIN,Away,2025-11-02 00:00:00,1:00 PM,CHI,CIN,,,Away,0.3962430290578221,,,,,,,142.0,-170.0,0.3962430290578221,3.0,3.0,,,0,0,0,0,,,,,,,6,False,True,False,False,False,,,,
9,MIN,DET,Away,2025-11-02 00:00:00,1:00 PM,MIN,DET,,,Away,0.5,,,,,,,,,,,,,,0,0,0,0,,,,,,,6,False,True,False,False,False,,,,
9,CAR,GB,Away,2025-11-02 00:00:00,1:00 PM,CAR,GB,,,Away,0.2491874322860238,,,,,,,285.0,-360.0,0.2491874322860238,7.5,7.5,,,0,0,0,0,,,,,,,6,False,True,False,False,False,,,,
9,DEN,HOU,Away,2025-11-02 00:00:00,1:00 PM,DEN,HOU,,,Away,0.5217391304347826,,,,,,,-120.0,100.0,0.5217391304347826,-1.5,-1.5,,,0,0,0,0,,,,,,,6,False,True,False,False,False,,,,
9,ATL,NE,Away,2025-11-02 00:00:00,1:00 PM,ATL,NE,,,Away,0.4003612281757977,,,,,,,140.0,-166.0,0.4003612281757977,3.0,3.0,,,0,0,0,0,,,,,,,6,False,True,False,False,False,,,,
9,SF,NYG,Away,2025-11-02 00:00:00,1:00 PM,SF,NYG,,,Away,0.6309403437815976,,,,,,,-192.0,160.0,0.6309403437815976,-3.5,-3.5,,,0,0,0,0,,,,,,,6,False,True,False,False,False,,,,
9,LAC,TEN,Away,2025-11-02 00:00:00,1:00 PM,LAC,TEN,,,Away,0.6574752261956054,,,,,,,-218.0,180.0,0.6574752261956054,-4.5,-4.5,,,0,0,0,0,,,,,,,6,False,True,False,False,False,,,,
9,IND,PIT,Away,2025-11-02 00:00:00,1:00 PM,IND,PIT,,,Away,0.3775334481388264,,,,,,,154.0,-185.0,0.3775334481388264,3.5,3.5,,,0,0,0,0,,,,,,,6,False,True,False,False,False,,,,
9,JAX,LV,Away,2025-11-02 00:00:00,4:05 PM,JAX,LV,,,Away,0.4675324675324675,,,,,,,105.0,-125.0,0.4675324675324675,1.5,1.5,,,0,0,0,0,,,,,,,6,False,True,False,False,False,,,,
9,NO,LAR,Away,2025-11-02 00:00:00,4:05 PM,NO,LAR,,,Away,0.2180936995153473,,,,,,,340.0,-440.0,0.2180936995153473,9.5,9.5,,,0,0,0,0,,,,,,,6,False,True,False,False,False,,,,
9,KC,BUF,Away,2025-11-02 00:00:00,4:25 PM,KC,BUF,,,Away,0.4279403644395361,,,,,,,124.0,-148.0,0.4279403644395361,2.5,2.5,,,0,0,0,1,,,,,,,6,False,True,False,False,False,,,,
9,SEA,WSH,Away,2025-11-02 00:00:00,8:20 PM,SEA,WSH,,,Away,0.5,,,,,,,,,,,,,,0,0,0,0,,,,,,,6,,,,,,,,,
9,ARI,DAL,Away,2025-11-03 00:00:00,8:15 PM,ARI,DAL,,,Away,0.4675324675324675,,,,,,,105.0,-125.0,0.4675324675324675,1.5,1.5,,,0,0,0,0,,,,,,,6,False,True,False,False,False,,,,
10,LV,DEN,Away,2025-11-06 00:00:00,8:15 PM,LV,DEN,,,Away,0.5,,,,,,,,,,,,,,0,0,0,0,,,,,,,6,False,True,False,False,False,,,,
10,ATL,IND,Away,2025-11-09 00:00:00,9:30 AM,ATL,IND,,,Away,0.5168539325842696,,,,,,,-115.0,100.0,0.5168539325842696,-1.5,-1.5,,,0,0,0,0,,,,,,,6,False,True,False,False,False,,,,
10,NO,CAR,Away,2025-11-09 00:00:00,1:00 PM,NO,CAR,,,Away,0.5,,,,,,,,,,,,,,0,0,0,0,,,,,,,6,False,True,False,False,False,,,,
10,NYG,CHI,Away,2025-11-09 00:00:00,1:00 PM,NYG,CHI,,,Away,0.3309929789368104,,,,,,,190.0,-230.0,0.3309929789368104,5.5,5.5,,,0,0,0,0,,,,,,,6,False,True,False,False,False,,,,
10,JAX,HOU,Away,2025-11-09 00:00:00,1:00 PM,JAX,HOU,,,Away,0.5,,,,,,,,,,,,,,0,0,0,0,,,,,,,6,False,True,False,False,False,,,,
10,BUF,MIA,Away,2025-11-09 00:00:00,1:00 PM,BUF,MIA,,,Away,0.5,,,,,,,,,,,,,,0,0,0,0,,,,,,,6,False,True,False,False,False,,,,
10,BAL,MIN,Away,2025-11-09 00:00:00,1:00 PM,BAL,MIN,,,Away,0.6224665518611737,,,,,,,-185.0,154.0,0.6224665518611737,-3.5,-3.5,,,0,0,0,0,,,,,,,6,False,True,False,False,False,,,,
10,CLE,NYJ,Away,2025-11-09 00:00:00,1:00 PM,CLE,NYJ,,,Away,0.4365079365079364,,,,,,,120.0,-142.0,0.4365079365079364,2.5,2.5,,,0,0,0,0,,,,,,,6,False,True,False,False,False,,,,
10,NE,TB,Away,2025-11-09 00:00:00,1:00 PM,NE,TB,,,Away,0.3363518758085381,,,,,,,185.0,-225.0,0.3363518758085381,4.5,4.5,,,0,0,0,0,,,,,,,6,False,True,False,False,False,,,,
10,ARI,SEA,Away,2025-11-09 00:00:00,4:05 PM,ARI,SEA,,,Away,0.5,,,,,,,,,,,,,,0,0,0,0,,,,,,,6,False,True,False,False,False,,,,
10,LAR,SF,Away,2025-11-09 00:00:00,4:25 PM,LAR,SF,,,Away,0.5,,,,,,,,,,,,,,0,0,0,0,,,,,,,6,False,True,False,False,False,,,,
10,DET,WSH,Away,2025-11-09 00:00:00,4:25 PM,DET,WSH,,,Away,0.5,,,,,,,,,,,,,,0,0,0,1,,,,,,,6,,,,,,,,,
10,PIT,LAC,Away,2025-11-09 00:00:00,8:20 PM,PIT,LAC,,,Away,0.3425247738043946,,,,,,,180.0,-218.0,0.3425247738043946,4.5,4.5,,,0,0,0,0,,,,,,,6,False,True,False,False,False,,,,
10,PHI,GB,Away,2025-11-10 00:00:00,8:15 PM,PHI,GB,,,Away,0.5324675324675325,,,,,,,-125.0,105.0,0.5324675324675325,-1.5,-1.5,,,0,0,0,0,,,,,,,6,False,True,False,False,False,,,,
11,NYJ,NE,Away,2025-11-13 00:00:00,8:15 PM,NYJ,NE,,,Away,0.5,,,,,,,,,,,,,,0,0,0,0,,,,,,,6,False,True,False,False,False,,,,
11,WSH,MIA,Away,2025-11-16 00:00:00,9:30 AM,WSH,MIA,,,Away,0.5,,,,,,,,,,,,,,0,0,0,0,,,,,,,6,,,,,,,,,
11,CAR,ATL,Away,2025-11-16 00:00:00,1:00 PM,CAR,ATL,,,Away,0.5,,,,,,,,,,,,,,0,0,0,0,,,,,,,6,False,True,False,False,False,,,,
11,TB,BUF,Away,2025-11-16 00:00:00,1:00 PM,TB,BUF,,,Away,0.3249687530045188,,,,,,,195.0,-238.0,0.3249687530045188,5.5,5.5,,,0,0,0,0,,,,,,,6,False,True,False,False,False,,,,
11,LAC,JAX,Away,2025-11-16 00:00:00,1:00 PM,LAC,JAX,,,Away,0.5324675324675325,,,,,,,-125.0,105.0,0.5324675324675325,-1.5,-1.5,,,0,0,0,0,,,,,,,6,False,True,False,False,False,,,,
11,CHI,MIN,Away,2025-11-16 00:00:00,1:00 PM,CHI,MIN,,,Away,0.5,,,,,,,,,,,,,,0,0,0,0,,,,,,,6,False,True,False,False,False,,,,
11,GB,NYG,Away,2025-11-16 00:00:00,1:00 PM,GB,NYG,,,Away,0.644729178800233,,,,,,,-205.0,170.0,0.644729178800233,-4.5,-4.5,,,0,0,0,0,,,,,,,6,False,True,False,False,False,,,,
11,HOU,TEN,Away,2025-11-16 00:00:00,1:00 PM,HOU,TEN,,,Away,0.5,,,,,,,,,,,,,,0,0,0,0,,,,,,,6,False,True,False,False,False,,,,
11,CIN,PIT,Away,2025-11-16 00:00:00,1:00 PM,CIN,PIT,,,Away,0.5,,,,,,,,,,,,,,0,0,0,0,,,,,,,6,False,True,False,False,False,,,,
11,SF,ARI,Away,2025-11-16 00:00:00,4:05 PM,SF,ARI,,,Away,0.5,,,,,,,,,,,,,,0,0,0,0,,,,,,,6,False,True,False,False,False,,,,
11,SEA,LAR,Away,2025-11-16 00:00:00,4:05 PM,SEA,LAR,,,Away,0.5,,,,,,,,,,,,,,0,0,0,0,,,,,,,6,False,True,False,False,False,,,,
11,BAL,CLE,Away,2025-11-16 00:00:00,4:25 PM,BAL,CLE,,,Away,0.5,,,,,,,,,,,,,,0,0,0,0,,,,,,,6,False,True,False,False,False,,,,
11,KC,DEN,Away,2025-11-16 00:00:00,4:25 PM,KC,DEN,,,Away,0.5,,,,,,,,,,,,,,0,0,0,1,,,,,,,6,False,True,False,False,False,,,,
11,DET,PHI,Away,2025-11-16 00:00:00,8:20 PM,DET,PHI,,,Away,0.3690596562184025,,,,,,,160.0,-192.0,0.3690596562184025,3.5,3.5,,,0,0,0,1,,,,,,,6,False,True,False,False,False,,,,
11,DAL,LV,Away,2025-11-17 00:00:00,8:15 PM,DAL,LV,,,Away,0.5324675324675325,,,,,,,-125.0,105.0,0.5324675324675325,-1.5,-1.5,,,0,0,0,1,,,,,,,6,False,True,False,False,False,,,,
12,BUF,HOU,Away,2025-11-20 00:00:00,8:15 PM,BUF,HOU,,,Away,0.6224665518611737,,,,,,,-185.0,154.0,0.6224665518611737,-3.5,-3.5,,,0,0,0,0,,,,,,,6,False,True,False,False,False,,,,
12,PIT,CHI,Away,2025-11-23 00:00:00,1:00 PM,PIT,CHI,,,Away,0.448558885283451,,,,,,,114.0,-135.0,0.448558885283451,2.5,2.5,,,0,0,0,0,,,,,,,6,False,True,False,False,False,,,,
12,NE,CIN,Away,2025-11-23 00:00:00,1:00 PM,NE,CIN,,,Away,0.3363518758085381,,,,,,,185.0,-225.0,0.3363518758085381,4.5,4.5,,,0,0,0,0,,,,,,,6,False,True,False,False,False,,,,
12,NYG,DET,Away,2025-11-23 00:00:00,1:00 PM,NYG,DET,,,Away,0.2284946236559139,,,,,,,320.0,-410.0,0.2284946236559139,8.5,8.5,,,0,0,0,0,,,,,,,6,False,True,False,False,False,,,,
12,MIN,GB,Away,2025-11-23 00:00:00,1:00 PM,MIN,GB,,,Away,0.5,,,,,,,,,,,,,,0,0,0,0,,,,,,,6,False,True,False,False,False,,,,
12,IND,KC,Away,2025-11-23 00:00:00,1:00 PM,IND,KC,,,Away,0.2180936995153473,,,,,,,340.0,-440.0,0.2180936995153473,9.5,9.5,,,0,0,0,0,,,,,,,6,False,True,False,False,False,,,,
12,SEA,TEN,Away,2025-11-23 00:00:00,1:00 PM,SEA,TEN,,,Away,0.5324675324675325,,,,,,,-125.0,105.0,0.5324675324675325,-1.5,-1.5,,,0,0,0,0,,,,,,,6,False,True,False,False,False,,,,
12,NYJ,BAL,Away,2025-11-23 00:00:00,1:00 PM,NYJ,BAL,,,Away,0.1776649746192893,,,,,,,440.0,-600.0,0.1776649746192893,11.5,11.5,,,0,0,0,0,,,,,,,6,False,True,False,False,False,,,,
12,JAX,ARI,Away,2025-11-23 00:00:00,4:05 PM,JAX,ARI,,,Away,0.4066302458405761,,,,,,,136.0,-162.0,0.4066302458405761,3.0,3.0,,,0,0,0,0,,,,,,,6,False,True,False,False,False,,,,
12,CLE,LV,Away,2025-11-23 00:00:00,4:05 PM,CLE,LV,,,Away,0.3775334481388264,,,,,,,154.0,-185.0,0.3775334481388264,3.5,3.5,,,0,0,0,0,,,,,,,6,False,True,False,False,False,,,,
12,PHI,DAL,Away,2025-11-23 00:00:00,4:25 PM,PHI,DAL,,,Away,0.5,,,,,,,,,,,,,,0,0,0,0,,,,,,,6,False,True,False,False,False,,,,
12,ATL,NO,Away,2025-11-23 00:00:00,4:25 PM,ATL,NO,,,Away,0.5,,,,,,,,,,,,,,0,0,0,0,,,,,,,6,False,True,False,False,False,,,,
12,TB,LAR,Away,2025-11-23 00:00:00,8:20 PM,TB,LAR,,,Away,0.4279403644395361,,,,,,,124.0,-148.0,0.4279403644395361,2.5,2.5,,,0,0,0,0,,,,,,,6,False,True,False,False,False,,,,
12,CAR,SF,Away,2025-11-24 00:00:00,8:15 PM,CAR,SF,,,Away,0.2742474916387959,,,,,,,250.0,-310.0,0.2742474916387959,7.0,7.0,,,0,0,0,0,,,,,,,6,False,True,False,False,False,,,,
13,GB,DET,Away,2025-11-27 00:00:00,1:00 PM,GB,DET,,,Away,0.5,,,,,,,,,,,,,,1,0,0,0,,,,,,,6,False,True,False,False,False,,,,
13,KC,DAL,Away,2025-11-27 00:00:00,4:30 PM,KC,DAL,,,Away,0.6805555555555556,,,,,,,-245.0,200.0,0.6805555555555556,-5.5,-5.5,,,1,0,0,1,,,,,,,6,False,True,False,False,False,,,,
13,CIN,BAL,Away,2025-11-27 00:00:00,8:20 PM,CIN,BAL,,,Away,0.5,,,,,,,,,,,,,,1,0,0,0,,,,,,,6,False,True,False,False,False,,,,
13,CHI,PHI,Away,2025-11-28 00:00:00,3:00 PM,CHI,PHI,,,Away,0.2664576802507837,,,,,,,260.0,-325.0,0.2664576802507837,7.0,7.0,,,0,1,0,0,,,,,,,6,False,True,False,False,False,,,,
13,LAR,CAR,Away,2025-11-30 00:00:00,1:00 PM,LAR,CAR,,,Away,0.6224665518611737,,,,,,,-185.0,154.0,0.6224665518611737,-3.5,-3.5,,,0,0,0,0,,,,,,,6,False,True,False,False,False,,,,
13,SF,CLE,Away,2025-11-30 00:00:00,1:00 PM,SF,CLE,,,Away,0.690792883054068,,,,,,,-258.0,210.0,0.690792883054068,-6.0,-6.0,,,0,0,0,0,,,,,,,6,False,True,False,False,False,,,,
13,HOU,IND,Away,2025-11-30 00:00:00,1:00 PM,HOU,IND,,,Away,0.5,,,,,,,,,,,,,,0,0,0,0,,,,,,,6,False,True,False,False,False,,,,
13,NO,MIA,Away,2025-11-30 00:00:00,1:00 PM,NO,MIA,,,Away,0.3092071169459319,,,,,,,210.0,-258.0,0.3092071169459319,6.0,6.0,,,0,0,0,0,,,,,,,6,False,True,False,False,False,,,,
13,ATL,NYJ,Away,2025-11-30 00:00:00,1:00 PM,ATL,NYJ,,,Away,0.5324675324675325,,,,,,,-125.0,105.0,0.5324675324675325,-1.5,-1.5,,,0,0,0,0,,,,,,,6,False,True,False,False,False,,,,
13,JAX,TEN,Away,2025-11-30 00:00:00,1:00 PM,JAX,TEN,,,Away,0.5,,,,,,,,,,,,,,0,0,0,0,,,,,,,6,False,True,False,False,False,,,,
13,ARI,TB,Away,2025-11-30 00:00:00,1:00 PM,ARI,TB,,,Away,0.3775334481388264,,,,,,,154.0,-185.0,0.3775334481388264,3.5,3.5,,,0,0,0,0,,,,,,,6,False,True,False,False,False,,,,
13,MIN,SEA,Away,2025-11-30 00:00:00,4:05 PM,MIN,SEA,,,Away,0.4739134147382802,,,,,,,102.0,-122.0,0.4739134147382802,1.5,1.5,,,0,0,0,0,,,,,,,6,False,True,False,False,False,,,,
13,BUF,PIT,Away,2025-11-30 00:00:00,4:25 PM,BUF,PIT,,,Away,0.6574752261956054,,,,,,,-218.0,180.0,0.6574752261956054,-4.5,-4.5,,,0,0,0,0,,,,,,,6,False,True,False,False,False,,,,
13,LV,LAC,Away,2025-11-30 00:00:00,4:25 PM,LV,LAC,,,Away,0.5,,,,,,,,,,,,,,0,0,0,0,,,,,,,6,False,True,False,False,False,,,,
13,DEN,WSH,Away,2025-11-30 00:00:00,8:20 PM,DEN,WSH,,,Away,0.5,,,,,,,,,,,,,,0,0,0,0,,,,,,,6,,,,,,,,,
13,NYG,NE,Away,2025-12-01 00:00:00,8:15 PM,NYG,NE,,,Away,0.4003612281757977,,,,,,,140.0,-166.0,0.4003612281757977,3.0,3.0,,,0,0,0,0,,,,,,,6,False,True,False,False,False,,,,
14,DAL,DET,Away,2025-12-04 00:00:00,8:15 PM,DAL,DET,,,Away,0.3042300479266513,,,,,,,215.0,-265.0,0.3042300479266513,6.0,6.0,,,0,0,0,1,,,,,,,6,False,True,False,False,False,,,,
14,SEA,ATL,Away,2025-12-07 00:00:00,1:00 PM,SEA,ATL,,,Away,0.4675324675324675,,,,,,,105.0,-125.0,0.4675324675324675,1.5,1.5,,,0,0,0,0,,,,,,,6,False,True,False,False,False,,,,
14,TEN,CLE,Away,2025-12-07 00:00:00,1:00 PM,TEN,CLE,,,Away,0.4675324675324675,,,,,,,105.0,-125.0,0.4675324675324675,1.5,1.5,,,0,0,0,0,,,,,,,6,False,True,False,False,False,,,,
14,CHI,GB,Away,2025-12-07 00:00:00,1:00 PM,CHI,GB,,,Away,0.5,,,,,,,,,,,,,,0,0,0,0,,,,,,,6,False,True,False,False,False,,,,
14,IND,JAX,Away,2025-12-07 00:00:00,1:00 PM,IND,JAX,,,Away,0.5,,,,,,,,,,,,,,0,0,0,0,,,,,,,6,False,True,False,False,False,,,,
14,WSH,MIN,Away,2025-12-07 00:00:00,1:00 PM,WSH,MIN,,,Away,0.5,,,,,,,,,,,,,,0,0,0,0,,,,,,,6,,,,,,,,,
14,MIA,NYJ,Away,2025-12-07 00:00:00,1:00 PM,MIA,NYJ,,,Away,0.5,,,,,,,,,,,,,,0,0,0,0,,,,,,,6,False,True,False,False,False,,,,
14,PIT,BAL,Away,2025-12-07 00:00:00,1:00 PM,PIT,BAL,,,Away,0.5,,,,,,,,,,,,,,0,0,0,0,,,,,,,6,False,True,False,False,False,,,,
14,NO,TB,Away,2025-12-07 00:00:00,1:00 PM,NO,TB,,,Away,0.5,,,,,,,,,,,,,,0,0,0,0,,,,,,,6,False,True,False,False,False,,,,
14,DEN,LV,Away,2025-12-07 00:00:00,4:05 PM,DEN,LV,,,Away,0.5,,,,,,,,,,,,,,0,0,0,0,,,,,,,6,False,True,False,False,False,,,,
14,CIN,BUF,Away,2025-12-07 00:00:00,4:25 PM,CIN,BUF,,,Away,0.3249687530045188,,,,,,,195.0,-238.0,0.3249687530045188,5.5,5.5,,,0,0,0,0,,,,,,,6,False,True,False,False,False,,,,
14,LAR,ARI,Away,2025-12-07 00:00:00,4:25 PM,LAR,ARI,,,Away,0.5,,,,,,,,,,,,,,0,0,0,0,,,,,,,6,False,True,False,False,False,,,,
14,HOU,KC,Away,2025-12-07 00:00:00,8:20 PM,HOU,KC,,,Away,0.2949668357393679,,,,,,,225.0,-278.0,0.2949668357393679,6.5,6.5,,,0,0,0,0,,,,,,,6,False,True,False,False,False,,,,
14,PHI,LAC,Away,2025-12-08 00:00:00,8:15 PM,PHI,LAC,,,Away,0.551441114716549,,,,,,,-135.0,114.0,0.551441114716549,-2.5,-2.5,,,0,0,0,0,,,,,,,6,False,True,False,False,False,,,,
15,ATL,TB,Away,2025-12-11 00:00:00,8:15 PM,ATL,TB,,,Away,0.5,,,,,,,,,,,,,,0,0,0,0,,,,,,,6,False,True,False,False,False,,,,
15,CLE,CHI,Away,2025-12-14 00:00:00,1:00 PM,CLE,CHI,,,Away,0.2742474916387959,,,,,,,250.0,-310.0,0.2742474916387959,7.0,7.0,,,0,0,0,0,,,,,,,6,False,True,False,False,False,,,,
15,BAL,CIN,Away,2025-12-14 00:00:00,1:00 PM,BAL,CIN,,,Away,0.5,,,,,,,,,,,,,,0,0,0,0,,,,,,,6,False,True,False,False,False,,,,
15,ARI,HOU,Away,2025-12-14 00:00:00,1:00 PM,ARI,HOU,,,Away,0.448558885283451,,,,,,,114.0,-135.0,0.448558885283451,2.5,2.5,,,0,0,0,0,,,,,,,6,False,True,False,False,False,,,,
15,NYJ,JAX,Away,2025-12-14 00:00:00,1:00 PM,NYJ,JAX,,,Away,0.355270821199767,,,,,,,170.0,-205.0,0.355270821199767,4.5,4.5,,,0,0,0,0,,,,,,,6,False,True,False,False,False,,,,
15,LAC,KC,Away,2025-12-14 00:00:00,1:00 PM,LAC,KC,,,Away,0.5,,,,,,,,,,,,,,0,0,0,0,,,,,,,6,False,True,False,False,False,,,,
15,BUF,NE,Away,2025-12-14 00:00:00,1:00 PM,BUF,NE,,,Away,0.5,,,,,,,,,,,,,,0,0,0,0,,,,,,,6,False,True,False,False,False,,,,
15,WSH,NYG,Away,2025-12-14 00:00:00,1:00 PM,WSH,NYG,,,Away,0.5,,,,,,,,,,,,,,0,0,0,0,,,,,,,6,,,,,,,,,
15,LV,PHI,Away,2025-12-14 00:00:00,1:00 PM,LV,PHI,,,Away,0.1918429003021148,,,,,,,400.0,-535.0,0.1918429003021148,10.5,10.5,,,0,0,0,0,,,,,,,6,False,True,False,False,False,,,,
15,GB,DEN,Away,2025-12-14 00:00:00,4:25 PM,GB,DEN,,,Away,0.4675324675324675,,,,,,,105.0,-125.0,0.4675324675324675,1.5,1.5,,,0,0,0,0,,,,,,,6,False,True,False,False,False,,,,
15,CAR,NO,Away,2025-12-14 00:00:00,4:25 PM,CAR,NO,,,Away,0.5,,,,,,,,,,,,,,0,0,0,0,,,,,,,6,False,True,False,False,False,,,,
15,DET,LAR,Away,2025-12-14 00:00:00,4:25 PM,DET,LAR,,,Away,0.5260865852617197,,,,,,,-122.0,102.0,0.5260865852617197,-1.5,-1.5,,,0,0,0,1,,,,,,,6,False,True,False,False,False,,,,
15,IND,SEA,Away,2025-12-14 00:00:00,4:25 PM,IND,SEA,,,Away,0.3775334481388264,,,,,,,154.0,-185.0,0.3775334481388264,3.5,3.5,,,0,0,0,0,,,,,,,6,False,True,False,False,False,,,,
15,TEN,SF,Away,2025-12-14 00:00:00,4:25 PM,TEN,SF,,,Away,0.2522172949002217,,,,,,,280.0,-355.0,0.2522172949002217,7.5,7.5,,,0,0,0,0,,,,,,,6,False,True,False,False,False,,,,
15,MIN,DAL,Away,2025-12-14 00:00:00,8:20 PM,MIN,DAL,,,Away,0.5260865852617197,,,,,,,-122.0,102.0,0.5260865852617197,-1.5,-1.5,,,0,0,0,0,,,,,,,6,False,True,False,False,False,,,,
15,MIA,PIT,Away,2025-12-15 00:00:00,8:15 PM,MIA,PIT,,,Away,0.4066302458405761,,,,,,,136.0,-162.0,0.4066302458405761,3.0,3.0,,,0,0,0,0,,,,,,,6,False,True,False,False,False,,,,
16,LAR,SEA,Away,2025-12-18 00:00:00,8:15 PM,LAR,SEA,,,Away,0.5,,,,,,,,,,,,,,0,0,0,0,,,,,,,6,False,True,False,False,False,,,,
16,GB,CHI,Away,2025-12-20 00:00:00,1:00 PM,GB,CHI,,,Away,0.5,,,,,,,,,,,,,,0,0,0,0,,,,,,,6,False,True,False,False,False,,,,
16,PHI,WSH,Away,2025-12-20 00:00:00,1:00 PM,PHI,WSH,,,Away,0.5,,,,,,,,,,,,,,0,0,0,0,,,,,,,6,,,,,,,,,
16,TB,CAR,Away,2025-12-21 00:00:00,1:00 PM,TB,CAR,,,Away,0.5,,,,,,,,,,,,,,0,0,0,0,,,,,,,6,False,True,False,False,False,,,,
16,BUF,CLE,Away,2025-12-21 00:00:00,1:00 PM,BUF,CLE,,,Away,0.7659021045164341,,,,,,,-395.0,310.0,0.7659021045164341,-8.5,-8.5,,,0,0,0,0,,,,,,,6,False,True,False,False,False,,,,
16,LAC,DAL,Away,2025-12-21 00:00:00,1:00 PM,LAC,DAL,,,Away,0.5260865852617197,,,,,,,-122.0,102.0,0.5260865852617197,-1.5,-1.5,,,0,0,0,0,,,,,,,6,False,True,False,False,False,,,,
16,NYJ,NO,Away,2025-12-21 00:00:00,1:00 PM,NYJ,NO,,,Away,0.4675324675324675,,,,,,,105.0,-125.0,0.4675324675324675,1.5,1.5,,,0,0,0,0,,,,,,,6,False,True,False,False,False,,,,
16,MIN,NYG,Away,2025-12-21 00:00:00,1:00 PM,MIN,NYG,,,Away,0.551441114716549,,,,,,,-135.0,114.0,0.551441114716549,-2.5,-2.5,,,0,0,0,0,,,,,,,6,False,True,False,False,False,,,,
16,KC,TEN,Away,2025-12-21 00:00:00,1:00 PM,KC,TEN,,,Away,0.725752508361204,,,,,,,-310.0,250.0,0.725752508361204,-7.0,-7.0,,,0,0,0,1,,,,,,,6,False,True,False,False,False,,,,
16,NE,BAL,Away,2025-12-21 00:00:00,1:00 PM,NE,BAL,,,Away,0.2340978954835658,,,,,,,310.0,-395.0,0.2340978954835658,8.5,8.5,,,0,0,0,0,,,,,,,6,False,True,False,False,False,,,,
16,ATL,ARI,Away,2025-12-21 00:00:00,4:05 PM,ATL,ARI,,,Away,0.3775334481388264,,,,,,,154.0,-185.0,0.3775334481388264,3.5,3.5,,,0,0,0,0,,,,,,,6,False,True,False,False,False,,,,
16,JAX,DEN,Away,2025-12-21 00:00:00,4:05 PM,JAX,DEN,,,Away,0.3249687530045188,,,,,,,195.0,-238.0,0.3249687530045188,5.5,5.5,,,0,0,0,0,,,,,,,6,False,True,False,False,False,,,,
16,PIT,DET,Away,2025-12-21 00:00:00,4:25 PM,PIT,DET,,,Away,0.3092071169459319,,,,,,,210.0,-258.0,0.3092071169459319,6.0,6.0,,,0,0,0,0,,,,,,,6,False,True,False,False,False,,,,
16,LV,HOU,Away,2025-12-21 00:00:00,4:25 PM,LV,HOU,,,Away,0.3425247738043946,,,,,,,180.0,-218.0,0.3425247738043946,4.5,4.5,,,0,0,0,0,,,,,,,6,False,True,False,False,False,,,,
16,CIN,MIA,Away,2025-12-21 00:00:00,8:20 PM,CIN,MIA,,,Away,0.5260865852617197,,,,,,,-122.0,102.0,0.5260865852617197,-1.5,-1.5,,,0,0,0,0,,,,,,,6,False,True,False,False,False,,,,
16,SF,IND,Away,2025-12-22 00:00:00,8:15 PM,SF,IND,,,Away,0.5996387718242023,,,,,,,-166.0,140.0,0.5996387718242023,-3.0,-3.0,,,0,0,0,0,,,,,,,6,False,True,False,False,False,,,,
17,DAL,WSH,Away,2025-12-25 00:00:00,1:00 PM,DAL,WSH,,,Away,0.5,,,,,,,,,,,,,,0,0,1,1,,,,,,,6,,,,,,,,,
17,DET,MIN,Away,2025-12-25 00:00:00,4:30 PM,DET,MIN,,,Away,0.5,,,,,,,,,,,,,,0,0,1,1,,,,,,,6,False,True,False,False,False,,,,
17,DEN,KC,Away,2025-12-25 00:00:00,8:15 PM,DEN,KC,,,Away,0.5,,,,,,,,,,,,,,0,0,1,0,,,,,,,6,False,True,False,False,False,,,,
17,SEA,CAR,Away,2025-12-28 00:00:00,1:00 PM,SEA,CAR,,,Away,0.5324675324675325,,,,,,,-125.0,105.0,0.5324675324675325,-1.5,-1.5,,,0,0,0,0,,,,,,,6,False,True,False,False,False,,,,
17,ARI,CIN,Away,2025-12-28 00:00:00,1:00 PM,ARI,CIN,,,Away,0.3775334481388264,,,,,,,154.0,-185.0,0.3775334481388264,3.5,3.5,,,0,0,0,0,,,,,,,6,False,True,False,False,False,,,,
17,PIT,CLE,Away,2025-12-28 00:00:00,1:00 PM,PIT,CLE,,,Away,0.5,,,,,,,,,,,,,,0,0,0,0,,,,,,,6,False,True,False,False,False,,,,
17,JAX,IND,Away,2025-12-28 00:00:00,1:00 PM,JAX,IND,,,Away,0.5,,,,,,,,,,,,,,0,0,0,0,,,,,,,6,False,True,False,False,False,,,,
17,BAL,GB,Away,2025-12-28 00:00:00,1:00 PM,BAL,GB,,,Away,0.5324675324675325,,,,,,,-125.0,105.0,0.5324675324675325,-1.5,-1.5,,,0,0,0,0,,,,,,,6,False,True,False,False,False,,,,
17,TB,MIA,Away,2025-12-28 00:00:00,1:00 PM,TB,MIA,,,Away,0.5260865852617197,,,,,,,-122.0,102.0,0.5260865852617197,-1.5,-1.5,,,0,0,0,0,,,,,,,6,False,True,False,False,False,,,,
17,NE,NYJ,Away,2025-12-28 00:00:00,1:00 PM,NE,NYJ,,,Away,0.5,,,,,,,,,,,,,,0,0,0,0,,,,,,,6,False,True,False,False,False,,,,
17,NO,TEN,Away,2025-12-28 00:00:00,1:00 PM,NO,TEN,,,Away,0.3907637655417407,,,,,,,145.0,-175.0,0.3907637655417407,3.5,3.5,,,0,0,0,0,,,,,,,6,False,True,False,False,False,,,,
17,NYG,LV,Away,2025-12-28 00:00:00,1:00 PM,NYG,LV,,,Away,0.448558885283451,,,,,,,114.0,-135.0,0.448558885283451,2.5,2.5,,,0,0,0,0,,,,,,,6,False,True,False,False,False,,,,
17,HOU,LAC,Away,2025-12-28 00:00:00,1:00 PM,HOU,LAC,,,Away,0.3775334481388264,,,,,,,154.0,-185.0,0.3775334481388264,3.5,3.5,,,0,0,0,0,,,,,,,6,False,True,False,False,False,,,,
17,PHI,BUF,Away,2025-12-28 00:00:00,4:25 PM,PHI,BUF,,,Away,0.4739134147382802,,,,,,,102.0,-122.0,0.4739134147382802,1.5,1.5,,,0,0,0,0,,,,,,,6,False,True,False,False,False,,,,
17,CHI,SF,Away,2025-12-28 00:00:00,8:20 PM,CHI,SF,,,Away,0.3690596562184025,,,,,,,160.0,-192.0,0.3690596562184025,3.5,3.5,,,0,0,0,0,,,,,,,6,False,True,False,False,False,,,,
17,LAR,ATL,Away,2025-12-29 00:00:00,8:15 PM,LAR,ATL,,,Away,0.5996387718242023,,,,,,,-166.0,140.0,0.5996387718242023,-3.0,-3.0,,,0,0,0,0,,,,,,,6,False,True,False,False,False,,,,
18,NO,ATL,Away,2026-01-04 00:00:00,1:00 PM,NO,ATL,,,Away,0.5,,,,,,,,,,,,,,0,0,0,0,,,,,,,6,False,True,False,False,False,,,,
18,NYJ,BUF,Away,2026-01-04 00:00:00,1:00 PM,NYJ,BUF,,,Away,0.5,,,,,,,,,,,,,,0,0,0,0,,,,,,,6,False,True,False,False,False,,,,
18,DET,CHI,Away,2026-01-04 00:00:00,1:00 PM,DET,CHI,,,Away,0.5,,,,,,,,,,,,,,0,0,0,1,,,,,,,6,False,True,False,False,False,,,,
18,CLE,CIN,Away,2026-01-04 00:00:00,1:00 PM,CLE,CIN,,,Away,0.5,,,,,,,,,,,,,,0,0,0,0,,,,,,,6,False,True,False,False,False,,,,
18,LAC,DEN,Away,2026-01-04 00:00:00,1:00 PM,LAC,DEN,,,Away,0.5,,,,,,,,,,,,,,0,0,0,0,,,,,,,6,False,True,False,False,False,,,,
18,IND,HOU,Away,2026-01-04 00:00:00,1:00 PM,IND,HOU,,,Away,0.5,,,,,,,,,,,,,,0,0,0,0,,,,,,,6,False,True,False,False,False,,,,
18,TEN,JAX,Away,2026-01-04 00:00:00,1:00 PM,TEN,JAX,,,Away,0.5,,,,,,,,,,,,,,0,0,0,0,,,,,,,6,False,True,False,False,False,,,,
18,GB,MIN,Away,2026-01-04 00:00:00,1:00 PM,GB,MIN,,,Away,0.5,,,,,,,,,,,,,,0,0,0,0,,,,,,,6,False,True,False,False,False,,,,
18,MIA,NE,Away,2026-01-04 00:00:00,1:00 PM,MIA,NE,,,Away,0.5,,,,,,,,,,,,,,0,0,0,0,,,,,,,6,False,True,False,False,False,,,,
18,DAL,NYG,Away,2026-01-04 00:00:00,1:00 PM,DAL,NYG,,,Away,0.5,,,,,,,,,,,,,,0,0,0,1,,,,,,,6,False,True,False,False,False,,,,
18,WSH,PHI,Away,2026-01-04 00:00:00,1:00 PM,WSH,PHI,,,Away,0.5,,,,,,,,,,,,,,0,0,0,0,,,,,,,6,,,,,,,,,
18,BAL,PIT,Away,2026-01-04 00:00:00,1:00 PM,BAL,PIT,,,Away,0.5,,,,,,,,,,,,,,0,0,0,0,,,,,,,6,False,True,False,False,False,,,,
18,KC,LV,Away,2026-01-04 00:00:00,1:00 PM,KC,LV,,,Away,0.5,,,,,,,,,,,,,,0,0,0,1,,,,,,,6,False,True,False,False,False,,,,
18,ARI,LAR,Away,2026-01-04 00:00:00,1:00 PM,ARI,LAR,,,Away,0.5,,,,,,,,,,,,,,0,0,0,0,,,,,,,6,False,True,False,False,False,,,,
18,SEA,SF,Away,2026-01-04 00:00:00,1:00 PM,SEA,SF,,,Away,0.5,,,,,,,,,,,,,,0,0,0,0,,,,,,,6,False,True,False,False,False,,,,
18,CAR,TB,Away,2026-01-04 00:00:00,1:00 PM,CAR,TB,,,Away,0.5,,,,,,,,,,,,,,0,0,0,0,,,,,,,6,False,True,False,False,False,,,,
