week,date,time,team,opponent,home_or_away,holiday_flag,rest_days,reserved,is_locked_out,expected_avail,preferred,must_use,save_for_later,notes_future,notes,spot_quality,projected_win_prob,team_tot_dvoa,opp_tot_dvoa,dvoa_gap,spot_value,spot_value_score,moneyline,spread,implied_wp,power_rating,opp_power_rating,power_gap,injury_adjustment,rest_diff,travel_miles,rating_gap,future_scarcity_bonus
1,09/04/2025,20:20:00,PHI,DAL,Home,,7,False,False,True,False,False,False,,,,0.62,12.0,8.5,3.5,Medium,0.6532000593019296,-218.0,-4.5,0.6574752261956054,,,,-0.02,,,2.0,0.0
1,09/05/2025,20:00:00,LAC,KC,Home,,7,False,False,True,False,False,False,,,,0.41,4.0,16.5,-12.5,Low,0.1629048769901333,180.0,4.5,0.3425247738043946,,,,-0.03,,,-6.0,0.02
1,09/07/2025,13:00:00,ATL,TB,Home,,7,False,False,True,False,False,False,,,,0.55,-3.0,-1.0,-2.0,Medium,0.630175302573282,195.0,5.5,0.3249687530045188,,,,0.0,,,1.5,0.01
1,09/07/2025,13:00:00,CLE,CIN,Home,,7,False,False,True,False,False,False,,,,0.53,5.0,6.0,-1.0,Medium,0.5988654665986788,320.0,8.5,0.2284946236559139,,,,0.01,,,0.5,0.0
1,2025-09-07 00:00:00,1:00 PM,IND,MIA,Home,,7,False,False,True,False,False,False,,,,0.5089094796863863,,,,Low,,-112.0,-1.5,0.5089094796863863,,,,,,,,
1,2025-09-07 00:00:00,1:00 PM,JAX,CAR,Home,,7,False,False,True,False,False,False,,,,0.5863427445830597,,,,Low,,-152.0,-2.5,0.5863427445830597,,,,,,,,
1,2025-09-07 00:00:00,1:00 PM,NO,ARI,Home,,7,False,False,True,False,False,False,,,,0.3107474487450583,,,,Low,,215.0,5.5,0.3107474487450583,,,,,,,,
1,2025-09-07 00:00:00,1:00 PM,NE,LV,Home,,7,False,False,True,False,False,False,,,,0.5946894746920278,,,,Low,,-154.0,-3.0,0.5946894746920278,,,,,,,,
1,2025-09-07 00:00:00,1:00 PM,NYJ,PIT,Home,,7,False,False,True,False,False,False,,,,0.4131680661068906,,,,Low,,138.0,3.0,0.4131680661068906,,,,,,,,
1,2025-09-07 00:00:00,1:00 PM,WSH,NYG,Home,,7,False,False,True,False,False,False,,,,,,,,Low,,,,,,,,,,,,
1,2025-09-07 00:00:00,4:05 PM,DEN,TEN,Home,,7,False,False,True,False,False,False,,,,0.7639751552795031,,,,Low,,-375.0,-7.5,0.7639751552795031,,,,,,,,
1,2025-09-07 00:00:00,4:05 PM,SEA,SF,Home,,7,False,False,True,False,False,False,,,,0.355270821199767,,,,Low,,170.0,4.5,0.355270821199767,,,,,,,,
1,2025-09-07 00:00:00,4:25 PM,GB,DET,Home,,7,False,False,True,False,False,False,,,,0.4170073589533933,,,,Low,,130.0,2.5,0.4170073589533933,,,,,,,,
1,2025-09-07 00:00:00,4:25 PM,LAR,HOU,Home,,7,False,False,True,False,False,False,,,,0.5574886535552194,,,,Low,,-134.0,-2.5,0.5574886535552194,,,,,,,,
1,2025-09-07 00:00:00,8:20 PM,BUF,BAL,Home,,7,False,False,True,False,False,False,,,,0.5240193918025562,,,,Low,,-116.0,-1.5,0.5240193918025562,,,,,,,,
1,2025-09-08 00:00:00,8:15 PM,CHI,MIN,Home,,7,False,False,True,False,False,False,,,,0.4365079365079364,,,,Low,,120.0,2.5,0.4365079365079364,,,,,,,,
2,2025-09-11 00:00:00,8:15 PM,GB,WSH,Home,,4,False,False,True,False,False,False,,,,,,,,Low,,,,,,,,,,,,
2,2025-09-14 00:00:00,1:00 PM,CIN,JAX,Home,,7,False,False,True,False,False,False,,,,0.6750312469954812,,,,Low,,-238.0,-5.5,0.6750312469954812,,,,,,,,
2,2025-09-14 00:00:00,1:00 PM,DAL,NYG,Home,,9,False,False,True,False,False,False,,,,0.5324675324675325,,,,Low,,-125.0,-1.5,0.5324675324675325,,,,,,,,
2,2025-09-14 00:00:00,1:00 PM,DET,CHI,Home,,6,False,False,True,False,False,False,,,,0.5324675324675325,,,,Low,,-125.0,-1.5,0.5324675324675325,,,,,,,,
2,2025-09-14 00:00:00,1:00 PM,MIA,NE,Home,,7,False,False,True,False,False,False,,,,0.448558885283451,,,,Low,,114.0,2.5,0.448558885283451,,,,,,,,
2,2025-09-14 00:00:00,1:00 PM,NO,SF,Home,,7,False,False,True,False,False,False,,,,0.2664576802507837,,,,Low,,260.0,7.0,0.2664576802507837,,,,,,,,
2,2025-09-14 00:00:00,1:00 PM,NYJ,BUF,Home,,7,False,False,True,False,False,False,,,,0.2340978954835658,,,,Low,,310.0,9.5,0.2340978954835658,,,,,,,,
2,2025-09-14 00:00:00,1:00 PM,TEN,LAR,Home,,6,False,False,True,False,False,False,,,,0.3249687530045188,,,,Low,,195.0,5.5,0.3249687530045188,,,,,,,,
2,2025-09-14 00:00:00,1:00 PM,PIT,SEA,Home,,7,False,False,True,False,False,False,,,,0.551441114716549,,,,Low,,-135.0,-2.5,0.551441114716549,,,,,,,,
2,2025-09-14 00:00:00,1:00 PM,BAL,CLE,Home,,6,False,False,True,False,False,False,,,,0.7600000000000001,,,,Low,,-380.0,-8.5,0.7600000000000001,,,,,,,,
2,2025-09-14 00:00:00,4:05 PM,IND,DEN,Home,,7,False,False,True,False,False,False,,,,0.3775334481388264,,,,Low,,154.0,3.5,0.3775334481388264,,,,,,,,
2,2025-09-14 00:00:00,4:05 PM,ARI,CAR,Home,,7,False,False,True,False,False,False,,,,0.6574752261956054,,,,Low,,-218.0,-4.5,0.6574752261956054,,,,,,,,
2,2025-09-14 00:00:00,4:25 PM,KC,PHI,Home,,8,False,False,True,False,False,False,,,,0.5156031672100606,,,,Low,,-108.0,-1.5,0.5156031672100606,,,,,,,,
2,2025-09-14 00:00:00,8:20 PM,MIN,ATL,Home,,6,False,False,True,False,False,False,,,,0.6636481241914618,,,,Low,,-225.0,-4.5,0.6636481241914618,,,,,,,,
2,2025-09-15 00:00:00,7:00 PM,HOU,TB,Home,,8,False,False,True,False,False,False,,,,0.5427435387673957,,,,Low,,-130.0,-1.5,0.5427435387673957,,,,,,,,
2,2025-09-15 00:00:00,10:00 PM,LV,LAC,Home,,8,False,False,True,False,False,False,,,,0.299837925445705,,,,Low,,220.0,6.5,0.299837925445705,,,,,,,,
3,2025-09-18 00:00:00,8:15 PM,BUF,MIA,Home,,4,False,False,True,False,False,False,,,,0.6805555555555556,,,,Low,,-245.0,-5.5,0.6805555555555556,,,,,,,,
3,2025-09-21 00:00:00,1:00 PM,CAR,ATL,Home,,6,False,False,True,False,False,False,,,,0.4003612281757977,,,,Low,,140.0,3.0,0.4003612281757977,,,,,,,,
3,2025-09-21 00:00:00,1:00 PM,CLE,GB,Home,,7,False,False,True,False,False,False,,,,0.3042300479266513,,,,Low,,215.0,5.5,0.3042300479266513,,,,,,,,
3,2025-09-21 00:00:00,1:00 PM,JAX,HOU,Home,,7,False,False,True,False,False,False,,,,0.3775334481388264,,,,Low,,154.0,3.5,0.3775334481388264,,,,,,,,
3,2025-09-21 00:00:00,1:00 PM,MIN,CIN,Home,,6,False,False,True,False,False,False,,,,0.5324675324675325,,,,Low,,-125.0,-1.5,0.5324675324675325,,,,,,,,
3,2025-09-21 00:00:00,1:00 PM,NE,PIT,Home,,7,False,False,True,False,False,False,,,,0.5324675324675325,,,,Low,,-125.0,-1.5,0.5324675324675325,,,,,,,,
3,2025-09-21 00:00:00,1:00 PM,TEN,IND,Home,,7,False,False,True,False,False,False,,,,0.3775334481388264,,,,Low,,154.0,3.5,0.3775334481388264,,,,,,,,
3,2025-09-21 00:00:00,1:00 PM,PHI,LAR,Home,,6,False,False,True,False,False,False,,,,0.6636481241914618,,,,Low,,-225.0,-4.5,0.6636481241914618,,,,,,,,
3,2025-09-21 00:00:00,1:00 PM,TB,NYJ,Home,,5,False,False,True,False,False,False,,,,0.740871613663133,,,,Low,,-340.0,-7.5,0.740871613663133,,,,,,,,
3,2025-09-21 00:00:00,1:00 PM,WSH,LV,Home,,9,False,False,True,False,False,False,,,,,,,,Low,,,,,,,,,,,,
3,2025-09-21 00:00:00,4:05 PM,LAC,DEN,Home,,5,False,False,True,False,False,False,,,,0.448558885283451,,,,Low,,114.0,2.5,0.448558885283451,,,,,,,,
3,2025-09-21 00:00:00,4:05 PM,SEA,NO,Home,,7,False,False,True,False,False,False,,,,0.705033164260632,,,,Low,,-278.0,-6.5,0.705033164260632,,,,,,,,
3,2025-09-21 00:00:00,4:25 PM,CHI,DAL,Home,,7,False,False,True,False,False,False,,,,0.5996387718242023,,,,Low,,-166.0,-3.0,0.5996387718242023,,,,,,,,
3,2025-09-21 00:00:00,4:25 PM,SF,ARI,Home,,7,False,False,True,False,False,False,,,,0.5324675324675325,,,,Low,,-125.0,-1.5,0.5324675324675325,,,,,,,,
3,2025-09-21 00:00:00,8:20 PM,NYG,KC,Home,,7,False,False,True,False,False,False,,,,0.2864487697392581,,,,Low,,235.0,6.5,0.2864487697392581,,,,,,,,
3,2025-09-22 00:00:00,8:15 PM,BAL,DET,Home,,8,False,False,True,False,False,False,,,,0.6309403437815976,,,,Low,,-192.0,-3.5,0.6309403437815976,,,,,,,,
4,2025-09-25 00:00:00,8:15 PM,ARI,SEA,Home,,4,False,False,True,False,False,False,,,,0.4739134147382802,,,,Low,,102.0,1.5,0.4739134147382802,,,,,,,,
4,2025-09-28 00:00:00,9:30 AM,PIT,MIN,Home,,6,False,False,True,False,False,False,,,,0.4721030042918455,,,,Low,,105.0,1.5,0.4721030042918455,,,,,,,,
4,2025-09-28 00:00:00,1:00 PM,ATL,WSH,Home,,7,False,False,True,False,False,False,,,,,,,,Low,,,,,,,,,,,,
4,2025-09-28 00:00:00,1:00 PM,BUF,NO,Home,,9,False,False,True,False,False,False,,,,0.8370993168681029,,,,Low,,-675.0,-12.5,0.8370993168681029,,,,,,,,
4,2025-09-28 00:00:00,1:00 PM,DET,CLE,Home,,5,False,False,True,False,False,False,,,,0.8042929292929294,,,,Low,,-520.0,-10.5,0.8042929292929294,,,,,,,,
4,2025-09-28 00:00:00,1:00 PM,HOU,TEN,Home,,7,False,False,True,False,False,False,,,,0.593369754159424,,,,Low,,-162.0,-3.0,0.593369754159424,,,,,,,,
4,2025-09-28 00:00:00,1:00 PM,NE,CAR,Home,,7,False,False,True,False,False,False,,,,0.6224665518611737,,,,Low,,-185.0,-3.5,0.6224665518611737,,,,,,,,
4,2025-09-28 00:00:00,1:00 PM,NYG,LAC,Home,,6,False,False,True,False,False,False,,,,0.3775334481388264,,,,Low,,154.0,3.5,0.3775334481388264,,,,,,,,
4,2025-09-28 00:00:00,1:00 PM,TB,PHI,Home,,7,False,False,True,False,False,False,,,,0.4365079365079364,,,,Low,,120.0,2.5,0.4365079365079364,,,,,,,,
4,2025-09-28 00:00:00,4:05 PM,LAR,IND,Home,,7,False,False,True,False,False,False,,,,0.7220792588780237,,,,Low,,-305.0,-6.5,0.7220792588780237,,,,,,,,
4,2025-09-28 00:00:00,4:05 PM,SF,JAX,Home,,6,False,False,True,False,False,False,,,,0.6750312469954812,,,,Low,,-238.0,-5.5,0.6750312469954812,,,,,,,,
4,2025-09-28 00:00:00,4:25 PM,KC,BAL,Home,,6,False,False,True,False,False,False,,,,0.5278969957081545,,,,Low,,-120.0,-1.5,0.5278969957081545,,,,,,,,
4,2025-09-28 00:00:00,4:25 PM,LV,CHI,Home,,7,False,False,True,False,False,False,,,,0.4739134147382802,,,,Low,,102.0,1.5,0.4739134147382802,,,,,,,,
4,2025-09-28 00:00:00,8:20 PM,DAL,GB,Home,,7,False,False,True,False,False,False,,,,0.4675324675324675,,,,Low,,105.0,1.5,0.4675324675324675,,,,,,,,
4,2025-09-29 00:00:00,7:15 PM,MIA,NYJ,Home,,10,False,False,True,False,False,False,,,,0.5324675324675325,,,,Low,,-125.0,-1.5,0.5324675324675325,,,,,,,,
4,2025-09-29 00:00:00,8:15 PM,DEN,CIN,Home,,8,False,False,True,False,False,False,,,,0.5634920634920635,,,,Low,,-142.0,-2.5,0.5634920634920635,,,,,,,,
5,2025-10-02 00:00:00,8:15 PM,LAR,SF,Home,,4,False,False,True,False,False,False,,,,0.4675324675324675,,,,Low,,105.0,1.5,0.4675324675324675,,,,,,,,
5,2025-10-05 00:00:00,9:30 AM,CLE,MIN,Home,,6,False,False,True,False,False,False,,,,0.261136712749616,,,,Low,,270.0,6.75,0.261136712749616,,,,,,,,
5,2025-10-05 00:00:00,1:00 PM,CAR,MIA,Home,,7,False,False,True,False,False,False,,,,0.4675324675324675,,,,Low,,105.0,1.5,0.4675324675324675,,,,,,,,
5,2025-10-05 00:00:00,1:00 PM,IND,LV,Home,,6,False,False,True,False,False,False,,,,0.5324675324675325,,,,Low,,-125.0,-1.5,0.5324675324675325,,,,,,,,
5,2025-10-05 00:00:00,1:00 PM,NO,NYG,Home,,7,False,False,True,False,False,False,,,,0.4675324675324675,,,,Low,,105.0,1.5,0.4675324675324675,,,,,,,,
5,2025-10-05 00:00:00,1:00 PM,NYJ,DAL,Home,,5,False,False,True,False,False,False,,,,0.448558885283451,,,,Low,,114.0,2.5,0.448558885283451,,,,,,,,
5,2025-10-05 00:00:00,1:00 PM,PHI,DEN,Home,,7,False,False,True,False,False,False,,,,0.6574752261956054,,,,Low,,-218.0,-4.5,0.6574752261956054,,,,,,,,
5,2025-10-05 00:00:00,1:00 PM,BAL,HOU,Home,,6,False,False,True,False,False,False,,,,0.7508125677139762,,,,Low,,-360.0,-7.5,0.7508125677139762,,,,,,,,
5,2025-10-05 00:00:00,4:05 PM,ARI,TEN,Home,,9,False,False,True,False,False,False,,,,0.6750312469954812,,,,Low,,-238.0,-5.5,0.6750312469954812,,,,,,,,
5,2025-10-05 00:00:00,4:05 PM,SEA,TB,Home,,9,False,False,True,False,False,False,,,,0.4675324675324675,,,,Low,,105.0,1.5,0.4675324675324675,,,,,,,,
5,2025-10-05 00:00:00,4:25 PM,CIN,DET,Home,,5,False,False,True,False,False,False,,,,0.4739134147382802,,,,Low,,102.0,1.5,0.4739134147382802,,,,,,,,
5,2025-10-05 00:00:00,4:25 PM,LAC,WSH,Home,,7,False,False,True,False,False,False,,,,,,,,Low,,,,,,,,,,,,
5,2025-10-05 00:00:00,8:20 PM,BUF,NE,Home,,7,False,False,True,False,False,False,,,,0.6574752261956054,,,,Low,,-218.0,-4.5,0.6574752261956054,,,,,,,,
5,2025-10-06 00:00:00,8:15 PM,JAX,KC,Home,,8,False,False,True,False,False,False,,,,0.355270821199767,,,,Low,,170.0,4.5,0.355270821199767,,,,,,,,
6,2025-10-09 00:00:00,8:15 PM,NYG,PHI,Home,,4,False,False,True,False,False,False,,,,0.1918429003021148,,,,Low,,400.0,10.5,0.1918429003021148,,,,,,,,
6,2025-10-12 00:00:00,9:30 AM,NYJ,DEN,Home,,6,False,False,True,False,False,False,,,,0.2701280477109278,,,,Low,,265.0,6.5,0.2701280477109278,,,,,,,,
6,2025-10-12 00:00:00,1:00 PM,CAR,DAL,Home,,7,False,False,True,False,False,False,,,,0.4675324675324675,,,,Low,,105.0,1.5,0.4675324675324675,,,,,,,,
6,2025-10-12 00:00:00,1:00 PM,IND,ARI,Home,,7,False,False,True,False,False,False,,,,0.4675324675324675,,,,Low,,105.0,1.5,0.4675324675324675,,,,,,,,
6,2025-10-12 00:00:00,1:00 PM,JAX,SEA,Home,,5,False,False,True,False,False,False,,,,0.5324675324675325,,,,Low,,-125.0,-1.5,0.5324675324675325,,,,,,,,
6,2025-10-12 00:00:00,1:00 PM,MIA,LAC,Home,,7,False,False,True,False,False,False,,,,0.4365079365079364,,,,Low,,120.0,2.5,0.4365079365079364,,,,,,,,
6,2025-10-12 00:00:00,1:00 PM,PIT,CLE,Home,,14,False,False,True,False,False,False,,,,0.551441114716549,,,,Low,,-135.0,-2.5,0.551441114716549,,,,,,,,
6,2025-10-12 00:00:00,1:00 PM,BAL,LAR,Home,,7,False,False,True,False,False,False,,,,0.6805555555555556,,,,Low,,-245.0,-5.5,0.6805555555555556,,,,,,,,
6,2025-10-12 00:00:00,1:00 PM,TB,SF,Home,,6,False,False,True,False,False,False,,,,0.5427435387673957,,,,Low,,-130.0,-1.5,0.5427435387673957,,,,,,,,
6,2025-10-12 00:00:00,4:05 PM,LV,TEN,Home,,7,False,False,True,False,False,False,,,,0.6092362344582594,,,,Low,,-175.0,-3.0,0.6092362344582594,,,,,,,,
6,2025-10-12 00:00:00,4:25 PM,GB,CIN,Home,,13,False,False,True,False,False,False,,,,0.593369754159424,,,,Low,,-162.0,-3.0,0.593369754159424,,,,,,,,
6,2025-10-12 00:00:00,4:25 PM,NO,NE,Home,,7,False,False,True,False,False,False,,,,0.4003612281757977,,,,Low,,140.0,3.0,0.4003612281757977,,,,,,,,
6,2025-10-12 00:00:00,8:20 PM,KC,DET,Home,,6,False,False,True,False,False,False,,,,0.5829926410466066,,,,Low,,-155.0,-2.75,0.5829926410466066,,,,,,,,
6,2025-10-13 00:00:00,7:15 PM,ATL,BUF,Home,,14,False,False,True,False,False,False,,,,0.3249687530045188,,,,Low,,195.0,5.5,0.3249687530045188,,,,,,,,
6,2025-10-13 00:00:00,8:15 PM,WSH,CHI,Home,,8,False,False,True,False,False,False,,,,,,,,Low,,,,,,,,,,,,
7,2025-10-16 00:00:00,8:15 PM,CIN,PIT,Home,,4,False,False,True,False,False,False,,,,0.5324675324675325,,,,Low,,-125.0,-1.5,0.5324675324675325,,,,,,,,
7,2025-10-19 00:00:00,9:30 AM,JAX,LAR,Home,,6,False,False,True,False,False,False,,,,0.3650102459016394,,,,Low,,168.0,3.5,0.3650102459016394,,,,,,,,
7,2025-10-19 00:00:00,1:00 PM,CHI,NO,Home,,5,False,False,True,False,False,False,,,,0.7440690150970525,,,,Low,,-345.0,-7.5,0.7440690150970525,,,,,,,,
7,2025-10-19 00:00:00,1:00 PM,CLE,MIA,Home,,7,False,False,True,False,False,False,,,,0.4675324675324675,,,,Low,,105.0,1.5,0.4675324675324675,,,,,,,,
7,2025-10-19 00:00:00,1:00 PM,KC,LV,Home,,6,False,False,True,False,False,False,,,,0.690792883054068,,,,Low,,-258.0,-6.0,0.690792883054068,,,,,,,,
7,2025-10-19 00:00:00,1:00 PM,MIN,PHI,Home,,14,False,False,True,False,False,False,,,,0.4003612281757977,,,,Low,,140.0,3.0,0.4003612281757977,,,,,,,,
7,2025-10-19 00:00:00,1:00 PM,NYJ,CAR,Home,,7,False,False,True,False,False,False,,,,0.5324675324675325,,,,Low,,-125.0,-1.5,0.5324675324675325,,,,,,,,
7,2025-10-19 00:00:00,1:00 PM,TEN,NE,Home,,6,False,False,True,False,False,False,,,,0.4675324675324675,,,,Low,,105.0,1.5,0.4675324675324675,,,,,,,,
7,2025-10-19 00:00:00,4:05 PM,DEN,NYG,Home,,7,False,False,True,False,False,False,,,,0.7477827050997783,,,,Low,,-355.0,-7.5,0.7477827050997783,,,,,,,,
7,2025-10-19 00:00:00,4:05 PM,LAC,IND,Home,,7,False,False,True,False,False,False,,,,0.690792883054068,,,,Low,,-258.0,-6.0,0.690792883054068,,,,,,,,
7,2025-10-19 00:00:00,4:25 PM,ARI,GB,Home,,7,False,False,True,False,False,False,,,,0.4739134147382802,,,,Low,,102.0,1.5,0.4739134147382802,,,,,,,,
7,2025-10-19 00:00:00,4:25 PM,DAL,WSH,Home,,7,False,False,True,False,False,False,,,,,,,,Low,,,,,,,,,,,,
7,2025-10-19 00:00:00,8:20 PM,SF,ATL,Home,,7,False,False,True,False,False,False,,,,0.7095435684647302,,,,Low,,-285.0,-6.5,0.7095435684647302,,,,,,,,
7,2025-10-20 00:00:00,7:00 PM,DET,TB,Home,,7,False,False,True,False,False,False,,,,0.6369041816941223,,,,Low,,-198.0,-3.5,0.6369041816941223,,,,,,,,
7,2025-10-20 00:00:00,10:00 PM,SEA,HOU,Home,,8,False,False,True,False,False,False,,,,0.5324675324675325,,,,Low,,-125.0,-1.5,0.5324675324675325,,,,,,,,
8,2025-10-23 00:00:00,8:15 PM,LAC,MIN,Home,,4,False,False,True,False,False,False,,,,0.5829926410466066,,,,Low,,-155.0,-3.0,0.5829926410466066,,,,,,,,
8,2025-10-26 00:00:00,1:00 PM,ATL,MIA,Home,,6,False,False,True,False,False,False,,,,0.5324675324675325,,,,Low,,-125.0,-1.5,0.5324675324675325,,,,,,,,
8,2025-10-26 00:00:00,1:00 PM,CAR,BUF,Home,,7,False,False,True,False,False,False,,,,0.2664576802507837,,,,Low,,260.0,7.0,0.2664576802507837,,,,,,,,
8,2025-10-26 00:00:00,1:00 PM,CIN,NYJ,Home,,9,False,False,True,False,False,False,,,,0.7477827050997783,,,,Low,,-355.0,-7.5,0.7477827050997783,,,,,,,,
8,2025-10-26 00:00:00,1:00 PM,HOU,SF,Home,,5,False,False,True,False,False,False,,,,0.4675324675324675,,,,Low,,105.0,1.5,0.4675324675324675,,,,,,,,
8,2025-10-26 00:00:00,1:00 PM,NE,CLE,Home,,7,False,False,True,False,False,False,,,,0.6750312469954812,,,,Low,,-238.0,-5.5,0.6750312469954812,,,,,,,,
8,2025-10-26 00:00:00,1:00 PM,PHI,NYG,Home,,7,False,False,True,False,False,False,,,,0.8081570996978852,,,,Low,,-535.0,-10.5,0.8081570996978852,,,,,,,,
8,2025-10-26 00:00:00,1:00 PM,BAL,CHI,Home,,14,False,False,True,False,False,False,,,,0.7335423197492164,,,,Low,,-325.0,-7.0,0.7335423197492164,,,,,,,,
8,2025-10-26 00:00:00,4:05 PM,NO,TB,Home,,7,False,False,True,False,False,False,,,,0.2231668437832093,,,,Low,,330.0,9.5,0.2231668437832093,,,,,,,,
8,2025-10-26 00:00:00,4:25 PM,IND,TEN,Home,,7,False,False,True,False,False,False,,,,0.6224665518611737,,,,Low,,-185.0,-3.5,0.6224665518611737,,,,,,,,
8,2025-10-26 00:00:00,4:25 PM,DEN,DAL,Home,,7,False,False,True,False,False,False,,,,0.6574752261956054,,,,Low,,-218.0,-4.5,0.6574752261956054,,,,,,,,
8,2025-10-26 00:00:00,8:20 PM,PIT,GB,Home,,10,False,False,True,False,False,False,,,,0.4675324675324675,,,,Low,,105.0,1.5,0.4675324675324675,,,,,,,,
8,2025-10-27 00:00:00,8:15 PM,KC,WSH,Home,,8,False,False,True,False,False,False,,,,,,,,Low,,,,,,,,,,,,
9,2025-10-30 00:00:00,8:15 PM,MIA,BAL,Home,,4,False,False,True,False,False,False,,,,0.3194444444444444,,,,Low,,200.0,5.5,0.3194444444444444,,,,,,,,
9,2025-11-02 00:00:00,1:00 PM,CIN,CHI,Home,,7,False,False,True,False,False,False,,,,0.6037569709421778,,,,Low,,-170.0,-3.0,0.6037569709421778,,,,,,,,
9,2025-11-02 00:00:00,1:00 PM,DET,MIN,Home,,12,False,False,True,False,False,False,,,,0.5553281914056352,,,,Low,,-126.0,-2.0,0.5553281914056352,,,,,,,,
9,2025-11-02 00:00:00,1:00 PM,GB,CAR,Home,,6,False,False,True,False,False,False,,,,0.7508125677139762,,,,Low,,-360.0,-7.5,0.7508125677139762,,,,,,,,
9,2025-11-02 00:00:00,1:00 PM,HOU,DEN,Home,,7,False,False,True,False,False,False,,,,0.4782608695652174,,,,Low,,100.0,1.5,0.4782608695652174,,,,,,,,
9,2025-11-02 00:00:00,1:00 PM,NE,ATL,Home,,7,False,False,True,False,False,False,,,,0.5996387718242023,,,,Low,,-166.0,-3.0,0.5996387718242023,,,,,,,,
9,2025-11-02 00:00:00,1:00 PM,NYG,SF,Home,,7,False,False,True,False,False,False,,,,0.3690596562184025,,,,Low,,160.0,3.5,0.3690596562184025,,,,,,,,
9,2025-11-02 00:00:00,1:00 PM,TEN,LAC,Home,,6,False,False,True,False,False,False,,,,0.3425247738043946,,,,Low,,180.0,4.5,0.3425247738043946,,,,,,,,
9,2025-11-02 00:00:00,1:00 PM,PIT,IND,Home,,6,False,False,True,False,False,False,,,,0.6224665518611737,,,,Low,,-185.0,-3.5,0.6224665518611737,,,,,,,,
9,2025-11-02 00:00:00,4:05 PM,LV,JAX,Home,,14,False,False,True,False,False,False,,,,0.5324675324675325,,,,Low,,-125.0,-1.5,0.5324675324675325,,,,,,,,
9,2025-11-02 00:00:00,4:05 PM,LAR,NO,Home,,14,False,False,True,False,False,False,,,,0.7819063004846527,,,,Low,,-440.0,-9.5,0.7819063004846527,,,,,,,,
9,2025-11-02 00:00:00,4:25 PM,BUF,KC,Home,,7,False,False,True,False,False,False,,,,0.5720596355604638,,,,Low,,-148.0,-2.5,0.5720596355604638,,,,,,,,
9,2025-11-02 00:00:00,8:20 PM,WSH,SEA,Home,,6,False,False,True,False,False,False,,,,,,,,Low,,,,,,,,,,,,
9,2025-11-03 00:00:00,8:15 PM,DAL,ARI,Home,,8,False,False,True,False,False,False,,,,0.5324675324675325,,,,Low,,-125.0,-1.5,0.5324675324675325,,,,,,,,
10,2025-11-06 00:00:00,8:15 PM,DEN,LV,Home,,4,False,False,True,False,False,False,,,,0.6164383561643836,,,,Low,,-180.0,-3.5,0.6164383561643836,,,,,,,,
10,2025-11-09 00:00:00,9:30 AM,IND,ATL,Home,,6,False,False,True,False,False,False,,,,0.4831460674157303,,,,Low,,100.0,1.5,0.4831460674157303,,,,,,,,
10,2025-11-09 00:00:00,1:00 PM,CAR,NO,Home,,7,False,False,True,False,False,False,,,,0.5260865852617197,,,,Low,,-122.0,-1.5,0.5260865852617197,,,,,,,,
10,2025-11-09 00:00:00,1:00 PM,CHI,NYG,Home,,7,False,False,True,False,False,False,,,,0.6690070210631895,,,,Low,,-230.0,-5.5,0.6690070210631895,,,,,,,,
10,2025-11-09 00:00:00,1:00 PM,HOU,JAX,Home,,7,False,False,True,False,False,False,,,,0.6224665518611737,,,,Low,,-185.0,-3.5,0.6224665518611737,,,,,,,,
10,2025-11-09 00:00:00,1:00 PM,MIA,BUF,Home,,9,False,False,True,False,False,False,,,,0.3194444444444444,,,,Low,,200.0,5.5,0.3194444444444444,,,,,,,,
10,2025-11-09 00:00:00,1:00 PM,MIN,BAL,Home,,7,False,False,True,False,False,False,,,,0.3775334481388264,,,,Low,,154.0,3.5,0.3775334481388264,,,,,,,,
10,2025-11-09 00:00:00,1:00 PM,NYJ,CLE,Home,,14,False,False,True,False,False,False,,,,0.5634920634920635,,,,Low,,-142.0,-2.5,0.5634920634920635,,,,,,,,
10,2025-11-09 00:00:00,1:00 PM,TB,NE,Home,,13,False,False,True,False,False,False,,,,0.6636481241914618,,,,Low,,-225.0,-4.5,0.6636481241914618,,,,,,,,
10,2025-11-09 00:00:00,4:05 PM,SEA,ARI,Home,,6,False,False,True,False,False,False,,,,0.5260865852617197,,,,Low,,-122.0,-1.5,0.5260865852617197,,,,,,,,
10,2025-11-09 00:00:00,4:25 PM,SF,LAR,Home,,7,False,False,True,False,False,False,,,,0.5324675324675325,,,,Low,,-125.0,-1.5,0.5324675324675325,,,,,,,,
10,2025-11-09 00:00:00,4:25 PM,WSH,DET,Home,,6,False,False,True,False,False,False,,,,,,,,Low,,,,,,,,,,,,
10,2025-11-09 00:00:00,8:20 PM,LAC,PIT,Home,,7,False,False,True,False,False,False,,,,0.6574752261956054,,,,Low,,-218.0,-4.5,0.6574752261956054,,,,,,,,
10,2025-11-10 00:00:00,8:15 PM,GB,PHI,Home,,8,False,False,True,False,False,False,,,,0.4675324675324675,,,,Low,,105.0,1.5,0.4675324675324675,,,,,,,,
11,2025-11-13 00:00:00,8:15 PM,NE,NYJ,Home,,4,False,False,True,False,False,False,,,,0.5260865852617197,,,,Low,,-122.0,-1.5,0.5260865852617197,,,,,,,,
11,2025-11-16 00:00:00,9:30 AM,MIA,WSH,Home,,6,False,False,True,False,False,False,,,,,,,,Low,,,,,,,,,,,,
11,2025-11-16 00:00:00,1:00 PM,ATL,CAR,Home,,7,False,False,True,False,False,False,,,,0.5996387718242023,,,,Low,,-166.0,-3.0,0.5996387718242023,,,,,,,,
11,2025-11-16 00:00:00,1:00 PM,BUF,TB,Home,,7,False,False,True,False,False,False,,,,0.6750312469954812,,,,Low,,-238.0,-5.5,0.6750312469954812,,,,,,,,
11,2025-11-16 00:00:00,1:00 PM,JAX,LAC,Home,,7,False,False,True,False,False,False,,,,0.4675324675324675,,,,Low,,105.0,1.5,0.4675324675324675,,,,,,,,
11,2025-11-16 00:00:00,1:00 PM,MIN,CHI,Home,,7,False,False,True,False,False,False,,,,0.5634920634920635,,,,Low,,-142.0,-2.5,0.5634920634920635,,,,,,,,
11,2025-11-16 00:00:00,1:00 PM,NYG,GB,Home,,7,False,False,True,False,False,False,,,,0.355270821199767,,,,Low,,170.0,4.5,0.355270821199767,,,,,,,,
11,2025-11-16 00:00:00,1:00 PM,TEN,HOU,Home,,14,False,False,True,False,False,False,,,,0.4066302458405761,,,,Low,,136.0,3.0,0.4066302458405761,,,,,,,,
11,2025-11-16 00:00:00,1:00 PM,PIT,CIN,Home,,6,False,False,True,False,False,False,,,,0.4675324675324675,,,,Low,,105.0,1.5,0.4675324675324675,,,,,,,,
11,2025-11-16 00:00:00,4:05 PM,ARI,SF,Home,,7,False,False,True,False,False,False,,,,0.4675324675324675,,,,Low,,105.0,1.5,0.4675324675324675,,,,,,,,
11,2025-11-16 00:00:00,4:05 PM,LAR,SEA,Home,,6,False,False,True,False,False,False,,,,0.5324675324675325,,,,Low,,-125.0,-1.5,0.5324675324675325,,,,,,,,
11,2025-11-16 00:00:00,4:25 PM,CLE,BAL,Home,,7,False,False,True,False,False,False,,,,0.24,,,,Low,,300.0,8.5,0.24,,,,,,,,
11,2025-11-16 00:00:00,4:25 PM,DEN,KC,Home,,9,False,False,True,False,False,False,,,,0.3425247738043946,,,,Low,,180.0,4.5,0.3425247738043946,,,,,,,,
11,2025-11-16 00:00:00,8:20 PM,PHI,DET,Home,,6,False,False,True,False,False,False,,,,0.6309403437815976,,,,Low,,-192.0,-3.5,0.6309403437815976,,,,,,,,
11,2025-11-17 00:00:00,8:15 PM,LV,DAL,Home,,11,False,False,True,False,False,False,,,,0.4675324675324675,,,,Low,,105.0,1.5,0.4675324675324675,,,,,,,,
12,2025-11-20 00:00:00,8:15 PM,HOU,BUF,Home,,4,False,False,True,False,False,False,,,,0.3775334481388264,,,,Low,,154.0,3.5,0.3775334481388264,,,,,,,,
12,2025-11-23 00:00:00,1:00 PM,CHI,PIT,Home,,7,False,False,True,False,False,False,,,,0.551441114716549,,,,Low,,-135.0,-2.5,0.551441114716549,,,,,,,,
12,2025-11-23 00:00:00,1:00 PM,CIN,NE,Home,,7,False,False,True,False,False,False,,,,0.6636481241914618,,,,Low,,-225.0,-4.5,0.6636481241914618,,,,,,,,
12,2025-11-23 00:00:00,1:00 PM,DET,NYG,Home,,6,False,False,True,False,False,False,,,,0.771505376344086,,,,Low,,-410.0,-8.5,0.771505376344086,,,,,,,,
12,2025-11-23 00:00:00,1:00 PM,GB,MIN,Home,,7,False,False,True,False,False,False,,,,0.5324675324675325,,,,Low,,-125.0,-1.5,0.5324675324675325,,,,,,,,
12,2025-11-23 00:00:00,1:00 PM,KC,IND,Home,,6,False,False,True,False,False,False,,,,0.7819063004846527,,,,Low,,-440.0,-9.5,0.7819063004846527,,,,,,,,
12,2025-11-23 00:00:00,1:00 PM,TEN,SEA,Home,,7,False,False,True,False,False,False,,,,0.4675324675324675,,,,Low,,105.0,1.5,0.4675324675324675,,,,,,,,
12,2025-11-23 00:00:00,1:00 PM,BAL,NYJ,Home,,6,False,False,True,False,False,False,,,,0.8223350253807106,,,,Low,,-600.0,-11.5,0.8223350253807106,,,,,,,,
12,2025-11-23 00:00:00,4:05 PM,ARI,JAX,Home,,7,False,False,True,False,False,False,,,,0.593369754159424,,,,Low,,-162.0,-3.0,0.593369754159424,,,,,,,,
12,2025-11-23 00:00:00,4:05 PM,LV,CLE,Home,,5,False,False,True,False,False,False,,,,0.6224665518611737,,,,Low,,-185.0,-3.5,0.6224665518611737,,,,,,,,
12,2025-11-23 00:00:00,4:25 PM,DAL,PHI,Home,,5,False,False,True,False,False,False,,,,0.3425247738043946,,,,Low,,180.0,4.5,0.3425247738043946,,,,,,,,
12,2025-11-23 00:00:00,4:25 PM,NO,ATL,Home,,14,False,False,True,False,False,False,,,,0.3363518758085381,,,,Low,,185.0,4.5,0.3363518758085381,,,,,,,,
12,2025-11-23 00:00:00,8:20 PM,LAR,TB,Home,,7,False,False,True,False,False,False,,,,0.5720596355604638,,,,Low,,-148.0,-2.5,0.5720596355604638,,,,,,,,
12,2025-11-24 00:00:00,8:15 PM,SF,CAR,Home,,8,False,False,True,False,False,False,,,,0.725752508361204,,,,Low,,-310.0,-7.0,0.725752508361204,,,,,,,,
13,2025-11-27 00:00:00,1:00 PM,DET,GB,Home,Thanksgiving,4,False,False,True,False,False,False,,,,0.5829926410466066,,,,Low,,-155.0,-2.5,0.5829926410466066,,,,,,,,
13,2025-11-27 00:00:00,4:30 PM,DAL,KC,Home,Thanksgiving,4,False,False,True,False,False,False,,,,0.3194444444444444,,,,Low,,200.0,5.5,0.3194444444444444,,,,,,,,
13,2025-11-27 00:00:00,8:20 PM,BAL,CIN,Home,Thanksgiving,4,False,False,True,False,False,False,,,,0.551441114716549,,,,Low,,-135.0,-2.5,0.551441114716549,,,,,,,,
13,2025-11-28 00:00:00,3:00 PM,PHI,CHI,Home,Thanksgiving,4,False,False,True,False,False,False,,,,0.7335423197492164,,,,Low,,-325.0,-7.0,0.7335423197492164,,,,,,,,
13,2025-11-30 00:00:00,1:00 PM,CAR,LAR,Home,,5,False,False,True,False,False,False,,,,0.3775334481388264,,,,Low,,154.0,3.5,0.3775334481388264,,,,,,,,
13,2025-11-30 00:00:00,1:00 PM,CLE,SF,Home,,6,False,False,True,False,False,False,,,,0.3092071169459319,,,,Low,,210.0,6.0,0.3092071169459319,,,,,,,,
13,2025-11-30 00:00:00,1:00 PM,IND,HOU,Home,,7,False,False,True,False,False,False,,,,0.3425247738043946,,,,Low,,180.0,4.5,0.3425247738043946,,,,,,,,
13,2025-11-30 00:00:00,1:00 PM,MIA,NO,Home,,14,False,False,True,False,False,False,,,,0.690792883054068,,,,Low,,-258.0,-6.0,0.690792883054068,,,,,,,,
13,2025-11-30 00:00:00,1:00 PM,NYJ,ATL,Home,,7,False,False,True,False,False,False,,,,0.4675324675324675,,,,Low,,105.0,1.5,0.4675324675324675,,,,,,,,
13,2025-11-30 00:00:00,1:00 PM,TEN,JAX,Home,,7,False,False,True,False,False,False,,,,0.355270821199767,,,,Low,,170.0,4.5,0.355270821199767,,,,,,,,
13,2025-11-30 00:00:00,1:00 PM,TB,ARI,Home,,6,False,False,True,False,False,False,,,,0.6224665518611737,,,,Low,,-185.0,-3.5,0.6224665518611737,,,,,,,,
13,2025-11-30 00:00:00,4:05 PM,SEA,MIN,Home,,7,False,False,True,False,False,False,,,,0.5260865852617197,,,,Low,,-122.0,-1.5,0.5260865852617197,,,,,,,,
13,2025-11-30 00:00:00,4:25 PM,PIT,BUF,Home,,7,False,False,True,False,False,False,,,,0.3425247738043946,,,,Low,,180.0,4.5,0.3425247738043946,,,,,,,,
13,2025-11-30 00:00:00,4:25 PM,LAC,LV,Home,,14,False,False,True,False,False,False,,,,0.7001620745542949,,,,Low,,-270.0,-6.5,0.7001620745542949,,,,,,,,
13,2025-11-30 00:00:00,8:20 PM,WSH,DEN,Home,,14,False,False,True,False,False,False,,,,,,,,Low,,,,,,,,,,,,
13,2025-12-01 00:00:00,8:15 PM,NE,NYG,Home,,8,False,False,True,False,False,False,,,,0.5996387718242023,,,,Low,,-166.0,-3.0,0.5996387718242023,,,,,,,,
14,2025-12-04 00:00:00,8:15 PM,DET,DAL,Home,,7,False,False,True,False,False,False,,,,0.6957699520733487,,,,Low,,-265.0,-6.0,0.6957699520733487,,,,,,,,
14,2025-12-07 00:00:00,1:00 PM,ATL,SEA,Home,,7,False,False,True,False,False,False,,,,0.5324675324675325,,,,Low,,-125.0,-1.5,0.5324675324675325,,,,,,,,
14,2025-12-07 00:00:00,1:00 PM,CLE,TEN,Home,,7,False,False,True,False,False,False,,,,0.5324675324675325,,,,Low,,-125.0,-1.5,0.5324675324675325,,,,,,,,
14,2025-12-07 00:00:00,1:00 PM,GB,CHI,Home,,10,False,False,True,False,False,False,,,,0.5324675324675325,,,,Low,,-125.0,-1.5,0.5324675324675325,,,,,,,,
14,2025-12-07 00:00:00,1:00 PM,JAX,IND,Home,,7,False,False,True,False,False,False,,,,0.4739134147382802,,,,Low,,102.0,1.5,0.4739134147382802,,,,,,,,
14,2025-12-07 00:00:00,1:00 PM,MIN,WSH,Home,,6,False,False,True,False,False,False,,,,,,,,Low,,,,,,,,,,,,
14,2025-12-07 00:00:00,1:00 PM,NYJ,MIA,Home,,7,False,False,True,False,False,False,,,,0.4675324675324675,,,,Low,,105.0,1.5,0.4675324675324675,,,,,,,,
14,2025-12-07 00:00:00,1:00 PM,BAL,PIT,Home,,9,False,False,True,False,False,False,,,,0.644729178800233,,,,Low,,-205.0,-4.5,0.644729178800233,,,,,,,,
14,2025-12-07 00:00:00,1:00 PM,TB,NO,Home,,7,False,False,True,False,False,False,,,,0.7768331562167907,,,,Low,,-425.0,-9.5,0.7768331562167907,,,,,,,,
14,2025-12-07 00:00:00,4:05 PM,LV,DEN,Home,,6,False,False,True,False,False,False,,,,0.3835616438356164,,,,Low,,150.0,3.5,0.3835616438356164,,,,,,,,
14,2025-12-07 00:00:00,4:25 PM,BUF,CIN,Home,,7,False,False,True,False,False,False,,,,0.6750312469954812,,,,Low,,-238.0,-5.5,0.6750312469954812,,,,,,,,
14,2025-12-07 00:00:00,4:25 PM,ARI,LAR,Home,,7,False,False,True,False,False,False,,,,0.3363518758085381,,,,Low,,185.0,4.5,0.3363518758085381,,,,,,,,
14,2025-12-07 00:00:00,8:20 PM,KC,HOU,Home,,10,False,False,True,False,False,False,,,,0.705033164260632,,,,Low,,-278.0,-6.5,0.705033164260632,,,,,,,,
14,2025-12-08 00:00:00,8:15 PM,LAC,PHI,Home,,8,False,False,True,False,False,False,,,,0.448558885283451,,,,Low,,114.0,2.5,0.448558885283451,,,,,,,,
15,2025-12-11 00:00:00,8:15 PM,TB,ATL,Home,,4,False,False,True,False,False,False,,,,0.6750312469954812,,,,Low,,-238.0,-5.5,0.6750312469954812,,,,,,,,
15,2025-12-14 00:00:00,1:00 PM,CHI,CLE,Home,,7,False,False,True,False,False,False,,,,0.725752508361204,,,,Low,,-310.0,-7.0,0.725752508361204,,,,,,,,
15,2025-12-14 00:00:00,1:00 PM,CIN,BAL,Home,,6,False,False,True,False,False,False,,,,0.448558885283451,,,,Low,,114.0,2.5,0.448558885283451,,,,,,,,
15,2025-12-14 00:00:00,1:00 PM,HOU,ARI,Home,,6,False,False,True,False,False,False,,,,0.551441114716549,,,,Low,,-135.0,-2.5,0.551441114716549,,,,,,,,
15,2025-12-14 00:00:00,1:00 PM,JAX,NYJ,Home,,7,False,False,True,False,False,False,,,,0.644729178800233,,,,Low,,-205.0,-4.5,0.644729178800233,,,,,,,,
15,2025-12-14 00:00:00,1:00 PM,KC,LAC,Home,,6,False,False,True,False,False,False,,,,0.6574752261956054,,,,Low,,-218.0,-4.5,0.6574752261956054,,,,,,,,
15,2025-12-14 00:00:00,1:00 PM,NE,BUF,Home,,12,False,False,True,False,False,False,,,,0.3425247738043946,,,,Low,,180.0,4.5,0.3425247738043946,,,,,,,,
15,2025-12-14 00:00:00,1:00 PM,NYG,WSH,Home,,12,False,False,True,False,False,False,,,,,,,,Low,,,,,,,,,,,,
15,2025-12-14 00:00:00,1:00 PM,PHI,LV,Home,,5,False,False,True,False,False,False,,,,0.8081570996978852,,,,Low,,-535.0,-10.5,0.8081570996978852,,,,,,,,
15,2025-12-14 00:00:00,4:25 PM,DEN,GB,Home,,7,False,False,True,False,False,False,,,,0.5324675324675325,,,,Low,,-125.0,-1.5,0.5324675324675325,,,,,,,,
15,2025-12-14 00:00:00,4:25 PM,NO,CAR,Home,,7,False,False,True,False,False,False,,,,0.4739134147382802,,,,Low,,102.0,1.5,0.4739134147382802,,,,,,,,
15,2025-12-14 00:00:00,4:25 PM,LAR,DET,Home,,7,False,False,True,False,False,False,,,,0.4739134147382802,,,,Low,,102.0,1.5,0.4739134147382802,,,,,,,,
15,2025-12-14 00:00:00,4:25 PM,SEA,IND,Home,,7,False,False,True,False,False,False,,,,0.6224665518611737,,,,Low,,-185.0,-3.5,0.6224665518611737,,,,,,,,
15,2025-12-14 00:00:00,4:25 PM,SF,TEN,Home,,14,False,False,True,False,False,False,,,,0.7477827050997783,,,,Low,,-355.0,-7.5,0.7477827050997783,,,,,,,,
15,2025-12-14 00:00:00,8:20 PM,DAL,MIN,Home,,10,False,False,True,False,False,False,,,,0.4739134147382802,,,,Low,,102.0,1.5,0.4739134147382802,,,,,,,,
15,2025-12-15 00:00:00,8:15 PM,PIT,MIA,Home,,8,False,False,True,False,False,False,,,,0.593369754159424,,,,Low,,-162.0,-3.0,0.593369754159424,,,,,,,,
16,2025-12-18 00:00:00,8:15 PM,SEA,LAR,Home,,4,False,False,True,False,False,False,,,,0.4675324675324675,,,,Low,,105.0,1.5,0.4675324675324675,,,,,,,,
16,2025-12-20 00:00:00,1:00 PM,CHI,GB,Home,,6,False,False,True,False,False,False,,,,0.4675324675324675,,,,Low,,105.0,1.5,0.4675324675324675,,,,,,,,
16,2025-12-20 00:00:00,1:00 PM,WSH,PHI,Home,,6,False,False,True,False,False,False,,,,,,,,Low,,,,,,,,,,,,
16,2025-12-21 00:00:00,1:00 PM,CAR,TB,Home,,6,False,False,True,False,False,False,,,,0.2664576802507837,,,,Low,,260.0,7.0,0.2664576802507837,,,,,,,,
16,2025-12-21 00:00:00,1:00 PM,CLE,BUF,Home,,7,False,False,True,False,False,False,,,,0.2340978954835658,,,,Low,,310.0,8.5,0.2340978954835658,,,,,,,,
16,2025-12-21 00:00:00,1:00 PM,DAL,LAC,Home,,6,False,False,True,False,False,False,,,,0.4739134147382802,,,,Low,,102.0,1.5,0.4739134147382802,,,,,,,,
16,2025-12-21 00:00:00,1:00 PM,NO,NYJ,Home,,6,False,False,True,False,False,False,,,,0.5324675324675325,,,,Low,,-125.0,-1.5,0.5324675324675325,,,,,,,,
16,2025-12-21 00:00:00,1:00 PM,NYG,MIN,Home,,7,False,False,True,False,False,False,,,,0.448558885283451,,,,Low,,114.0,2.5,0.448558885283451,,,,,,,,
16,2025-12-21 00:00:00,1:00 PM,TEN,KC,Home,,6,False,False,True,False,False,False,,,,0.2742474916387959,,,,Low,,250.0,7.0,0.2742474916387959,,,,,,,,
16,2025-12-21 00:00:00,1:00 PM,BAL,NE,Home,,7,False,False,True,False,False,False,,,,0.7659021045164341,,,,Low,,-395.0,-8.5,0.7659021045164341,,,,,,,,
16,2025-12-21 00:00:00,4:05 PM,ARI,ATL,Home,,7,False,False,True,False,False,False,,,,0.6224665518611737,,,,Low,,-185.0,-3.5,0.6224665518611737,,,,,,,,
16,2025-12-21 00:00:00,4:05 PM,DEN,JAX,Home,,6,False,False,True,False,False,False,,,,0.6750312469954812,,,,Low,,-238.0,-5.5,0.6750312469954812,,,,,,,,
16,2025-12-21 00:00:00,4:25 PM,DET,PIT,Home,,7,False,False,True,False,False,False,,,,0.690792883054068,,,,Low,,-258.0,-6.0,0.690792883054068,,,,,,,,
16,2025-12-21 00:00:00,4:25 PM,HOU,LV,Home,,7,False,False,True,False,False,False,,,,0.6574752261956054,,,,Low,,-218.0,-4.5,0.6574752261956054,,,,,,,,
16,2025-12-21 00:00:00,8:20 PM,MIA,CIN,Home,,6,False,False,True,False,False,False,,,,0.4739134147382802,,,,Low,,102.0,1.5,0.4739134147382802,,,,,,,,
16,2025-12-22 00:00:00,8:15 PM,IND,SF,Home,,8,False,False,True,False,False,False,,,,0.4003612281757977,,,,Low,,140.0,3.0,0.4003612281757977,,,,,,,,
17,2025-12-25 00:00:00,1:00 PM,WSH,DAL,Home,Christmas,5,False,False,True,False,False,False,,,,,,,,Low,,,,,,,,,,,,
17,2025-12-25 00:00:00,4:30 PM,MIN,DET,Home,Christmas,4,False,False,True,False,False,False,,,,0.4446718085943649,,,,Low,,124.0,2.0,0.4446718085943649,,,,,,,,
17,2025-12-25 00:00:00,8:15 PM,KC,DEN,Home,Christmas,4,False,False,True,False,False,False,,,,0.6574752261956054,,,,Low,,-218.0,-4.5,0.6574752261956054,,,,,,,,
17,2025-12-28 00:00:00,1:00 PM,CAR,SEA,Home,,7,False,False,True,False,False,False,,,,0.4675324675324675,,,,Low,,105.0,1.5,0.4675324675324675,,,,,,,,
17,2025-12-28 00:00:00,1:00 PM,CIN,ARI,Home,,6,False,False,True,False,False,False,,,,0.6224665518611737,,,,Low,,-185.0,-3.5,0.6224665518611737,,,,,,,,
17,2025-12-28 00:00:00,1:00 PM,CLE,PIT,Home,,7,False,False,True,False,False,False,,,,0.448558885283451,,,,Low,,114.0,2.5,0.448558885283451,,,,,,,,
17,2025-12-28 00:00:00,1:00 PM,IND,JAX,Home,,5,False,False,True,False,False,False,,,,0.5260865852617197,,,,Low,,-122.0,-1.5,0.5260865852617197,,,,,,,,
17,2025-12-28 00:00:00,1:00 PM,GB,BAL,Home,,8,False,False,True,False,False,False,,,,0.4675324675324675,,,,Low,,105.0,1.5,0.4675324675324675,,,,,,,,
17,2025-12-28 00:00:00,1:00 PM,MIA,TB,Home,,6,False,False,True,False,False,False,,,,0.4739134147382802,,,,Low,,102.0,1.5,0.4739134147382802,,,,,,,,
17,2025-12-28 00:00:00,1:00 PM,NYJ,NE,Home,,7,False,False,True,False,False,False,,,,0.4739134147382802,,,,Low,,102.0,1.5,0.4739134147382802,,,,,,,,
17,2025-12-28 00:00:00,1:00 PM,TEN,NO,Home,,7,False,False,True,False,False,False,,,,0.6092362344582594,,,,Low,,-175.0,-3.5,0.6092362344582594,,,,,,,,
17,2025-12-28 00:00:00,1:00 PM,LV,NYG,Home,,6,False,False,True,False,False,False,,,,0.551441114716549,,,,Low,,-135.0,-2.5,0.551441114716549,,,,,,,,
17,2025-12-28 00:00:00,1:00 PM,LAC,HOU,Home,,7,False,False,True,False,False,False,,,,0.6224665518611737,,,,Low,,-185.0,-3.5,0.6224665518611737,,,,,,,,
17,2025-12-28 00:00:00,4:25 PM,BUF,PHI,Home,,7,False,False,True,False,False,False,,,,0.5260865852617197,,,,Low,,-122.0,-1.5,0.5260865852617197,,,,,,,,
17,2025-12-28 00:00:00,8:20 PM,SF,CHI,Home,,6,False,False,True,False,False,False,,,,0.6309403437815976,,,,Low,,-192.0,-3.5,0.6309403437815976,,,,,,,,
17,2025-12-29 00:00:00,8:15 PM,ATL,LAR,Home,,8,False,False,True,False,False,False,,,,0.4003612281757977,,,,Low,,140.0,3.0,0.4003612281757977,,,,,,,,
18,2026-01-04 00:00:00,1:00 PM,ATL,NO,Home,,5,False,False,True,False,False,False,,,,0.6636481241914618,,,,Low,,-225.0,-4.5,0.6636481241914618,,,,,,,,
18,2026-01-04 00:00:00,1:00 PM,BUF,NYJ,Home,,6,False,False,True,False,False,False,,,,0.7659021045164341,,,,Low,,-395.0,-9.5,0.7659021045164341,,,,,,,,
18,2026-01-04 00:00:00,1:00 PM,CHI,DET,Home,,6,False,False,True,False,False,False,,,,0.4675324675324675,,,,Low,,105.0,1.5,0.4675324675324675,,,,,,,,
18,2026-01-04 00:00:00,1:00 PM,CIN,CLE,Home,,7,False,False,True,False,False,False,,,,0.771505376344086,,,,Low,,-410.0,-8.5,0.771505376344086,,,,,,,,
18,2026-01-04 00:00:00,1:00 PM,DEN,LAC,Home,,9,False,False,True,False,False,False,,,,0.551441114716549,,,,Low,,-135.0,-2.5,0.551441114716549,,,,,,,,
18,2026-01-04 00:00:00,1:00 PM,HOU,IND,Home,,7,False,False,True,False,False,False,,,,0.6574752261956054,,,,Low,,-218.0,-4.5,0.6574752261956054,,,,,,,,
18,2026-01-04 00:00:00,1:00 PM,JAX,TEN,Home,,7,False,False,True,False,False,False,,,,0.644729178800233,,,,Low,,-205.0,-4.5,0.644729178800233,,,,,,,,
18,2026-01-04 00:00:00,1:00 PM,MIN,GB,Home,,9,False,False,True,False,False,False,,,,0.4675324675324675,,,,Low,,105.0,1.5,0.4675324675324675,,,,,,,,
18,2026-01-04 00:00:00,1:00 PM,NE,MIA,Home,,7,False,False,True,False,False,False,,,,0.551441114716549,,,,Low,,-135.0,-2.5,0.551441114716549,,,,,,,,
18,2026-01-04 00:00:00,1:00 PM,NYG,DAL,Home,,7,False,False,True,False,False,False,,,,0.4675324675324675,,,,Low,,105.0,1.5,0.4675324675324675,,,,,,,,
18,2026-01-04 00:00:00,1:00 PM,PHI,WSH,Home,,6,False,False,True,False,False,False,,,,,,,,Low,,,,,,,,,,,,
18,2026-01-04 00:00:00,1:00 PM,PIT,BAL,Home,,7,False,False,True,False,False,False,,,,0.355270821199767,,,,Low,,170.0,4.5,0.355270821199767,,,,,,,,
18,2026-01-04 00:00:00,1:00 PM,LV,KC,Home,,7,False,False,True,False,False,False,,,,0.3092071169459319,,,,Low,,210.0,6.0,0.3092071169459319,,,,,,,,
18,2026-01-04 00:00:00,1:00 PM,LAR,ARI,Home,,5,False,False,True,False,False,False,,,,0.6636481241914618,,,,Low,,-225.0,-4.5,0.6636481241914618,,,,,,,,
18,2026-01-04 00:00:00,1:00 PM,SF,SEA,Home,,6,False,False,True,False,False,False,,,,0.644729178800233,,,,Low,,-205.0,-4.5,0.644729178800233,,,,,,,,
18,2026-01-04 00:00:00,1:00 PM,TB,CAR,Home,,7,False,False,True,False,False,False,,,,0.7335423197492164,,,,Low,,-325.0,-7.0,0.7335423197492164,,,,,,,,
1,2025-09-04 00:00:00,8:20 PM,DAL,PHI,Away,,7,False,False,True,False,False,False,,,,,,,,Low,,,,,,,,,,,,
1,2025-09-05 00:00:00,8:00 PM,KC,LAC,Away,,7,False,False,True,False,False,False,,,,,,,,Low,,,,,,,,,,,,
1,2025-09-07 00:00:00,1:00 PM,TB,ATL,Away,,7,False,False,True,False,False,False,,,,,,,,Low,,,,,,,,,,,,
1,2025-09-07 00:00:00,1:00 PM,CIN,CLE,Away,,7,False,False,True,False,False,False,,,,,,,,Low,,,,,,,,,,,,
1,2025-09-07 00:00:00,1:00 PM,MIA,IND,Away,,7,False,False,True,False,False,False,,,,0.4910905203136137,,,,Low,,-104.0,1.5,0.4910905203136137,,,,,,,,
1,2025-09-07 00:00:00,1:00 PM,CAR,JAX,Away,,7,False,False,True,False,False,False,,,,0.4136572554169402,,,,Low,,135.0,2.5,0.4136572554169402,,,,,,,,
1,2025-09-07 00:00:00,1:00 PM,ARI,NO,Away,,7,False,False,True,False,False,False,,,,0.6892525512549417,,,,Low,,-238.0,-5.5,0.6892525512549417,,,,,,,,
1,2025-09-07 00:00:00,1:00 PM,LV,NE,Away,,7,False,False,True,False,False,False,,,,0.4053105253079722,,,,Low,,142.0,3.0,0.4053105253079722,,,,,,,,
1,2025-09-07 00:00:00,1:00 PM,PIT,NYJ,Away,,7,False,False,True,False,False,False,,,,0.5868319338931095,,,,Low,,-148.0,-3.0,0.5868319338931095,,,,,,,,
1,2025-09-07 00:00:00,1:00 PM,NYG,WSH,Away,,7,False,False,True,False,False,False,,,,,,,,Low,,,,,,,,,,,,
1,2025-09-07 00:00:00,4:05 PM,TEN,DEN,Away,,7,False,False,True,False,False,False,,,,0.2360248447204969,,,,Low,,310.0,7.5,0.2360248447204969,,,,,,,,
1,2025-09-07 00:00:00,4:05 PM,SF,SEA,Away,,7,False,False,True,False,False,False,,,,,,,,Low,,,,,,,,,,,,
1,2025-09-07 00:00:00,4:25 PM,DET,GB,Away,,7,False,False,True,False,False,False,,,,,,,,Low,,,,,,,,,,,,
1,2025-09-07 00:00:00,4:25 PM,HOU,LAR,Away,,7,False,False,True,False,False,False,,,,0.4425113464447806,,,,Low,,120.0,2.5,0.4425113464447806,,,,,,,,
1,2025-09-07 00:00:00,8:20 PM,BAL,BUF,Away,,7,False,False,True,False,False,False,,,,0.4759806081974437,,,,Low,,105.0,1.5,0.4759806081974437,,,,,,,,
1,2025-09-08 00:00:00,8:15 PM,MIN,CHI,Away,,7,False,False,True,False,False,False,,,,,,,,Low,,,,,,,,,,,,
2,2025-09-11 00:00:00,8:15 PM,WSH,GB,Away,,4,False,False,True,False,False,False,,,,,,,,Low,,,,,,,,,,,,
2,2025-09-14 00:00:00,1:00 PM,JAX,CIN,Away,,7,False,False,True,False,False,False,,,,0.3249687530045188,,,,Low,,195.0,5.5,0.3249687530045188,,,,,,,,
2,2025-09-14 00:00:00,1:00 PM,NYG,DAL,Away,,7,False,False,True,False,False,False,,,,,,,,Low,,,,,,,,,,,,
2,2025-09-14 00:00:00,1:00 PM,CHI,DET,Away,,5,False,False,True,False,False,False,,,,,,,,Low,,,,,,,,,,,,
2,2025-09-14 00:00:00,1:00 PM,NE,MIA,Away,,7,False,False,True,False,False,False,,,,,,,,Low,,,,,,,,,,,,
2,2025-09-14 00:00:00,1:00 PM,SF,NO,Away,,6,False,False,True,False,False,False,,,,0.7335423197492164,,,,Low,,-325.0,-7.0,0.7335423197492164,,,,,,,,
2,2025-09-14 00:00:00,1:00 PM,BUF,NYJ,Away,,6,False,False,True,False,False,False,,,,,,,,Low,,,,,,,,,,,,
2,2025-09-14 00:00:00,1:00 PM,LAR,TEN,Away,,6,False,False,True,False,False,False,,,,0.6750312469954812,,,,Low,,-238.0,-5.5,0.6750312469954812,,,,,,,,
2,2025-09-14 00:00:00,1:00 PM,SEA,PIT,Away,,6,False,False,True,False,False,False,,,,0.448558885283451,,,,Low,,114.0,2.5,0.448558885283451,,,,,,,,
2,2025-09-14 00:00:00,1:00 PM,CLE,BAL,Away,,7,False,False,True,False,False,False,,,,,,,,Low,,,,,,,,,,,,
2,2025-09-14 00:00:00,4:05 PM,DEN,IND,Away,,7,False,False,True,False,False,False,,,,0.6224665518611737,,,,Low,,-185.0,-3.5,0.6224665518611737,,,,,,,,
2,2025-09-14 00:00:00,4:05 PM,CAR,ARI,Away,,7,False,False,True,False,False,False,,,,0.3425247738043946,,,,Low,,180.0,4.5,0.3425247738043946,,,,,,,,
2,2025-09-14 00:00:00,4:25 PM,PHI,KC,Away,,9,False,False,True,False,False,False,,,,0.4843968327899395,,,,Low,,105.0,1.5,0.4843968327899395,,,,,,,,
2,2025-09-14 00:00:00,8:20 PM,ATL,MIN,Away,,7,False,False,True,False,False,False,,,,0.3363518758085381,,,,Low,,185.0,4.5,0.3363518758085381,,,,,,,,
2,2025-09-15 00:00:00,7:00 PM,TB,HOU,Away,,8,False,False,True,False,False,False,,,,0.4572564612326044,,,,Low,,110.0,1.5,0.4572564612326044,,,,,,,,
2,09/14/2025,13:05:00,LAC,LV,Away,,10,False,False,True,False,False,False,,,,0.49,3.5,-6.0,9.5,Low,0.3934701873422915,,,,,,,0.0,,,-1.0,0.01
3,2025-09-18 00:00:00,8:15 PM,MIA,BUF,Away,,4,False,False,True,False,False,False,,,,,,,,Low,,,,,,,,,,,,
3,2025-09-21 00:00:00,1:00 PM,ATL,CAR,Away,,6,False,False,True,False,False,False,,,,,,,,Low,,,,,,,,,,,,
3,2025-09-21 00:00:00,1:00 PM,GB,CLE,Away,,9,False,False,True,False,False,False,,,,0.6957699520733487,,,,Low,,-265.0,-5.5,0.6957699520733487,,,,,,,,
3,2025-09-21 00:00:00,1:00 PM,HOU,JAX,Away,,5,False,False,True,False,False,False,,,,,,,,Low,,,,,,,,,,,,
3,2025-09-21 00:00:00,1:00 PM,CIN,MIN,Away,,7,False,False,True,False,False,False,,,,0.4675324675324675,,,,Low,,105.0,1.5,0.4675324675324675,,,,,,,,
3,2025-09-21 00:00:00,1:00 PM,PIT,NE,Away,,7,False,False,True,False,False,False,,,,0.4675324675324675,,,,Low,,105.0,1.5,0.4675324675324675,,,,,,,,
3,2025-09-21 00:00:00,1:00 PM,IND,TEN,Away,,6,False,False,True,False,False,False,,,,,,,,Low,,,,,,,,,,,,
3,2025-09-21 00:00:00,1:00 PM,LAR,PHI,Away,,7,False,False,True,False,False,False,,,,0.3363518758085381,,,,Low,,185.0,4.5,0.3363518758085381,,,,,,,,
3,2025-09-21 00:00:00,1:00 PM,NYJ,TB,Away,,7,False,False,True,False,False,False,,,,0.2591283863368669,,,,Low,,270.0,7.5,0.2591283863368669,,,,,,,,
3,2025-09-21 00:00:00,1:00 PM,LV,WSH,Away,,5,False,False,True,False,False,False,,,,,,,,Low,,,,,,,,,,,,
3,2025-09-21 00:00:00,4:05 PM,DEN,LAC,Away,,7,False,False,True,False,False,False,,,,,,,,Low,,,,,,,,,,,,
3,2025-09-21 00:00:00,4:05 PM,NO,SEA,Away,,7,False,False,True,False,False,False,,,,0.2949668357393679,,,,Low,,225.0,6.5,0.2949668357393679,,,,,,,,
3,2025-09-21 00:00:00,4:25 PM,DAL,CHI,Away,,7,False,False,True,False,False,False,,,,0.4003612281757977,,,,Low,,140.0,3.0,0.4003612281757977,,,,,,,,
3,2025-09-21 00:00:00,4:25 PM,ARI,SF,Away,,7,False,False,True,False,False,False,,,,,,,,Low,,,,,,,,,,,,
3,2025-09-21 00:00:00,8:20 PM,KC,NYG,Away,,7,False,False,True,False,False,False,,,,0.7135512302607419,,,,Low,,-290.0,-6.5,0.7135512302607419,,,,,,,,
3,2025-09-22 00:00:00,8:15 PM,DET,BAL,Away,,8,False,False,True,False,False,False,,,,0.3690596562184025,,,,Low,,160.0,3.5,0.3690596562184025,,,,,,,,
4,2025-09-25 00:00:00,8:15 PM,SEA,ARI,Away,,4,False,False,True,False,False,False,,,,,,,,Low,,,,,,,,,,,,
4,2025-09-28 00:00:00,9:30 AM,MIN,PIT,Away,,6,False,False,True,False,False,False,,,,0.5278969957081545,,,,Low,,-120.0,-1.5,0.5278969957081545,,,,,,,,
4,2025-09-28 00:00:00,1:00 PM,WSH,ATL,Away,,7,False,False,True,False,False,False,,,,,,,,Low,,,,,,,,,,,,
4,2025-09-28 00:00:00,1:00 PM,NO,BUF,Away,,6,False,False,True,False,False,False,,,,0.1629006831318969,,,,Low,,490.0,12.5,0.1629006831318969,,,,,,,,
4,2025-09-28 00:00:00,1:00 PM,CLE,DET,Away,,7,False,False,True,False,False,False,,,,0.1957070707070707,,,,Low,,390.0,10.5,0.1957070707070707,,,,,,,,
4,2025-09-28 00:00:00,1:00 PM,TEN,HOU,Away,,7,False,False,True,False,False,False,,,,,,,,Low,,,,,,,,,,,,
4,2025-09-28 00:00:00,1:00 PM,CAR,NE,Away,,7,False,False,True,False,False,False,,,,0.3775334481388264,,,,Low,,154.0,3.5,0.3775334481388264,,,,,,,,
4,2025-09-28 00:00:00,1:00 PM,LAC,NYG,Away,,6,False,False,True,False,False,False,,,,0.6224665518611737,,,,Low,,-185.0,-3.5,0.6224665518611737,,,,,,,,
4,2025-09-28 00:00:00,1:00 PM,PHI,TB,Away,,7,False,False,True,False,False,False,,,,0.5634920634920635,,,,Low,,-142.0,-2.5,0.5634920634920635,,,,,,,,
4,2025-09-28 00:00:00,4:05 PM,IND,LAR,Away,,7,False,False,True,False,False,False,,,,0.2779207411219763,,,,Low,,245.0,6.5,0.2779207411219763,,,,,,,,
4,2025-09-28 00:00:00,4:05 PM,JAX,SF,Away,,7,False,False,True,False,False,False,,,,0.3249687530045188,,,,Low,,195.0,5.5,0.3249687530045188,,,,,,,,
4,2025-09-28 00:00:00,4:25 PM,BAL,KC,Away,,5,False,False,True,False,False,False,,,,0.4721030042918455,,,,Low,,105.0,1.5,0.4721030042918455,,,,,,,,
4,2025-09-28 00:00:00,4:25 PM,CHI,LV,Away,,7,False,False,True,False,False,False,,,,0.5260865852617197,,,,Low,,-122.0,-1.5,0.5260865852617197,,,,,,,,
4,2025-09-28 00:00:00,8:20 PM,GB,DAL,Away,,7,False,False,True,False,False,False,,,,0.5324675324675325,,,,Low,,-125.0,-1.5,0.5324675324675325,,,,,,,,
4,2025-09-29 00:00:00,7:15 PM,NYJ,MIA,Away,,8,False,False,True,False,False,False,,,,,,,,Low,,,,,,,,,,,,
4,2025-09-29 00:00:00,8:15 PM,CIN,DEN,Away,,8,False,False,True,False,False,False,,,,0.4365079365079364,,,,Low,,120.0,2.5,0.4365079365079364,,,,,,,,
5,2025-10-02 00:00:00,8:15 PM,SF,LAR,Away,,4,False,False,True,False,False,False,,,,,,,,Low,,,,,,,,,,,,
5,2025-10-05 00:00:00,9:30 AM,MIN,CLE,Away,,7,False,False,True,False,False,False,,,,0.7388632872503841,,,,Low,,-325.0,-6.75,0.7388632872503841,,,,,,,,
5,2025-10-05 00:00:00,1:00 PM,MIA,CAR,Away,,5,False,False,True,False,False,False,,,,0.5324675324675325,,,,Low,,-125.0,-1.5,0.5324675324675325,,,,,,,,
5,2025-10-05 00:00:00,1:00 PM,LV,IND,Away,,6,False,False,True,False,False,False,,,,0.4675324675324675,,,,Low,,105.0,1.5,0.4675324675324675,,,,,,,,
5,2025-10-05 00:00:00,1:00 PM,NYG,NO,Away,,7,False,False,True,False,False,False,,,,0.5324675324675325,,,,Low,,-125.0,-1.5,0.5324675324675325,,,,,,,,
5,2025-10-05 00:00:00,1:00 PM,DAL,NYJ,Away,,6,False,False,True,False,False,False,,,,0.551441114716549,,,,Low,,-135.0,-2.5,0.551441114716549,,,,,,,,
5,2025-10-05 00:00:00,1:00 PM,DEN,PHI,Away,,5,False,False,True,False,False,False,,,,0.3425247738043946,,,,Low,,180.0,4.5,0.3425247738043946,,,,,,,,
5,2025-10-05 00:00:00,1:00 PM,HOU,BAL,Away,,7,False,False,True,False,False,False,,,,0.2491874322860238,,,,Low,,285.0,7.5,0.2491874322860238,,,,,,,,
5,2025-10-05 00:00:00,4:05 PM,TEN,ARI,Away,,7,False,False,True,False,False,False,,,,0.3249687530045188,,,,Low,,195.0,5.5,0.3249687530045188,,,,,,,,
5,2025-10-05 00:00:00,4:05 PM,TB,SEA,Away,,7,False,False,True,False,False,False,,,,0.5324675324675325,,,,Low,,-125.0,-1.5,0.5324675324675325,,,,,,,,
5,2025-10-05 00:00:00,4:25 PM,DET,CIN,Away,,7,False,False,True,False,False,False,,,,0.5260865852617197,,,,Low,,-122.0,-1.5,0.5260865852617197,,,,,,,,
5,2025-10-05 00:00:00,4:25 PM,WSH,LAC,Away,,7,False,False,True,False,False,False,,,,,,,,Low,,,,,,,,,,,,
5,2025-10-05 00:00:00,8:20 PM,NE,BUF,Away,,7,False,False,True,False,False,False,,,,,,,,Low,,,,,,,,,,,,
5,2025-10-06 00:00:00,8:15 PM,KC,JAX,Away,,8,False,False,True,False,False,False,,,,0.644729178800233,,,,Low,,-205.0,-4.5,0.644729178800233,,,,,,,,
6,2025-10-09 00:00:00,8:15 PM,PHI,NYG,Away,,4,False,False,True,False,False,False,,,,,,,,Low,,,,,,,,,,,,
6,2025-10-12 00:00:00,9:30 AM,DEN,NYJ,Away,,6,False,False,True,False,False,False,,,,0.729871952289072,,,,Low,,-285.0,-6.5,0.729871952289072,,,,,,,,
6,2025-10-12 00:00:00,1:00 PM,DAL,CAR,Away,,7,False,False,True,False,False,False,,,,0.5324675324675325,,,,Low,,-125.0,-1.5,0.5324675324675325,,,,,,,,
6,2025-10-12 00:00:00,1:00 PM,ARI,IND,Away,,6,False,False,True,False,False,False,,,,0.5324675324675325,,,,Low,,-125.0,-1.5,0.5324675324675325,,,,,,,,
6,2025-10-12 00:00:00,1:00 PM,SEA,JAX,Away,,6,False,False,True,False,False,False,,,,0.4675324675324675,,,,Low,,105.0,1.5,0.4675324675324675,,,,,,,,
6,2025-10-12 00:00:00,1:00 PM,LAC,MIA,Away,,6,False,False,True,False,False,False,,,,0.5634920634920635,,,,Low,,-142.0,-2.5,0.5634920634920635,,,,,,,,
6,2025-10-12 00:00:00,1:00 PM,CLE,PIT,Away,,7,False,False,True,False,False,False,,,,,,,,Low,,,,,,,,,,,,
6,2025-10-12 00:00:00,1:00 PM,LAR,BAL,Away,,9,False,False,True,False,False,False,,,,0.3194444444444444,,,,Low,,200.0,5.5,0.3194444444444444,,,,,,,,
6,2025-10-12 00:00:00,1:00 PM,SF,TB,Away,,9,False,False,True,False,False,False,,,,0.4572564612326044,,,,Low,,110.0,1.5,0.4572564612326044,,,,,,,,
6,2025-10-12 00:00:00,4:05 PM,TEN,LV,Away,,7,False,False,True,False,False,False,,,,0.3907637655417407,,,,Low,,145.0,3.0,0.3907637655417407,,,,,,,,
6,2025-10-12 00:00:00,4:25 PM,CIN,GB,Away,,7,False,False,True,False,False,False,,,,0.4066302458405761,,,,Low,,136.0,3.0,0.4066302458405761,,,,,,,,
6,2025-10-12 00:00:00,4:25 PM,NE,NO,Away,,6,False,False,True,False,False,False,,,,0.5996387718242023,,,,Low,,-166.0,-3.0,0.5996387718242023,,,,,,,,
6,2025-10-12 00:00:00,8:20 PM,DET,KC,Away,,7,False,False,True,False,False,False,,,,0.4170073589533933,,,,Low,,130.0,2.75,0.4170073589533933,,,,,,,,
6,2025-10-13 00:00:00,7:15 PM,BUF,ATL,Away,,7,False,False,True,False,False,False,,,,0.6750312469954812,,,,Low,,-238.0,-5.5,0.6750312469954812,,,,,,,,
6,2025-10-13 00:00:00,8:15 PM,CHI,WSH,Away,,14,False,False,True,False,False,False,,,,,,,,Low,,,,,,,,,,,,
7,2025-10-16 00:00:00,8:15 PM,PIT,CIN,Away,,4,False,False,True,False,False,False,,,,,,,,Low,,,,,,,,,,,,
7,2025-10-19 00:00:00,9:30 AM,LAR,JAX,Away,,6,False,False,True,False,False,False,,,,0.6349897540983607,,,,Low,,-185.0,-3.5,0.6349897540983607,,,,,,,,
7,2025-10-19 00:00:00,1:00 PM,NO,CHI,Away,,6,False,False,True,False,False,False,,,,0.2559309849029475,,,,Low,,275.0,7.5,0.2559309849029475,,,,,,,,
7,2025-10-19 00:00:00,1:00 PM,MIA,CLE,Away,,7,False,False,True,False,False,False,,,,0.5324675324675325,,,,Low,,-125.0,-1.5,0.5324675324675325,,,,,,,,
7,2025-10-19 00:00:00,1:00 PM,LV,KC,Away,,6,False,False,True,False,False,False,,,,,,,,Low,,,,,,,,,,,,
7,2025-10-19 00:00:00,1:00 PM,PHI,MIN,Away,,9,False,False,True,False,False,False,,,,0.5996387718242023,,,,Low,,-166.0,-3.0,0.5996387718242023,,,,,,,,
7,2025-10-19 00:00:00,1:00 PM,CAR,NYJ,Away,,7,False,False,True,False,False,False,,,,0.4675324675324675,,,,Low,,105.0,1.5,0.4675324675324675,,,,,,,,
7,2025-10-19 00:00:00,1:00 PM,NE,TEN,Away,,6,False,False,True,False,False,False,,,,0.5324675324675325,,,,Low,,-125.0,-1.5,0.5324675324675325,,,,,,,,
7,2025-10-19 00:00:00,4:05 PM,NYG,DEN,Away,,9,False,False,True,False,False,False,,,,0.2522172949002217,,,,Low,,280.0,7.5,0.2522172949002217,,,,,,,,
7,2025-10-19 00:00:00,4:05 PM,IND,LAC,Away,,7,False,False,True,False,False,False,,,,0.3092071169459319,,,,Low,,210.0,6.0,0.3092071169459319,,,,,,,,
7,2025-10-19 00:00:00,4:25 PM,GB,ARI,Away,,7,False,False,True,False,False,False,,,,0.5260865852617197,,,,Low,,-122.0,-1.5,0.5260865852617197,,,,,,,,
7,2025-10-19 00:00:00,4:25 PM,WSH,DAL,Away,,5,False,False,True,False,False,False,,,,,,,,Low,,,,,,,,,,,,
7,2025-10-19 00:00:00,8:20 PM,ATL,SF,Away,,6,False,False,True,False,False,False,,,,0.2904564315352697,,,,Low,,230.0,6.5,0.2904564315352697,,,,,,,,
7,2025-10-20 00:00:00,7:00 PM,TB,DET,Away,,8,False,False,True,False,False,False,,,,0.3630958183058778,,,,Low,,164.0,3.5,0.3630958183058778,,,,,,,,
7,2025-10-20 00:00:00,10:00 PM,HOU,SEA,Away,,14,False,False,True,False,False,False,,,,0.4675324675324675,,,,Low,,105.0,1.5,0.4675324675324675,,,,,,,,
8,2025-10-23 00:00:00,8:15 PM,MIN,LAC,Away,,4,False,False,True,False,False,False,,,,0.4170073589533933,,,,Low,,130.0,3.0,0.4170073589533933,,,,,,,,
8,2025-10-26 00:00:00,1:00 PM,MIA,ATL,Away,,7,False,False,True,False,False,False,,,,0.4675324675324675,,,,Low,,105.0,1.5,0.4675324675324675,,,,,,,,
8,2025-10-26 00:00:00,1:00 PM,BUF,CAR,Away,,12,False,False,True,False,False,False,,,,0.7335423197492164,,,,Low,,-325.0,-7.0,0.7335423197492164,,,,,,,,
8,2025-10-26 00:00:00,1:00 PM,NYJ,CIN,Away,,7,False,False,True,False,False,False,,,,0.2522172949002217,,,,Low,,280.0,7.5,0.2522172949002217,,,,,,,,
8,2025-10-26 00:00:00,1:00 PM,SF,HOU,Away,,6,False,False,True,False,False,False,,,,0.5324675324675325,,,,Low,,-125.0,-1.5,0.5324675324675325,,,,,,,,
8,2025-10-26 00:00:00,1:00 PM,CLE,NE,Away,,7,False,False,True,False,False,False,,,,0.3249687530045188,,,,Low,,195.0,5.5,0.3249687530045188,,,,,,,,
8,2025-10-26 00:00:00,1:00 PM,NYG,PHI,Away,,6,False,False,True,False,False,False,,,,,,,,Low,,,,,,,,,,,,
8,2025-10-26 00:00:00,1:00 PM,CHI,BAL,Away,,7,False,False,True,False,False,False,,,,0.2664576802507837,,,,Low,,260.0,7.0,0.2664576802507837,,,,,,,,
8,2025-10-26 00:00:00,4:05 PM,TB,NO,Away,,5,False,False,True,False,False,False,,,,,,,,Low,,,,,,,,,,,,
8,2025-10-26 00:00:00,4:25 PM,TEN,IND,Away,,7,False,False,True,False,False,False,,,,,,,,Low,,,,,,,,,,,,
8,2025-10-26 00:00:00,4:25 PM,DAL,DEN,Away,,7,False,False,True,False,False,False,,,,0.3425247738043946,,,,Low,,180.0,4.5,0.3425247738043946,,,,,,,,
8,2025-10-26 00:00:00,8:20 PM,GB,PIT,Away,,7,False,False,True,False,False,False,,,,0.5324675324675325,,,,Low,,-125.0,-1.5,0.5324675324675325,,,,,,,,
8,2025-10-27 00:00:00,8:15 PM,WSH,KC,Away,,8,False,False,True,False,False,False,,,,,,,,Low,,,,,,,,,,,,
9,2025-10-30 00:00:00,8:15 PM,BAL,MIA,Away,,4,False,False,True,False,False,False,,,,0.6805555555555556,,,,Low,,-245.0,-5.5,0.6805555555555556,,,,,,,,
9,2025-11-02 00:00:00,1:00 PM,CHI,CIN,Away,,7,False,False,True,False,False,False,,,,0.3962430290578221,,,,Low,,142.0,3.0,0.3962430290578221,,,,,,,,
9,2025-11-02 00:00:00,1:00 PM,MIN,DET,Away,,9,False,False,True,False,False,False,,,,,,,,Low,,,,,,,,,,,,
9,2025-11-02 00:00:00,1:00 PM,CAR,GB,Away,,7,False,False,True,False,False,False,,,,0.2491874322860238,,,,Low,,285.0,7.5,0.2491874322860238,,,,,,,,
9,2025-11-02 00:00:00,1:00 PM,DEN,HOU,Away,,6,False,False,True,False,False,False,,,,0.5217391304347826,,,,Low,,-120.0,-1.5,0.5217391304347826,,,,,,,,
9,2025-11-02 00:00:00,1:00 PM,ATL,NE,Away,,7,False,False,True,False,False,False,,,,0.4003612281757977,,,,Low,,140.0,3.0,0.4003612281757977,,,,,,,,
9,2025-11-02 00:00:00,1:00 PM,SF,NYG,Away,,7,False,False,True,False,False,False,,,,0.6309403437815976,,,,Low,,-192.0,-3.5,0.6309403437815976,,,,,,,,
9,2025-11-02 00:00:00,1:00 PM,LAC,TEN,Away,,9,False,False,True,False,False,False,,,,0.6574752261956054,,,,Low,,-218.0,-4.5,0.6574752261956054,,,,,,,,
9,2025-11-02 00:00:00,1:00 PM,IND,PIT,Away,,6,False,False,True,False,False,False,,,,0.3775334481388264,,,,Low,,154.0,3.5,0.3775334481388264,,,,,,,,
9,2025-11-02 00:00:00,4:05 PM,JAX,LV,Away,,14,False,False,True,False,False,False,,,,0.4675324675324675,,,,Low,,105.0,1.5,0.4675324675324675,,,,,,,,
9,2025-11-02 00:00:00,4:05 PM,NO,LAR,Away,,7,False,False,True,False,False,False,,,,0.2180936995153473,,,,Low,,340.0,9.5,0.2180936995153473,,,,,,,,
9,2025-11-02 00:00:00,4:25 PM,KC,BUF,Away,,5,False,False,True,False,False,False,,,,0.4279403644395361,,,,Low,,124.0,2.5,0.4279403644395361,,,,,,,,
9,2025-11-02 00:00:00,8:20 PM,SEA,WSH,Away,,12,False,False,True,False,False,False,,,,,,,,Low,,,,,,,,,,,,
9,2025-11-03 00:00:00,8:15 PM,ARI,DAL,Away,,14,False,False,True,False,False,False,,,,0.4675324675324675,,,,Low,,105.0,1.5,0.4675324675324675,,,,,,,,
10,2025-11-06 00:00:00,8:15 PM,LV,DEN,Away,,4,False,False,True,False,False,False,,,,,,,,Low,,,,,,,,,,,,
10,2025-11-09 00:00:00,9:30 AM,ATL,IND,Away,,6,False,False,True,False,False,False,,,,0.5168539325842696,,,,Low,,-115.0,-1.5,0.5168539325842696,,,,,,,,
10,2025-11-09 00:00:00,1:00 PM,NO,CAR,Away,,6,False,False,True,False,False,False,,,,,,,,Low,,,,,,,,,,,,
10,2025-11-09 00:00:00,1:00 PM,NYG,CHI,Away,,7,False,False,True,False,False,False,,,,0.3309929789368104,,,,Low,,190.0,5.5,0.3309929789368104,,,,,,,,
10,2025-11-09 00:00:00,1:00 PM,JAX,HOU,Away,,6,False,False,True,False,False,False,,,,,,,,Low,,,,,,,,,,,,
10,2025-11-09 00:00:00,1:00 PM,BUF,MIA,Away,,6,False,False,True,False,False,False,,,,,,,,Low,,,,,,,,,,,,
10,2025-11-09 00:00:00,1:00 PM,BAL,MIN,Away,,9,False,False,True,False,False,False,,,,0.6224665518611737,,,,Low,,-185.0,-3.5,0.6224665518611737,,,,,,,,
10,2025-11-09 00:00:00,1:00 PM,CLE,NYJ,Away,,14,False,False,True,False,False,False,,,,0.4365079365079364,,,,Low,,120.0,2.5,0.4365079365079364,,,,,,,,
10,2025-11-09 00:00:00,1:00 PM,NE,TB,Away,,7,False,False,True,False,False,False,,,,0.3363518758085381,,,,Low,,185.0,4.5,0.3363518758085381,,,,,,,,
10,2025-11-09 00:00:00,4:05 PM,ARI,SEA,Away,,5,False,False,True,False,False,False,,,,,,,,Low,,,,,,,,,,,,
10,2025-11-09 00:00:00,4:25 PM,LAR,SF,Away,,7,False,False,True,False,False,False,,,,,,,,Low,,,,,,,,,,,,
10,2025-11-09 00:00:00,4:25 PM,DET,WSH,Away,,7,False,False,True,False,False,False,,,,,,,,Low,,,,,,,,,,,,
10,2025-11-09 00:00:00,8:20 PM,PIT,LAC,Away,,7,False,False,True,False,False,False,,,,0.3425247738043946,,,,Low,,180.0,4.5,0.3425247738043946,,,,,,,,
10,2025-11-10 00:00:00,8:15 PM,PHI,GB,Away,,14,False,False,True,False,False,False,,,,0.5324675324675325,,,,Low,,-125.0,-1.5,0.5324675324675325,,,,,,,,
11,2025-11-13 00:00:00,8:15 PM,NYJ,NE,Away,,4,False,False,True,False,False,False,,,,,,,,Low,,,,,,,,,,,,
11,2025-11-16 00:00:00,9:30 AM,WSH,MIA,Away,,6,False,False,True,False,False,False,,,,,,,,Low,,,,,,,,,,,,
11,2025-11-16 00:00:00,1:00 PM,CAR,ATL,Away,,7,False,False,True,False,False,False,,,,,,,,Low,,,,,,,,,,,,
11,2025-11-16 00:00:00,1:00 PM,TB,BUF,Away,,7,False,False,True,False,False,False,,,,0.3249687530045188,,,,Low,,195.0,5.5,0.3249687530045188,,,,,,,,
11,2025-11-16 00:00:00,1:00 PM,LAC,JAX,Away,,6,False,False,True,False,False,False,,,,0.5324675324675325,,,,Low,,-125.0,-1.5,0.5324675324675325,,,,,,,,
11,2025-11-16 00:00:00,1:00 PM,CHI,MIN,Away,,7,False,False,True,False,False,False,,,,,,,,Low,,,,,,,,,,,,
11,2025-11-16 00:00:00,1:00 PM,GB,NYG,Away,,5,False,False,True,False,False,False,,,,0.644729178800233,,,,Low,,-205.0,-4.5,0.644729178800233,,,,,,,,
11,2025-11-16 00:00:00,1:00 PM,HOU,TEN,Away,,7,False,False,True,False,False,False,,,,,,,,Low,,,,,,,,,,,,
11,2025-11-16 00:00:00,1:00 PM,CIN,PIT,Away,,14,False,False,True,False,False,False,,,,,,,,Low,,,,,,,,,,,,
11,2025-11-16 00:00:00,4:05 PM,SF,ARI,Away,,6,False,False,True,False,False,False,,,,,,,,Low,,,,,,,,,,,,
11,2025-11-16 00:00:00,4:05 PM,SEA,LAR,Away,,7,False,False,True,False,False,False,,,,,,,,Low,,,,,,,,,,,,
11,2025-11-16 00:00:00,4:25 PM,BAL,CLE,Away,,7,False,False,True,False,False,False,,,,,,,,Low,,,,,,,,,,,,
11,2025-11-16 00:00:00,4:25 PM,KC,DEN,Away,,14,False,False,True,False,False,False,,,,,,,,Low,,,,,,,,,,,,
11,2025-11-16 00:00:00,8:20 PM,DET,PHI,Away,,7,False,False,True,False,False,False,,,,0.3690596562184025,,,,Low,,160.0,3.5,0.3690596562184025,,,,,,,,
11,2025-11-17 00:00:00,8:15 PM,DAL,LV,Away,,14,False,False,True,False,False,False,,,,0.5324675324675325,,,,Low,,-125.0,-1.5,0.5324675324675325,,,,,,,,
12,2025-11-20 00:00:00,8:15 PM,BUF,HOU,Away,,4,False,False,True,False,False,False,,,,0.6224665518611737,,,,Low,,-185.0,-3.5,0.6224665518611737,,,,,,,,
12,2025-11-23 00:00:00,1:00 PM,PIT,CHI,Away,,7,False,False,True,False,False,False,,,,0.448558885283451,,,,Low,,114.0,2.5,0.448558885283451,,,,,,,,
12,2025-11-23 00:00:00,1:00 PM,NE,CIN,Away,,9,False,False,True,False,False,False,,,,0.3363518758085381,,,,Low,,185.0,4.5,0.3363518758085381,,,,,,,,
12,2025-11-23 00:00:00,1:00 PM,NYG,DET,Away,,7,False,False,True,False,False,False,,,,0.2284946236559139,,,,Low,,320.0,8.5,0.2284946236559139,,,,,,,,
12,2025-11-23 00:00:00,1:00 PM,MIN,GB,Away,,7,False,False,True,False,False,False,,,,,,,,Low,,,,,,,,,,,,
12,2025-11-23 00:00:00,1:00 PM,IND,KC,Away,,14,False,False,True,False,False,False,,,,0.2180936995153473,,,,Low,,340.0,9.5,0.2180936995153473,,,,,,,,
12,2025-11-23 00:00:00,1:00 PM,SEA,TEN,Away,,6,False,False,True,False,False,False,,,,0.5324675324675325,,,,Low,,-125.0,-1.5,0.5324675324675325,,,,,,,,
12,2025-11-23 00:00:00,1:00 PM,NYJ,BAL,Away,,9,False,False,True,False,False,False,,,,0.1776649746192893,,,,Low,,440.0,11.5,0.1776649746192893,,,,,,,,
12,2025-11-23 00:00:00,4:05 PM,JAX,ARI,Away,,7,False,False,True,False,False,False,,,,0.4066302458405761,,,,Low,,136.0,3.0,0.4066302458405761,,,,,,,,
12,2025-11-23 00:00:00,4:05 PM,CLE,LV,Away,,6,False,False,True,False,False,False,,,,0.3775334481388264,,,,Low,,154.0,3.5,0.3775334481388264,,,,,,,,
12,2025-11-23 00:00:00,4:25 PM,PHI,DAL,Away,,6,False,False,True,False,False,False,,,,,,,,Low,,,,,,,,,,,,
12,2025-11-23 00:00:00,4:25 PM,ATL,NO,Away,,7,False,False,True,False,False,False,,,,,,,,Low,,,,,,,,,,,,
12,2025-11-23 00:00:00,8:20 PM,TB,LAR,Away,,7,False,False,True,False,False,False,,,,0.4279403644395361,,,,Low,,124.0,2.5,0.4279403644395361,,,,,,,,
12,2025-11-24 00:00:00,8:15 PM,CAR,SF,Away,,8,False,False,True,False,False,False,,,,0.2742474916387959,,,,Low,,250.0,7.0,0.2742474916387959,,,,,,,,
13,2025-11-27 00:00:00,1:00 PM,GB,DET,Away,Thanksgiving,4,False,False,True,False,False,False,,,,,,,,Low,,,,,,,,,,,,
13,2025-11-27 00:00:00,4:30 PM,KC,DAL,Away,Thanksgiving,4,False,False,True,False,False,False,,,,0.6805555555555556,,,,Low,,-245.0,-5.5,0.6805555555555556,,,,,,,,
13,2025-11-27 00:00:00,8:20 PM,CIN,BAL,Away,Thanksgiving,4,False,False,True,False,False,False,,,,,,,,Low,,,,,,,,,,,,
13,2025-11-28 00:00:00,3:00 PM,CHI,PHI,Away,Thanksgiving,5,False,False,True,False,False,False,,,,0.2664576802507837,,,,Low,,260.0,7.0,0.2664576802507837,,,,,,,,
13,2025-11-30 00:00:00,1:00 PM,LAR,CAR,Away,,6,False,False,True,False,False,False,,,,0.6224665518611737,,,,Low,,-185.0,-3.5,0.6224665518611737,,,,,,,,
13,2025-11-30 00:00:00,1:00 PM,SF,CLE,Away,,5,False,False,True,False,False,False,,,,0.690792883054068,,,,Low,,-258.0,-6.0,0.690792883054068,,,,,,,,
13,2025-11-30 00:00:00,1:00 PM,HOU,IND,Away,,9,False,False,True,False,False,False,,,,,,,,Low,,,,,,,,,,,,
13,2025-11-30 00:00:00,1:00 PM,NO,MIA,Away,,6,False,False,True,False,False,False,,,,0.3092071169459319,,,,Low,,210.0,6.0,0.3092071169459319,,,,,,,,
13,2025-11-30 00:00:00,1:00 PM,ATL,NYJ,Away,,6,False,False,True,False,False,False,,,,0.5324675324675325,,,,Low,,-125.0,-1.5,0.5324675324675325,,,,,,,,
13,2025-11-30 00:00:00,1:00 PM,JAX,TEN,Away,,6,False,False,True,False,False,False,,,,,,,,Low,,,,,,,,,,,,
13,2025-11-30 00:00:00,1:00 PM,ARI,TB,Away,,6,False,False,True,False,False,False,,,,0.3775334481388264,,,,Low,,154.0,3.5,0.3775334481388264,,,,,,,,
13,2025-11-30 00:00:00,4:05 PM,MIN,SEA,Away,,7,False,False,True,False,False,False,,,,0.4739134147382802,,,,Low,,102.0,1.5,0.4739134147382802,,,,,,,,
13,2025-11-30 00:00:00,4:25 PM,BUF,PIT,Away,,9,False,False,True,False,False,False,,,,0.6574752261956054,,,,Low,,-218.0,-4.5,0.6574752261956054,,,,,,,,
13,2025-11-30 00:00:00,4:25 PM,LV,LAC,Away,,7,False,False,True,False,False,False,,,,,,,,Low,,,,,,,,,,,,
13,2025-11-30 00:00:00,8:20 PM,DEN,WSH,Away,,14,False,False,True,False,False,False,,,,,,,,Low,,,,,,,,,,,,
13,2025-12-01 00:00:00,8:15 PM,NYG,NE,Away,,8,False,False,True,False,False,False,,,,0.4003612281757977,,,,Low,,140.0,3.0,0.4003612281757977,,,,,,,,
14,2025-12-04 00:00:00,8:15 PM,DAL,DET,Away,,7,False,False,True,False,False,False,,,,0.3042300479266513,,,,Low,,215.0,6.0,0.3042300479266513,,,,,,,,
14,2025-12-07 00:00:00,1:00 PM,SEA,ATL,Away,,6,False,False,True,False,False,False,,,,0.4675324675324675,,,,Low,,105.0,1.5,0.4675324675324675,,,,,,,,
14,2025-12-07 00:00:00,1:00 PM,TEN,CLE,Away,,7,False,False,True,False,False,False,,,,0.4675324675324675,,,,Low,,105.0,1.5,0.4675324675324675,,,,,,,,
14,2025-12-07 00:00:00,1:00 PM,CHI,GB,Away,,8,False,False,True,False,False,False,,,,,,,,Low,,,,,,,,,,,,
14,2025-12-07 00:00:00,1:00 PM,IND,JAX,Away,,7,False,False,True,False,False,False,,,,,,,,Low,,,,,,,,,,,,
14,2025-12-07 00:00:00,1:00 PM,WSH,MIN,Away,,6,False,False,True,False,False,False,,,,,,,,Low,,,,,,,,,,,,
14,2025-12-07 00:00:00,1:00 PM,MIA,NYJ,Away,,7,False,False,True,False,False,False,,,,,,,,Low,,,,,,,,,,,,
14,2025-12-07 00:00:00,1:00 PM,PIT,BAL,Away,,6,False,False,True,False,False,False,,,,,,,,Low,,,,,,,,,,,,
14,2025-12-07 00:00:00,1:00 PM,NO,TB,Away,,7,False,False,True,False,False,False,,,,,,,,Low,,,,,,,,,,,,
14,2025-12-07 00:00:00,4:05 PM,DEN,LV,Away,,6,False,False,True,False,False,False,,,,,,,,Low,,,,,,,,,,,,
14,2025-12-07 00:00:00,4:25 PM,CIN,BUF,Away,,9,False,False,True,False,False,False,,,,0.3249687530045188,,,,Low,,195.0,5.5,0.3249687530045188,,,,,,,,
14,2025-12-07 00:00:00,4:25 PM,LAR,ARI,Away,,7,False,False,True,False,False,False,,,,,,,,Low,,,,,,,,,,,,
14,2025-12-07 00:00:00,8:20 PM,HOU,KC,Away,,7,False,False,True,False,False,False,,,,0.2949668357393679,,,,Low,,225.0,6.5,0.2949668357393679,,,,,,,,
14,2025-12-08 00:00:00,8:15 PM,PHI,LAC,Away,,10,False,False,True,False,False,False,,,,0.551441114716549,,,,Low,,-135.0,-2.5,0.551441114716549,,,,,,,,
15,2025-12-11 00:00:00,8:15 PM,ATL,TB,Away,,4,False,False,True,False,False,False,,,,,,,,Low,,,,,,,,,,,,
15,2025-12-14 00:00:00,1:00 PM,CLE,CHI,Away,,7,False,False,True,False,False,False,,,,0.2742474916387959,,,,Low,,250.0,7.0,0.2742474916387959,,,,,,,,
15,2025-12-14 00:00:00,1:00 PM,BAL,CIN,Away,,7,False,False,True,False,False,False,,,,,,,,Low,,,,,,,,,,,,
15,2025-12-14 00:00:00,1:00 PM,ARI,HOU,Away,,6,False,False,True,False,False,False,,,,0.448558885283451,,,,Low,,114.0,2.5,0.448558885283451,,,,,,,,
15,2025-12-14 00:00:00,1:00 PM,NYJ,JAX,Away,,7,False,False,True,False,False,False,,,,0.355270821199767,,,,Low,,170.0,4.5,0.355270821199767,,,,,,,,
15,2025-12-14 00:00:00,1:00 PM,LAC,KC,Away,,5,False,False,True,False,False,False,,,,,,,,Low,,,,,,,,,,,,
15,2025-12-14 00:00:00,1:00 PM,BUF,NE,Away,,6,False,False,True,False,False,False,,,,,,,,Low,,,,,,,,,,,,
15,2025-12-14 00:00:00,1:00 PM,WSH,NYG,Away,,7,False,False,True,False,False,False,,,,,,,,Low,,,,,,,,,,,,
15,2025-12-14 00:00:00,1:00 PM,LV,PHI,Away,,6,False,False,True,False,False,False,,,,0.1918429003021148,,,,Low,,400.0,10.5,0.1918429003021148,,,,,,,,
15,2025-12-14 00:00:00,4:25 PM,GB,DEN,Away,,7,False,False,True,False,False,False,,,,0.4675324675324675,,,,Low,,105.0,1.5,0.4675324675324675,,,,,,,,
15,2025-12-14 00:00:00,4:25 PM,CAR,NO,Away,,14,False,False,True,False,False,False,,,,,,,,Low,,,,,,,,,,,,
15,2025-12-14 00:00:00,4:25 PM,DET,LAR,Away,,9,False,False,True,False,False,False,,,,0.5260865852617197,,,,Low,,-122.0,-1.5,0.5260865852617197,,,,,,,,
15,2025-12-14 00:00:00,4:25 PM,IND,SEA,Away,,7,False,False,True,False,False,False,,,,0.3775334481388264,,,,Low,,154.0,3.5,0.3775334481388264,,,,,,,,
15,2025-12-14 00:00:00,4:25 PM,TEN,SF,Away,,7,False,False,True,False,False,False,,,,0.2522172949002217,,,,Low,,280.0,7.5,0.2522172949002217,,,,,,,,
15,2025-12-14 00:00:00,8:20 PM,MIN,DAL,Away,,7,False,False,True,False,False,False,,,,0.5260865852617197,,,,Low,,-122.0,-1.5,0.5260865852617197,,,,,,,,
15,2025-12-15 00:00:00,8:15 PM,MIA,PIT,Away,,8,False,False,True,False,False,False,,,,0.4066302458405761,,,,Low,,136.0,3.0,0.4066302458405761,,,,,,,,
16,2025-12-18 00:00:00,8:15 PM,LAR,SEA,Away,,4,False,False,True,False,False,False,,,,,,,,Low,,,,,,,,,,,,
16,2025-12-20 00:00:00,1:00 PM,GB,CHI,Away,,5,False,False,True,False,False,False,,,,,,,,Low,,,,,,,,,,,,
16,2025-12-20 00:00:00,1:00 PM,PHI,WSH,Away,,6,False,False,True,False,False,False,,,,,,,,Low,,,,,,,,,,,,
16,2025-12-21 00:00:00,1:00 PM,TB,CAR,Away,,9,False,False,True,False,False,False,,,,,,,,Low,,,,,,,,,,,,
16,2025-12-21 00:00:00,1:00 PM,BUF,CLE,Away,,7,False,False,True,False,False,False,,,,0.7659021045164341,,,,Low,,-395.0,-8.5,0.7659021045164341,,,,,,,,
16,2025-12-21 00:00:00,1:00 PM,LAC,DAL,Away,,7,False,False,True,False,False,False,,,,0.5260865852617197,,,,Low,,-122.0,-1.5,0.5260865852617197,,,,,,,,
16,2025-12-21 00:00:00,1:00 PM,NYJ,NO,Away,,7,False,False,True,False,False,False,,,,0.4675324675324675,,,,Low,,105.0,1.5,0.4675324675324675,,,,,,,,
16,2025-12-21 00:00:00,1:00 PM,MIN,NYG,Away,,6,False,False,True,False,False,False,,,,0.551441114716549,,,,Low,,-135.0,-2.5,0.551441114716549,,,,,,,,
16,2025-12-21 00:00:00,1:00 PM,KC,TEN,Away,,7,False,False,True,False,False,False,,,,0.725752508361204,,,,Low,,-310.0,-7.0,0.725752508361204,,,,,,,,
16,2025-12-21 00:00:00,1:00 PM,NE,BAL,Away,,7,False,False,True,False,False,False,,,,0.2340978954835658,,,,Low,,310.0,8.5,0.2340978954835658,,,,,,,,
16,2025-12-21 00:00:00,4:05 PM,ATL,ARI,Away,,9,False,False,True,False,False,False,,,,0.3775334481388264,,,,Low,,154.0,3.5,0.3775334481388264,,,,,,,,
16,2025-12-21 00:00:00,4:05 PM,JAX,DEN,Away,,7,False,False,True,False,False,False,,,,0.3249687530045188,,,,Low,,195.0,5.5,0.3249687530045188,,,,,,,,
16,2025-12-21 00:00:00,4:25 PM,PIT,DET,Away,,5,False,False,True,False,False,False,,,,0.3092071169459319,,,,Low,,210.0,6.0,0.3092071169459319,,,,,,,,
16,2025-12-21 00:00:00,4:25 PM,LV,HOU,Away,,7,False,False,True,False,False,False,,,,0.3425247738043946,,,,Low,,180.0,4.5,0.3425247738043946,,,,,,,,
16,2025-12-21 00:00:00,8:20 PM,CIN,MIA,Away,,7,False,False,True,False,False,False,,,,0.5260865852617197,,,,Low,,-122.0,-1.5,0.5260865852617197,,,,,,,,
16,2025-12-22 00:00:00,8:15 PM,SF,IND,Away,,8,False,False,True,False,False,False,,,,0.5996387718242023,,,,Low,,-166.0,-3.0,0.5996387718242023,,,,,,,,
17,2025-12-25 00:00:00,1:00 PM,DAL,WSH,Away,Christmas,4,False,False,True,False,False,False,,,,,,,,Low,,,,,,,,,,,,
17,2025-12-25 00:00:00,4:30 PM,DET,MIN,Away,Christmas,4,False,False,True,False,False,False,,,,,,,,Low,,,,,,,,,,,,
17,2025-12-25 00:00:00,8:15 PM,DEN,KC,Away,Christmas,4,False,False,True,False,False,False,,,,,,,,Low,,,,,,,,,,,,
17,2025-12-28 00:00:00,1:00 PM,SEA,CAR,Away,,9,False,False,True,False,False,False,,,,0.5324675324675325,,,,Low,,-125.0,-1.5,0.5324675324675325,,,,,,,,
17,2025-12-28 00:00:00,1:00 PM,ARI,CIN,Away,,6,False,False,True,False,False,False,,,,0.3775334481388264,,,,Low,,154.0,3.5,0.3775334481388264,,,,,,,,
17,2025-12-28 00:00:00,1:00 PM,PIT,CLE,Away,,6,False,False,True,False,False,False,,,,,,,,Low,,,,,,,,,,,,
17,2025-12-28 00:00:00,1:00 PM,JAX,IND,Away,,6,False,False,True,False,False,False,,,,,,,,Low,,,,,,,,,,,,
17,2025-12-28 00:00:00,1:00 PM,BAL,GB,Away,,7,False,False,True,False,False,False,,,,0.5324675324675325,,,,Low,,-125.0,-1.5,0.5324675324675325,,,,,,,,
17,2025-12-28 00:00:00,1:00 PM,TB,MIA,Away,,7,False,False,True,False,False,False,,,,0.5260865852617197,,,,Low,,-122.0,-1.5,0.5260865852617197,,,,,,,,
17,2025-12-28 00:00:00,1:00 PM,NE,NYJ,Away,,7,False,False,True,False,False,False,,,,,,,,Low,,,,,,,,,,,,
17,2025-12-28 00:00:00,1:00 PM,NO,TEN,Away,,7,False,False,True,False,False,False,,,,0.3907637655417407,,,,Low,,145.0,3.5,0.3907637655417407,,,,,,,,
17,2025-12-28 00:00:00,1:00 PM,NYG,LV,Away,,7,False,False,True,False,False,False,,,,0.448558885283451,,,,Low,,114.0,2.5,0.448558885283451,,,,,,,,
17,2025-12-28 00:00:00,1:00 PM,HOU,LAC,Away,,6,False,False,True,False,False,False,,,,0.3775334481388264,,,,Low,,154.0,3.5,0.3775334481388264,,,,,,,,
17,2025-12-28 00:00:00,4:25 PM,PHI,BUF,Away,,8,False,False,True,False,False,False,,,,0.4739134147382802,,,,Low,,102.0,1.5,0.4739134147382802,,,,,,,,
17,2025-12-28 00:00:00,8:20 PM,CHI,SF,Away,,8,False,False,True,False,False,False,,,,0.3690596562184025,,,,Low,,160.0,3.5,0.3690596562184025,,,,,,,,
17,2025-12-29 00:00:00,8:15 PM,LAR,ATL,Away,,11,False,False,True,False,False,False,,,,0.5996387718242023,,,,Low,,-166.0,-3.0,0.5996387718242023,,,,,,,,
18,2026-01-04 00:00:00,1:00 PM,NO,ATL,Away,,7,False,False,True,False,False,False,,,,,,,,Low,,,,,,,,,,,,
18,2026-01-04 00:00:00,1:00 PM,NYJ,BUF,Away,,7,False,False,True,False,False,False,,,,,,,,Low,,,,,,,,,,,,
18,2026-01-04 00:00:00,1:00 PM,DET,CHI,Away,,9,False,False,True,False,False,False,,,,,,,,Low,,,,,,,,,,,,
18,2026-01-04 00:00:00,1:00 PM,CLE,CIN,Away,,7,False,False,True,False,False,False,,,,,,,,Low,,,,,,,,,,,,
18,2026-01-04 00:00:00,1:00 PM,LAC,DEN,Away,,7,False,False,True,False,False,False,,,,,,,,Low,,,,,,,,,,,,
18,2026-01-04 00:00:00,1:00 PM,IND,HOU,Away,,7,False,False,True,False,False,False,,,,,,,,Low,,,,,,,,,,,,
18,2026-01-04 00:00:00,1:00 PM,TEN,JAX,Away,,7,False,False,True,False,False,False,,,,,,,,Low,,,,,,,,,,,,
18,2026-01-04 00:00:00,1:00 PM,GB,MIN,Away,,7,False,False,True,False,False,False,,,,,,,,Low,,,,,,,,,,,,
18,2026-01-04 00:00:00,1:00 PM,MIA,NE,Away,,7,False,False,True,False,False,False,,,,,,,,Low,,,,,,,,,,,,
18,2026-01-04 00:00:00,1:00 PM,DAL,NYG,Away,,10,False,False,True,False,False,False,,,,,,,,Low,,,,,,,,,,,,
18,2026-01-04 00:00:00,1:00 PM,WSH,PHI,Away,,10,False,False,True,False,False,False,,,,,,,,Low,,,,,,,,,,,,
18,2026-01-04 00:00:00,1:00 PM,BAL,PIT,Away,,7,False,False,True,False,False,False,,,,,,,,Low,,,,,,,,,,,,
18,2026-01-04 00:00:00,1:00 PM,KC,LV,Away,,9,False,False,True,False,False,False,,,,,,,,Low,,,,,,,,,,,,
18,2026-01-04 00:00:00,1:00 PM,ARI,LAR,Away,,7,False,False,True,False,False,False,,,,,,,,Low,,,,,,,,,,,,
18,2026-01-04 00:00:00,1:00 PM,SEA,SF,Away,,7,False,False,True,False,False,False,,,,,,,,Low,,,,,,,,,,,,
18,2026-01-04 00:00:00,1:00 PM,CAR,TB,Away,,7,False,False,True,False,False,False,,,,,,,,Low,,,,,,,,,,,,
